HIP,RA_Numpy,DEC_Numpy,RA_Astropy,DEC_Astropy,RA_Direct,DEC_Direct,RA_Percent_Diff_Numpy_Astropy,DEC_Percent_Diff_Numpy_Astropy,RA_Percent_Diff_Numpy_Direct,DEC_Percent_Diff_Numpy_Direct
5372.0,17.1997,86.2613,17.1997,86.2614,17.1862,86.2569,0.0001,0.0001,0.0784,0.005
4844.0,15.5812,51.0347,15.5811,51.0348,15.5767,51.035,0.0002,0.0002,0.0289,0.0006
4911.0,15.761,47.3757,15.761,47.3758,15.7562,47.3761,0.0002,0.0002,0.0302,0.0008
4903.0,15.7212,41.3504,15.7212,41.3504,15.7263,41.345,0.0002,0.0002,0.032,0.013
4889.0,15.702,31.8094,15.702,31.8095,15.7046,31.8044,0.0002,0.0003,0.0163,0.0157
4962.0,15.8947,61.0771,15.8947,61.0771,15.9042,61.075,0.0002,0.0001,0.0596,0.0034
4852.0,15.6083,-31.5516,15.6082,-31.5515,15.61,-31.5519,0.0002,-0.0003,0.0111,-0.0012
4906.0,15.7374,7.8908,15.7374,7.8909,15.7358,7.89,0.0002,0.0011,0.0102,0.0102
4914.0,15.7616,-4.8395,15.7615,-4.8394,15.7608,-4.8367,0.0002,-0.0017,0.0046,-0.059
5021.0,16.0921,61.583,16.0921,61.5831,16.0817,61.5803,0.0002,0.0001,0.0649,0.0045
4998.0,16.0091,52.504,16.009,52.5041,16.01,52.5022,0.0002,0.0002,0.0058,0.0034
4890.0,15.703,-46.3976,15.703,-46.3975,15.705,-46.3975,0.0002,-0.0002,0.0126,-0.0001
4932.0,15.8217,-29.523,15.8217,-29.5229,15.8233,-29.5258,0.0002,-0.0003,0.0101,-0.0095
5034.0,16.1147,29.6562,16.1147,29.6563,16.115,29.6586,0.0002,0.0003,0.0018,0.008
4879.0,15.6725,-65.4572,15.6725,-65.4571,15.6788,-65.4561,0.0002,-0.0001,0.0399,-0.0017
5045.0,16.1544,39.9916,16.1544,39.9917,16.1517,39.9911,0.0002,0.0002,0.0172,0.0012
5928.0,19.0591,87.1454,19.0591,87.1455,19.0562,87.1453,0.0002,0.0001,0.015,0.0001
5074.0,16.2208,5.6608,16.2208,5.6609,16.2192,5.6564,0.0002,0.0015,0.01,0.0783
5081.0,16.2696,14.9416,16.2695,14.9417,16.2725,14.9461,0.0002,0.0006,0.018,0.03
5186.0,16.5936,62.7621,16.5936,62.7622,16.595,62.7617,0.0002,0.0001,0.0085,0.0007
5131.0,16.4179,21.4698,16.4179,21.4699,16.4204,21.4733,0.0002,0.0004,0.0151,0.0164
5132.0,16.426,21.4693,16.426,21.4693,16.4237,21.4653,0.0002,0.0004,0.0136,0.0185
5141.0,16.455,4.9137,16.455,4.9137,16.455,4.9083,0.0002,0.0017,0.0003,0.1085
5144.0,16.4657,4.9125,16.4657,4.9126,16.4642,4.9094,0.0002,0.0017,0.0093,0.0631
5121.0,16.4029,-9.981,16.4028,-9.9809,16.4033,-9.9792,0.0002,-0.0008,0.0029,-0.0186
5240.0,16.7419,56.9375,16.7419,56.9376,16.7508,56.935,0.0002,0.0001,0.0533,0.0044
5164.0,16.5202,-9.84,16.5202,-9.8399,16.5213,-9.8394,0.0002,-0.0009,0.0064,-0.0058
5251.0,16.7902,53.4994,16.7902,53.4994,16.7896,53.4983,0.0002,0.0002,0.0039,0.0019
5204.0,16.6404,12.954,16.6404,12.9541,16.64,12.9561,0.0002,0.0006,0.0026,0.0165
5170.0,16.5309,-23.9932,16.5309,-23.9931,16.5321,-23.9925,0.0002,-0.0003,0.0071,-0.0029
5336.0,16.9807,54.9452,16.9807,54.9453,17.0683,54.9203,0.0002,0.0002,0.5146,0.0454
5165.0,16.5187,-46.7168,16.5187,-46.7168,16.5208,-46.7186,0.0002,-0.0002,0.0128,-0.0038
5193.0,16.6098,-35.6598,16.6097,-35.6597,16.6104,-35.6608,0.0002,-0.0002,0.0039,-0.003
5317.0,16.999,43.9404,16.999,43.9405,17.0038,43.9419,0.0002,0.0002,0.0279,0.0034
5259.0,16.8033,-23.9953,16.8033,-23.9952,16.8046,-23.9964,0.0002,-0.0003,0.0077,-0.0047
5361.0,17.1422,58.2665,17.1421,58.2666,17.1387,58.2636,0.0002,0.0001,0.0199,0.005
5310.0,16.9907,20.7448,16.9907,20.7449,16.9883,20.7392,0.0002,0.0004,0.0142,0.0272
5296.0,16.9394,-9.7907,16.9393,-9.7906,16.9425,-9.7856,0.0002,-0.0009,0.0186,-0.0522
5346.0,17.0956,5.6565,17.0955,5.6566,17.0925,5.6497,0.0002,0.0015,0.0179,0.1206
5300.0,16.9492,-41.4914,16.9492,-41.4913,16.9496,-41.4869,0.0002,-0.0002,0.0023,-0.0106
5268.0,16.8283,-61.7768,16.8282,-61.7767,16.8279,-61.7753,0.0002,-0.0001,0.002,-0.0024
5626.0,18.088,79.6719,18.088,79.672,18.0696,79.6739,0.0001,0.0001,0.1021,0.0025
5364.0,17.1439,-10.1831,17.1439,-10.183,17.1475,-10.1822,0.0002,-0.0008,0.021,-0.0086
5434.0,17.3722,47.2402,17.3722,47.2403,17.3758,47.2419,0.0002,0.0002,0.0208,0.0036
5518.0,17.667,68.7764,17.667,68.7765,17.6638,68.7786,0.0002,0.0001,0.0187,0.0033
5447.0,17.425,35.6238,17.425,35.6239,17.4329,35.6206,0.0002,0.0002,0.0452,0.0092
5348.0,17.0999,-55.25,17.0998,-55.2499,17.0962,-55.2458,0.0002,-0.0002,0.0211,-0.0075
5454.0,17.4524,19.6605,17.4524,19.6605,17.455,19.6586,0.0002,0.0004,0.0148,0.0094
5493.0,17.5747,42.0847,17.5746,42.0848,17.5783,42.0814,0.0002,0.0002,0.0208,0.0079
5494.0,17.5834,25.455,17.5834,25.4551,17.5808,25.4578,0.0002,0.0003,0.0149,0.0109
5566.0,17.8459,64.2077,17.8459,64.2078,17.8567,64.2028,0.0002,0.0001,0.0603,0.0076
5542.0,17.7695,55.1538,17.7695,55.1539,17.7758,55.1497,0.0002,0.0002,0.0355,0.0074
5483.0,17.5456,15.6707,17.5455,15.6707,17.5479,15.6742,0.0002,0.0005,0.0133,0.0224
5589.0,17.9235,65.0175,17.9235,65.0176,17.9225,65.0189,0.0002,0.0001,0.0058,0.0021
5485.0,17.5475,-8.9099,17.5475,-8.9098,17.55,-8.9061,0.0002,-0.0009,0.0143,-0.0427
5510.0,17.6408,2.4444,17.6408,2.4445,17.64,2.4456,0.0002,0.0034,0.0047,0.0474
5550.0,17.7982,37.7264,17.7982,37.7264,17.7929,37.7242,0.0002,0.0002,0.0298,0.0058
5544.0,17.7762,31.4242,17.7762,31.4243,17.7783,31.4247,0.0002,0.0003,0.0121,0.0018
5477.0,17.5277,-57.691,17.5277,-57.6909,17.5308,-57.6944,0.0002,-0.0001,0.0177,-0.006
5571.0,17.8627,21.0387,17.8627,21.0388,17.8633,21.0347,0.0002,0.0004,0.0033,0.0191
5586.0,17.9116,30.088,17.9116,30.0881,17.915,30.0897,0.0002,0.0003,0.0188,0.0057
5594.0,17.9318,-2.2485,17.9318,-2.2484,17.9312,-2.2511,0.0002,-0.0037,0.0031,-0.1178
5688.0,18.2824,61.7035,18.2823,61.7035,18.2913,61.7058,0.0002,0.0001,0.0487,0.0039
5650.0,18.1424,45.3421,18.1423,45.3422,18.1417,45.3378,0.0002,0.0002,0.0039,0.0095
5679.0,18.2509,30.0597,18.2508,30.0597,18.2479,30.0642,0.0002,0.0003,0.0161,0.015
5947.0,19.1328,79.9057,19.1328,79.9058,19.1279,79.91,0.0001,0.0001,0.0254,0.0054
5636.0,18.0959,-30.8005,18.0959,-30.8004,18.0975,-30.8022,0.0002,-0.0003,0.0088,-0.0057
5661.0,18.1891,-37.8608,18.189,-37.8607,18.1892,-37.8564,0.0002,-0.0002,0.0005,-0.0116
5742.0,18.4348,24.5827,18.4347,24.5828,18.4371,24.5836,0.0002,0.0003,0.0126,0.0036
5737.0,18.4297,7.5746,18.4297,7.5747,18.4329,7.5753,0.0002,0.0011,0.0173,0.0089
5743.0,18.437,7.5836,18.4369,7.5837,18.4388,7.5783,0.0002,0.0011,0.0096,0.0698
5772.0,18.5222,28.5273,18.5222,28.5274,18.5208,28.5297,0.0002,0.0003,0.0075,0.0085
5778.0,18.5289,16.1332,18.5289,16.1332,18.5317,16.1336,0.0002,0.0005,0.0148,0.0028
5926.0,19.0456,71.7475,19.0456,71.7476,19.0504,71.7439,0.0001,0.0001,0.0252,0.0051
5799.0,18.5991,-7.9238,18.5991,-7.9237,18.6,-7.9231,0.0002,-0.0011,0.0046,-0.0096
5824.0,18.6773,6.9998,18.6773,6.9998,18.6767,6.9953,0.0002,0.0012,0.0034,0.064
5939.0,19.107,48.0825,19.107,48.0826,19.1021,48.0822,0.0002,0.0002,0.0257,0.0006
5862.0,18.7842,-45.5333,18.7842,-45.5332,18.7962,-45.5314,0.0002,-0.0002,0.0641,-0.0042
5936.0,19.0742,33.1129,19.0741,33.113,19.0783,33.1147,0.0002,0.0003,0.0219,0.0054
5993.0,19.2776,44.9039,19.2775,44.9039,19.2712,44.9019,0.0002,0.0002,0.0328,0.0043
5951.0,19.1543,-2.4952,19.1542,-2.4951,19.1512,-2.5003,0.0002,-0.0034,0.0157,-0.2036
6025.0,19.3527,31.7473,19.3527,31.7474,19.3504,31.7447,0.0002,0.0003,0.012,0.008
6261.0,20.1018,77.5711,20.1018,77.5712,20.0812,77.5706,0.0001,0.0001,0.1024,0.0007
6087.0,19.5388,47.4188,19.5388,47.4189,19.5425,47.4197,0.0001,0.0002,0.019,0.0019
5896.0,18.9301,-68.8738,18.9301,-68.8737,18.9421,-68.8761,0.0002,-0.0001,0.0631,-0.0034
6061.0,19.447,3.6105,19.4469,3.6106,19.45,3.6144,0.0002,0.0023,0.0155,0.1087
6140.0,19.6951,37.383,19.6951,37.3831,19.6958,37.3861,0.0002,0.0002,0.0037,0.0083
5992.0,19.2687,-66.3972,19.2687,-66.3971,19.265,-66.3981,0.0002,-0.0001,0.0194,-0.0013
6378.0,20.4781,76.2416,20.4781,76.2417,20.4963,76.2389,0.0,0.0001,0.0887,0.0036
6242.0,20.0275,58.2312,20.0275,58.2313,20.0204,58.2317,0.0001,0.0001,0.0354,0.0008
6193.0,19.8695,27.266,19.8695,27.2661,19.8667,27.2642,0.0002,0.0003,0.0145,0.0067
6312.0,20.274,64.6591,20.274,64.6592,20.2717,64.6583,0.0001,0.0001,0.0117,0.0011
6522.0,20.943,78.7287,20.943,78.7288,20.945,78.7258,0.0,0.0001,0.0095,0.0036
6283.0,20.1467,-3.2445,20.1467,-3.2444,20.1437,-3.2469,0.0002,-0.0026,0.0146,-0.0764
6272.0,20.1168,-11.2418,20.1168,-11.2417,20.1158,-11.2389,0.0002,-0.0007,0.0049,-0.026
6315.0,20.2771,28.7408,20.2771,28.7409,20.2808,28.7381,0.0001,0.0003,0.0184,0.0097
6411.0,20.581,45.5327,20.5809,45.5328,20.585,45.5289,0.0001,0.0002,0.0196,0.0083
6486.0,20.8262,58.1411,20.8262,58.1411,20.84,58.1431,0.0001,0.0001,0.0663,0.0034
6432.0,20.6535,1.7307,20.6535,1.7308,20.6542,1.7264,0.0002,0.0048,0.0033,0.2496
6427.0,20.6311,-19.0772,20.631,-19.0771,20.6271,-19.0814,0.0002,-0.0004,0.0194,-0.0222
6514.0,20.913,37.7129,20.9129,37.713,20.9192,37.715,0.0001,0.0002,0.0297,0.0055
6512.0,20.9018,34.2404,20.9018,34.2404,20.9062,34.2458,0.0001,0.0002,0.0211,0.016
6492.0,20.8501,20.4666,20.8501,20.4667,20.8537,20.4689,0.0001,0.0004,0.0176,0.0112
6685.0,21.4462,70.9835,21.4462,70.9836,21.4438,70.98,0.0001,0.0001,0.0116,0.0049
6692.0,21.4857,68.1258,21.4857,68.1259,21.4833,68.13,0.0001,0.0001,0.0112,0.0062
6502.0,20.8793,-30.9453,20.8793,-30.9452,20.8792,-30.9456,0.0002,-0.0003,0.0008,-0.0009
6686.0,21.4543,60.2371,21.4543,60.2372,21.4542,60.2353,0.0001,0.0001,0.0007,0.0031
6564.0,21.0841,-6.9151,21.084,-6.915,21.0858,-6.9147,0.0002,-0.0012,0.0084,-0.0048
6589.0,21.1645,-15.6608,21.1645,-15.6608,21.1658,-15.6603,0.0002,-0.0005,0.0062,-0.0036
6605.0,21.2032,-2.8477,21.2032,-2.8476,21.2029,-2.8486,0.0002,-0.0029,0.0014,-0.031
6669.0,21.4005,23.5142,21.4005,23.5143,21.3988,23.5117,0.0001,0.0004,0.0082,0.0107
6592.0,21.1681,-41.4926,21.1681,-41.4925,21.17,-41.4925,0.0002,-0.0002,0.009,-0.0001
6711.0,21.5744,43.4592,21.5744,43.4593,21.5775,43.4578,0.0001,0.0002,0.0143,0.0032
6702.0,21.536,34.5774,21.5359,34.5775,21.5363,34.5797,0.0001,0.0002,0.0013,0.0068
6595.0,21.1769,-44.5325,21.1768,-44.5324,21.1746,-44.5283,0.0002,-0.0002,0.0109,-0.0094
6670.0,21.4012,-14.6024,21.4012,-14.6023,21.405,-14.5989,0.0002,-0.0006,0.0175,-0.0237
6706.0,21.5624,19.1694,21.5624,19.1695,21.5638,19.1722,0.0001,0.0004,0.0063,0.0147
6732.0,21.6715,19.2416,21.6715,19.2417,21.6737,19.2403,0.0001,0.0004,0.0104,0.0068
6776.0,21.7692,34.3754,21.7692,34.3755,21.7758,34.3775,0.0001,0.0002,0.0304,0.0062
6813.0,21.905,45.4055,21.905,45.4056,21.9142,45.4067,0.0001,0.0002,0.0419,0.0025
6794.0,21.8614,41.103,21.8613,41.103,21.8608,41.1006,0.0001,0.0002,0.0025,0.0058
6751.0,21.7228,3.5403,21.7228,3.5404,21.7229,3.5353,0.0001,0.0024,0.0006,0.1413
6631.0,21.2751,-64.3676,21.275,-64.3675,21.2721,-64.3694,0.0002,-0.0001,0.0141,-0.0029
6748.0,21.7139,-13.0562,21.7139,-13.0561,21.715,-13.0567,0.0002,-0.0006,0.005,-0.0037
6823.0,21.9428,40.3349,21.9428,40.335,21.9458,40.3356,0.0001,0.0002,0.0137,0.0016
6759.0,21.7408,-32.5423,21.7408,-32.5422,21.7421,-32.5431,0.0002,-0.0003,0.0059,-0.0023
11767.0,37.8718,89.263,37.8741,89.263,37.9529,89.2642,0.0061,0.0001,0.214,0.0013
6822.0,21.9405,-10.9008,21.9404,-10.9007,21.9442,-10.9017,0.0002,-0.0008,0.0168,-0.0077
6868.0,22.0948,7.9584,22.0948,7.9585,22.0954,7.9614,0.0001,0.001,0.0027,0.0372
7078.0,22.7874,70.2615,22.7874,70.2616,22.8075,70.2647,0.0,0.0001,0.088,0.0045
7050.0,22.7236,66.0957,22.7235,66.0958,22.7179,66.0981,0.0001,0.0001,0.0248,0.0036
6867.0,22.0924,-43.315,22.0923,-43.3149,22.0913,-43.3183,0.0002,-0.0002,0.005,-0.0077
6888.0,22.1784,-33.7621,22.1784,-33.762,22.1804,-33.7636,0.0002,-0.0002,0.009,-0.0044
6981.0,22.4666,18.3574,22.4666,18.3575,22.4704,18.3556,0.0001,0.0005,0.0168,0.01
6960.0,22.4021,-21.6279,22.402,-21.6278,22.4004,-21.6294,0.0002,-0.0004,0.0074,-0.0074
7007.0,22.5409,6.1478,22.5409,6.1479,22.5462,6.1439,0.0001,0.0014,0.0236,0.0638
6952.0,22.3733,-46.7545,22.3732,-46.7544,22.3767,-46.7564,0.0002,-0.0002,0.0152,-0.0041
7016.0,22.5994,-26.2079,22.5993,-26.2079,22.5954,-26.2078,0.0002,-0.0003,0.0175,-0.0006
7097.0,22.8713,15.3441,22.8713,15.3442,22.8708,15.3458,0.0001,0.0005,0.002,0.0114
7251.0,23.367,58.3315,23.367,58.3315,23.3575,58.3275,0.0001,0.0001,0.0405,0.0068
7083.0,22.8081,-49.071,22.8081,-49.0709,22.8129,-49.0728,0.0002,-0.0002,0.021,-0.0037
7294.0,23.4799,59.234,23.4799,59.2341,23.4829,59.2319,0.0001,0.0001,0.0128,0.0035
7115.0,22.9155,-45.5776,22.9154,-45.5775,22.9129,-45.5756,0.0002,-0.0002,0.0112,-0.0046
7213.0,23.2384,-36.8681,23.2384,-36.868,23.2333,-36.8653,0.0002,-0.0002,0.0219,-0.0076
7321.0,23.5745,37.2391,23.5745,37.2392,23.5692,37.2372,0.0001,0.0002,0.0228,0.0051
7189.0,23.1487,-49.7265,23.1487,-49.7264,23.1512,-49.7278,0.0002,-0.0002,0.011,-0.0026
7276.0,23.4264,-7.0225,23.4263,-7.0224,23.4288,-7.0253,0.0001,-0.0012,0.0102,-0.0394
7557.0,24.3578,74.299,24.3578,74.2991,24.3438,74.3008,0.0,0.0001,0.0576,0.0025
7359.0,23.7079,18.4639,23.7078,18.4639,23.7046,18.4606,0.0001,0.0005,0.0138,0.0179
7345.0,23.6551,-15.676,23.6551,-15.6759,23.6575,-15.6761,0.0002,-0.0005,0.0102,-0.0006
7444.0,23.9645,41.0786,23.9645,41.0787,23.9688,41.0764,0.0001,0.0002,0.0178,0.0054
7361.0,23.7122,-31.8914,23.7121,-31.8914,23.7112,-31.8922,0.0002,-0.0003,0.0039,-0.0024
7493.0,24.1143,48.7255,24.1143,48.7256,24.1133,48.7228,0.0001,0.0002,0.004,0.0056
7436.0,23.9419,14.6591,23.9419,14.6592,23.9433,14.6614,0.0001,0.0006,0.0059,0.0157
7650.0,24.6279,73.0439,24.6279,73.044,24.6288,73.04,0.0,0.0001,0.0035,0.0054
7447.0,23.9787,17.4347,23.9786,17.4348,23.9783,17.4336,0.0001,0.0005,0.0014,0.0065
7513.0,24.1998,41.4116,24.1998,41.4117,24.1992,41.4056,0.0001,0.0002,0.0026,0.0145
7450.0,23.9942,-15.4011,23.9942,-15.401,23.9958,-15.4003,0.0001,-0.0005,0.0067,-0.0053
7387.0,23.8093,-58.1399,23.8093,-58.1399,23.8133,-58.1394,0.0002,-0.0001,0.0168,-0.0008
7617.0,24.5365,57.9803,24.5365,57.9804,24.5317,57.9775,0.0001,0.0001,0.0198,0.0048
7463.0,24.0345,-29.9091,24.0344,-29.909,24.035,-29.9075,0.0002,-0.0003,0.0022,-0.0053
7535.0,24.2768,12.1379,24.2768,12.138,24.2746,12.1417,0.0001,0.0007,0.0091,0.0307
7607.0,24.4915,48.6287,24.4915,48.6287,24.4983,48.6283,0.0001,0.0002,0.0277,0.0007
7580.0,24.4059,-9.404,24.4058,-9.4039,24.4071,-9.4039,0.0001,-0.0009,0.005,-0.0011
7271.0,23.4154,-78.4984,23.4154,-78.4983,23.4133,-78.5047,0.0003,-0.0001,0.009,-0.008
7506.0,24.1834,-58.2733,24.1834,-58.2732,24.1867,-58.2708,0.0002,-0.0001,0.0134,-0.0042
7719.0,24.8431,44.3863,24.8431,44.3864,24.8375,44.3861,0.0001,0.0002,0.0226,0.0004
7786.0,25.0478,53.8661,25.0478,53.8661,25.0546,53.8683,0.0001,0.0002,0.027,0.0042
7643.0,24.611,-36.5254,24.6109,-36.5253,24.6142,-36.5283,0.0002,-0.0002,0.013,-0.0081
7588.0,24.431,-57.2385,24.4309,-57.2384,24.4288,-57.2367,0.0002,-0.0001,0.0091,-0.0032
7679.0,24.7087,-21.278,24.7087,-21.2779,24.7158,-21.2753,0.0002,-0.0004,0.0287,-0.0128
7676.0,24.7034,-25.0233,24.7034,-25.0233,24.7083,-25.0219,0.0002,-0.0003,0.0199,-0.0056
7740.0,24.9163,16.4068,24.9163,16.4069,24.92,16.4058,0.0001,0.0005,0.0148,0.0062
7825.0,25.1586,43.3002,25.1586,43.3003,25.1658,43.2978,0.0001,0.0002,0.0286,0.0056
7818.0,25.1401,40.577,25.14,40.5771,25.145,40.5769,0.0001,0.0002,0.0196,0.0002
7965.0,25.5854,68.0412,25.5854,68.0412,25.5854,68.0431,0.0,0.0001,0.0001,0.0028
7673.0,24.7011,-53.4352,24.7011,-53.4351,24.7008,-53.4389,0.0002,-0.0002,0.0012,-0.0069
8016.0,25.7185,70.6232,25.7185,70.6233,25.7329,70.6225,0.0,0.0001,0.0559,0.001
7939.0,25.5099,61.0421,25.5098,61.0422,25.5125,61.0383,0.0,0.0001,0.0104,0.0062
7963.0,25.5665,58.63,25.5665,58.6301,25.5742,58.6278,0.0,0.0001,0.0301,0.0038
7918.0,25.427,42.6162,25.427,42.6163,25.4467,42.6136,0.0001,0.0002,0.0772,0.006
7874.0,25.3267,25.7451,25.3266,25.7452,25.3267,25.7458,0.0001,0.0003,0.0,0.0027
7906.0,25.412,30.0447,25.412,30.0448,25.4133,30.0472,0.0001,0.0003,0.0053,0.0083
7751.0,24.9455,-56.1994,24.9455,-56.1994,24.9475,-56.1981,0.0002,-0.0001,0.0079,-0.0025
,24.9455,-56.1994,24.9455,-56.1994,24.9492,-56.1947,0.0002,-0.0001,0.0146,-0.0084
8020.0,25.7508,61.4166,25.7508,61.4167,25.7433,61.4217,0.0,0.0001,0.0288,0.0082
7884.0,25.3578,5.4834,25.3578,5.4834,25.3579,5.4875,0.0001,0.0015,0.0004,0.0756
7943.0,25.5108,35.2463,25.5108,35.2464,25.5146,35.2456,0.0001,0.0002,0.0148,0.0021
8046.0,25.8299,60.5516,25.8299,60.5517,25.8321,60.5511,0.0,0.0001,0.0083,0.0009
7916.0,25.4359,-11.319,25.4359,-11.3189,25.4362,-11.3247,0.0001,-0.0007,0.0013,-0.0506
7981.0,25.6291,20.2745,25.6291,20.2746,25.6242,20.2686,0.0001,0.0004,0.0194,0.0291
7886.0,25.3598,-38.1332,25.3597,-38.1331,25.3638,-38.1331,0.0002,-0.0002,0.0157,-0.0003
8044.0,25.8173,45.3267,25.8173,45.3267,25.8188,45.3222,0.0001,0.0002,0.0055,0.0098
8068.0,25.9081,50.6896,25.9081,50.6897,25.915,50.6886,0.0001,0.0002,0.0267,0.002
7955.0,25.5335,-32.3263,25.5335,-32.3263,25.5358,-32.3269,0.0002,-0.0003,0.0091,-0.0019
7941.0,25.5092,-36.8293,25.5092,-36.8293,25.5125,-36.8325,0.0002,-0.0002,0.0129,-0.0086
8115.0,26.0677,57.5348,26.0677,57.5349,26.0746,57.5364,0.0,0.0001,0.0264,0.0027
7999.0,25.6826,-3.6879,25.6826,-3.6878,25.6812,-3.6903,0.0001,-0.0022,0.0054,-0.0655
7911.0,25.4264,-50.0402,25.4264,-50.0401,25.4212,-50.0389,0.0002,-0.0002,0.0203,-0.0026
8148.0,26.1972,57.0911,26.1972,57.0911,26.1921,57.0892,0.0,0.0001,0.0195,0.0033
8086.0,25.962,32.194,25.962,32.1941,25.9583,32.1917,0.0001,0.0003,0.0141,0.0074
8127.0,26.1105,46.1419,26.1105,46.1419,26.1104,46.1397,0.0001,0.0002,0.0004,0.0046
7921.0,25.4518,-60.7934,25.4517,-60.7934,25.45,-60.7894,0.0002,-0.0001,0.0071,-0.0066
7978.0,25.6199,-53.7409,25.6198,-53.7408,25.6221,-53.7406,0.0002,-0.0002,0.0086,-0.0006
8094.0,25.9823,-4.7617,25.9823,-4.7616,25.9783,-4.7656,0.0001,-0.0017,0.0155,-0.0818
8159.0,26.2326,20.0866,26.2325,20.0867,26.2325,20.0831,0.0001,0.0004,0.0003,0.0176
8102.0,26.0429,-15.9488,26.0428,-15.9488,26.0171,-15.9375,0.0001,-0.0005,0.099,-0.0711
8198.0,26.3496,9.1561,26.3495,9.1562,26.3483,9.1578,0.0001,0.0009,0.0047,0.0178
8362.0,26.9217,63.8582,26.9217,63.8583,26.9367,63.8522,0.0,0.0001,0.0555,0.0094
7601.0,24.4724,-82.9742,24.4723,-82.9741,24.4817,-82.975,0.0005,-0.0001,0.0377,-0.001
8209.0,26.4107,-25.0506,26.4107,-25.0505,26.4117,-25.0525,0.0001,-0.0003,0.0035,-0.0077
8271.0,26.6483,17.4166,26.6483,17.4167,26.6471,17.4131,0.0001,0.0005,0.0045,0.0203
7879.0,25.3218,-79.152,25.3217,-79.1519,25.3387,-79.1483,0.0004,-0.0001,0.0667,-0.0047
8233.0,26.5069,-27.3482,26.5069,-27.3481,26.5042,-27.3492,0.0002,-0.0003,0.0104,-0.0035
8370.0,26.9504,46.2269,26.9504,46.227,26.95,46.2297,0.0001,0.0002,0.0016,0.0061
8240.0,26.5235,-50.8118,26.5235,-50.8117,26.5242,-50.8164,0.0002,-0.0002,0.0024,-0.009
8241.0,26.5207,-53.5198,26.5207,-53.5197,26.5262,-53.5219,0.0002,-0.0002,0.0209,-0.004
8423.0,27.1618,37.955,27.1618,37.9551,27.1621,37.9528,0.0001,0.0002,0.0009,0.0059
8387.0,27.0445,16.9531,27.0445,16.9532,27.0454,16.9556,0.0001,0.0005,0.0034,0.0146
8433.0,27.1732,32.6819,27.1732,32.682,27.1733,32.6903,0.0001,0.0003,0.0003,0.0256
8320.0,26.8222,-41.7646,26.8222,-41.7645,26.82,-41.76,0.0002,-0.0002,0.0083,-0.0109
7568.0,24.3608,-84.7679,24.3607,-84.7678,24.3667,-84.7697,0.0006,-0.0001,0.024,-0.0022
8475.0,27.3163,47.8938,27.3163,47.8939,27.3154,47.8969,0.0001,0.0002,0.0033,0.0065
8404.0,27.1081,3.6905,27.108,3.6906,27.1083,3.6856,0.0001,0.0022,0.0009,0.1342
8369.0,26.944,-37.1572,26.944,-37.1571,26.9492,-37.1597,0.0002,-0.0002,0.019,-0.0068
8544.0,27.5363,22.2733,27.5363,22.2734,27.5354,22.2753,0.0001,0.0004,0.0034,0.009
8497.0,27.3948,-10.6872,27.3948,-10.6871,27.3962,-10.6864,0.0001,-0.0008,0.0053,-0.0076
8480.0,27.3273,-31.0714,27.3272,-31.0713,27.3312,-31.0728,0.0002,-0.0003,0.0146,-0.0044
8704.0,27.9926,55.1532,27.9926,55.1533,27.9971,55.1475,0.0,0.0001,0.016,0.0104
8588.0,27.7136,11.0411,27.7135,11.0412,27.7167,11.0433,0.0001,0.0007,0.0112,0.0198
8514.0,27.4562,-38.4086,27.4561,-38.4085,27.4533,-38.4039,0.0002,-0.0002,0.0104,-0.0122
8714.0,28.0439,50.7932,28.0439,50.7933,28.0392,50.7928,0.0,0.0002,0.017,0.0009
8552.0,27.5861,-47.8185,27.5861,-47.8184,27.5842,-47.8164,0.0002,-0.0002,0.0071,-0.0045
8771.0,28.2149,51.4774,28.2148,51.4775,28.2117,51.4747,0.0,0.0002,0.0113,0.0052
8645.0,27.8633,-10.3361,27.8632,-10.336,27.865,-10.335,0.0001,-0.0008,0.0062,-0.0108
8847.0,28.452,55.5938,28.452,55.5939,28.4521,55.5981,0.0,0.0001,0.0001,0.0076
8593.0,27.724,-50.2039,27.724,-50.2038,27.7271,-50.2061,0.0002,-0.0002,0.011,-0.0044
8886.0,28.5896,63.6746,28.5896,63.6747,28.5988,63.67,0.0,0.0001,0.0321,0.0072
8814.0,28.3223,40.7295,28.3222,40.7295,28.3221,40.7297,0.0001,0.0002,0.0006,0.0007
8796.0,28.2699,29.5845,28.2699,29.5846,28.2704,29.5789,0.0001,0.0003,0.0019,0.019
,28.3843,19.294,28.3843,19.2941,28.3825,19.2958,0.0001,0.0004,0.0063,0.0095
8832.0,28.3843,19.294,28.3843,19.2941,28.3825,19.2936,0.0001,0.0004,0.0063,0.002
8778.0,28.2132,-16.9326,28.2132,-16.9325,28.2171,-16.9292,0.0001,-0.0005,0.0137,-0.0202
8833.0,28.3911,3.1894,28.391,3.1895,28.3888,3.1875,0.0001,0.0026,0.0082,0.0591
8366.0,26.9658,-80.1705,26.9656,-80.1705,26.9438,-80.1767,0.0004,-0.0001,0.0816,-0.0077
8922.0,28.7211,40.7009,28.7211,40.701,28.7242,40.7019,0.0001,0.0002,0.0107,0.0026
8930.0,28.739,37.1314,28.739,37.1315,28.7396,37.1283,0.0001,0.0002,0.0021,0.0084
8903.0,28.6568,20.8108,28.6568,20.8108,28.66,20.8081,0.0001,0.0004,0.0112,0.013
8820.0,28.3401,-38.5926,28.3401,-38.5925,28.3467,-38.5947,0.0002,-0.0002,0.0231,-0.0056
8837.0,28.4132,-46.3044,28.4132,-46.3043,28.4117,-46.3025,0.0002,-0.0002,0.0054,-0.0041
9001.0,28.9799,37.2752,28.9799,37.2753,28.9767,37.2778,0.0001,0.0002,0.0111,0.0069
9021.0,29.0318,37.2532,29.0318,37.2533,29.0388,37.2517,0.0001,0.0002,0.0239,0.0042
8882.0,28.5973,-42.4991,28.5973,-42.499,28.5917,-42.4969,0.0002,-0.0002,0.0197,-0.005
8993.0,28.961,23.581,28.9609,23.5811,28.9625,23.5772,0.0001,0.0003,0.0053,0.0162
8998.0,28.9731,1.8443,28.9731,1.8444,28.9742,1.8497,0.0001,0.0044,0.0035,0.2917
9220.0,29.6436,61.7018,29.6436,61.7019,29.6388,61.6981,0.0,0.0001,0.0162,0.006
9158.0,29.4852,41.6941,29.4852,41.6941,29.485,41.6944,0.0001,0.0002,0.0007,0.0009
9110.0,29.3329,17.816,29.3329,17.8161,29.3379,17.8175,0.0001,0.0005,0.0171,0.0083
9132.0,29.4312,27.8032,29.4312,27.8033,29.4325,27.8044,0.0001,0.0003,0.0044,0.0043
9061.0,29.1625,-22.5281,29.1624,-22.5281,29.1675,-22.5269,0.0001,-0.0004,0.0173,-0.0053
9007.0,28.9746,-51.6099,28.9746,-51.6098,28.9896,-51.6089,0.0002,-0.0002,0.0516,-0.002
9312.0,29.9103,64.6202,29.9103,64.6203,29.9083,64.6214,0.0,0.0001,0.0067,0.0018
9222.0,29.6412,49.2058,29.6412,49.2059,29.64,49.2042,0.0,0.0002,0.004,0.0034
9153.0,29.4798,23.5926,29.4798,23.5927,29.4821,23.5961,0.0001,0.0003,0.0077,0.0149
8928.0,28.732,-67.6536,28.7319,-67.6535,28.7337,-67.6472,0.0003,-0.0001,0.0063,-0.0094
8983.0,28.9485,-60.8656,28.9484,-60.8655,28.9433,-60.8614,0.0002,-0.0001,0.0177,-0.0069
9568.0,30.7505,77.9165,30.7505,77.9165,30.7383,77.9164,0.0002,0.0001,0.0394,0.0001
9085.0,29.2414,-51.7652,29.2414,-51.7651,29.2504,-51.7661,0.0002,-0.0002,0.0307,-0.0018
9095.0,29.2912,-47.3841,29.2911,-47.384,29.2917,-47.385,0.0002,-0.0002,0.0016,-0.002
9480.0,30.5038,70.9085,30.5038,70.9086,30.4892,70.9069,0.0001,0.0001,0.0478,0.0022
9307.0,29.8945,21.0581,29.8945,21.0582,29.8988,21.0583,0.0001,0.0004,0.0143,0.0011
9295.0,29.8568,12.2995,29.8568,12.2996,29.8579,12.2947,0.0001,0.0007,0.0036,0.0391
9586.0,30.7942,73.8487,30.7942,73.8488,30.7937,73.8506,0.0001,0.0001,0.0013,0.0025
9598.0,30.8699,72.4153,30.8699,72.4154,30.8587,72.4214,0.0001,0.0001,0.0361,0.0084
9727.0,31.2649,77.2778,31.265,77.2778,31.2808,77.2814,0.0002,0.0001,0.0509,0.0047
9326.0,29.9399,-20.827,29.9399,-20.8269,29.9421,-20.8244,0.0001,-0.0004,0.0071,-0.0124
9149.0,29.476,-65.4207,29.4759,-65.4206,29.4733,-65.4247,0.0002,-0.0001,0.0091,-0.0061
9564.0,30.7228,64.8977,30.7228,64.8978,30.7196,64.9014,0.0,0.0001,0.0105,0.0056
9313.0,29.9155,-42.0329,29.9154,-42.0328,29.9117,-42.0306,0.0002,-0.0002,0.0128,-0.0055
9573.0,30.7527,64.395,30.7527,64.3951,30.7512,64.39,0.0,0.0001,0.0047,0.0078
9505.0,30.5746,54.4842,30.5745,54.4843,30.5754,54.4875,0.0,0.0001,0.0028,0.006
9236.0,29.6878,-61.5711,29.6878,-61.571,29.6925,-61.5697,0.0002,-0.0001,0.0157,-0.0022
9763.0,31.4025,76.1183,31.4026,76.1184,31.38,76.115,0.0002,0.0001,0.0718,0.0043
8991.0,28.9708,-78.3515,28.9707,-78.3514,28.9604,-78.3483,0.0004,-0.0001,0.0358,-0.004
9487.0,30.5111,2.7636,30.511,2.7637,30.5117,2.7636,0.0001,0.0029,0.0019,0.0009
,30.5111,2.7636,30.511,2.7637,30.5117,2.7636,0.0001,0.0029,0.0019,0.0009
10054.0,32.3418,81.2953,32.342,81.2954,32.3554,81.2958,0.0004,0.0001,0.042,0.0007
9690.0,31.1589,65.1048,31.1589,65.1049,31.1671,65.1033,0.0,0.0001,0.0262,0.0023
9570.0,30.7366,33.2812,30.7366,33.2813,30.7417,33.2839,0.0001,0.0002,0.0164,0.0081
9318.0,29.9191,-66.0615,29.919,-66.0614,29.9212,-66.0664,0.0003,-0.0001,0.0073,-0.0074
9533.0,30.6452,13.4736,30.6452,13.4737,30.6467,13.4767,0.0001,0.0006,0.0048,0.0225
9459.0,30.4303,-44.7168,30.4303,-44.7167,30.4267,-44.7136,0.0002,-0.0002,0.012,-0.007
9640.0,30.9688,42.33,30.9688,42.3301,30.975,42.3297,0.0,0.0002,0.02,0.0006
,30.9811,42.3272,30.9811,42.3273,30.9779,42.3308,0.0,0.0002,0.0102,0.0086
9621.0,30.9097,25.9377,30.9097,25.9378,30.9137,25.9356,0.0001,0.0003,0.0131,0.0083
9521.0,30.6182,-29.6645,30.6181,-29.6644,30.6171,-29.665,0.0001,-0.0003,0.0035,-0.0016
9572.0,30.7481,-15.3045,30.7481,-15.3044,30.7442,-15.3058,0.0001,-0.0005,0.013,-0.0086
9627.0,30.9255,18.2579,30.9255,18.258,30.9275,18.2533,0.0001,0.0004,0.0065,0.0249
9622.0,30.9201,-4.0979,30.92,-4.0978,30.9187,-4.1036,0.0001,-0.002,0.0042,-0.1403
9677.0,31.1204,-29.2974,31.1204,-29.2974,31.1225,-29.2969,0.0001,-0.0003,0.0068,-0.0017
9836.0,31.6403,22.644,31.6403,22.6441,31.6412,22.6483,0.0001,0.0004,0.0029,0.0192
9809.0,31.5485,8.2452,31.5484,8.2453,31.5513,8.2475,0.0001,0.001,0.0089,0.0282
9859.0,31.7039,25.7002,31.7039,25.7003,31.705,25.7047,0.0001,0.0003,0.0033,0.0175
9884.0,31.7886,23.4699,31.7886,23.47,31.7933,23.4625,0.0001,0.0003,0.0148,0.0317
9990.0,32.1774,58.4252,32.1774,58.4253,32.1688,58.4236,0.0,0.0001,0.0268,0.0027
9983.0,32.1365,44.464,32.1365,44.4641,32.14,44.4594,0.0,0.0002,0.0109,0.0102
9977.0,32.1186,37.8593,32.1186,37.8594,32.1221,37.8592,0.0,0.0002,0.0107,0.0005
10115.0,32.5314,53.848,32.5314,53.8481,32.5325,53.8431,0.0,0.0001,0.0034,0.0092
10064.0,32.3874,34.9851,32.3874,34.9852,32.3858,34.9872,0.0001,0.0002,0.0049,0.006
10053.0,32.3553,25.939,32.3553,25.9391,32.3554,25.9397,0.0001,0.0003,0.0003,0.0027
10050.0,32.3449,17.2211,32.3449,17.2212,32.3462,17.2244,0.0001,0.0005,0.0042,0.0194
9999.0,32.1935,-17.7764,32.1934,-17.7763,32.1904,-17.7794,0.0001,-0.0005,0.0094,-0.0173
10350.0,33.3315,74.0269,33.3315,74.027,33.3383,74.0278,0.0002,0.0001,0.0206,0.0012
10227.0,32.8817,57.6475,32.8817,57.6476,32.8708,57.6458,0.0,0.0001,0.0331,0.0029
10176.0,32.718,39.0412,32.718,39.0413,32.72,39.0394,0.0,0.0002,0.0062,0.0046
10180.0,32.718,39.0412,32.718,39.0413,32.7237,39.0431,0.0,0.0002,0.0177,0.0047
10069.0,32.398,-24.3452,32.398,-24.3452,32.395,-24.3458,0.0001,-0.0003,0.0093,-0.0025
10155.0,32.6543,19.5001,32.6543,19.5002,32.6567,19.5003,0.0001,0.0004,0.0071,0.0009
10203.0,32.8,25.9345,32.8,25.9345,32.8,25.9369,0.0001,0.0003,0.0001,0.0095
10220.0,32.8582,31.5301,32.8582,31.5302,32.8542,31.5264,0.0001,0.0003,0.0123,0.0118
10212.0,32.8377,8.5684,32.8376,8.5685,32.8379,8.5697,0.0001,0.0009,0.0007,0.0155
10111.0,32.52,-43.8183,32.5199,-43.8182,32.5204,-43.8156,0.0002,-0.0002,0.0014,-0.0063
10138.0,32.5625,-50.836,32.5624,-50.8359,32.6067,-50.8244,0.0002,-0.0002,0.1356,-0.0227
10215.0,32.8463,-10.0475,32.8463,-10.0474,32.8425,-10.0522,0.0001,-0.0008,0.0117,-0.047
10234.0,32.9028,-1.8232,32.9028,-1.8231,32.8992,-1.8253,0.0001,-0.0044,0.011,-0.1142
10438.0,33.6229,66.5288,33.6229,66.5289,33.6213,66.5244,0.0001,0.0001,0.0049,0.0066
10379.0,33.4254,58.5636,33.4254,58.5636,33.4229,58.5611,0.0,0.0001,0.0075,0.0042
10280.0,33.0972,30.3009,33.0972,30.301,33.0929,30.3031,0.0001,0.0003,0.013,0.0071
10340.0,33.3009,44.2298,33.3009,44.2299,33.3054,44.2317,0.0,0.0002,0.0136,0.0041
10296.0,33.1599,24.1677,33.1599,24.1677,33.1562,24.1678,0.0001,0.0003,0.0109,0.0005
10366.0,33.3872,51.0705,33.3872,51.0706,33.4012,51.0658,0.0,0.0002,0.0421,0.0092
10306.0,33.1938,21.2084,33.1937,21.2085,33.2004,21.2108,0.0001,0.0004,0.0201,0.0114
10403.0,33.5168,47.4858,33.5168,47.4858,33.5108,47.4842,0.0,0.0002,0.0178,0.0034
10328.0,33.2586,15.2774,33.2586,15.2775,33.2638,15.2797,0.0001,0.0005,0.0154,0.0154
10305.0,33.1921,-2.39,33.1921,-2.3899,33.1979,-2.3936,0.0001,-0.0034,0.0176,-0.153
10320.0,33.2288,-30.7258,33.2287,-30.7257,33.2271,-30.7239,0.0001,-0.0003,0.0051,-0.0062
10562.0,33.9886,47.8099,33.9886,47.81,33.9912,47.8114,0.0,0.0002,0.0079,0.003
10633.0,34.2104,57.0512,34.2104,57.0513,34.2154,57.0553,0.0,0.0001,0.0148,0.0071
10559.0,33.9887,33.3616,33.9887,33.3617,33.9842,33.3589,0.0,0.0002,0.0133,0.0082
10540.0,33.9403,25.7798,33.9403,25.7798,33.9417,25.7831,0.0001,0.0003,0.004,0.0128
10535.0,33.9315,25.0464,33.9314,25.0465,33.9283,25.0431,0.0001,0.0003,0.0092,0.0135
10512.0,33.8639,-9.4688,33.8638,-9.4687,33.8679,-9.4656,0.0001,-0.0008,0.012,-0.0339
10644.0,34.247,34.2219,34.247,34.2219,34.2633,34.2242,0.0,0.0002,0.0477,0.0067
10718.0,34.4988,57.897,34.4988,57.8971,34.4996,57.8997,0.0,0.0001,0.0024,0.0047
10687.0,34.3906,44.3053,34.3906,44.3054,34.3892,44.3069,0.0,0.0002,0.0041,0.0037
10670.0,34.3312,33.8518,34.3312,33.8519,34.3288,33.8472,0.0,0.0002,0.0072,0.0136
10657.0,34.2955,23.7641,34.2955,23.7642,34.2933,23.7678,0.0001,0.0003,0.0064,0.0153
10642.0,34.2421,-6.4231,34.2421,-6.423,34.2458,-6.4222,0.0001,-0.0012,0.0108,-0.0131
10418.0,33.555,-67.8406,33.555,-67.8405,33.5612,-67.8417,0.0003,-0.0001,0.0185,-0.0016
10893.0,35.0484,64.3347,35.0484,64.3348,35.0538,64.3372,0.0001,0.0001,0.0153,0.0039
10732.0,34.5297,19.8982,34.5296,19.8983,34.5312,19.9011,0.0001,0.0004,0.0046,0.0145
10819.0,34.8193,47.3772,34.8192,47.3772,34.82,47.38,0.0,0.0002,0.0021,0.006
10814.0,34.7905,46.4692,34.7905,46.4693,34.7954,46.4725,0.0,0.0002,0.0142,0.0071
10723.0,34.5016,1.7548,34.5015,1.7549,34.5058,1.7578,0.0001,0.0045,0.0123,0.1707
10830.0,34.8501,48.9545,34.8501,48.9546,34.8446,48.9553,0.0,0.0002,0.0157,0.0015
10602.0,34.1267,-51.5103,34.1266,-51.5102,34.1275,-51.5122,0.0002,-0.0002,0.0024,-0.0037
10793.0,34.7421,28.6456,34.742,28.6457,34.7375,28.6425,0.0001,0.0003,0.0131,0.0109
10795.0,34.7402,23.1699,34.7402,23.17,34.7417,23.1678,0.0001,0.0003,0.0042,0.009
10848.0,34.906,39.834,34.906,39.8341,34.9054,39.835,0.0,0.0002,0.0017,0.0025
10513.0,33.8658,-67.7444,33.8657,-67.7443,33.8688,-67.7464,0.0003,-0.0001,0.0088,-0.0029
10924.0,35.1671,47.3121,35.1671,47.3122,35.1725,47.3108,0.0,0.0002,0.0153,0.0027
10884.0,35.016,30.1926,35.0159,30.1927,35.0183,30.1883,0.0001,0.0003,0.0068,0.0141
10826.0,34.8363,-2.974,34.8362,-2.9739,34.8362,-2.9775,0.0001,-0.0027,0.0001,-0.1188
10944.0,35.2465,50.1486,35.2465,50.1487,35.2425,50.1514,0.0,0.0002,0.0112,0.0055
10798.0,34.7449,-25.9509,34.7448,-25.9508,34.7438,-25.9456,0.0001,-0.0003,0.0033,-0.0205
10854.0,34.9223,-4.3443,34.9222,-4.3443,34.92,-4.3456,0.0001,-0.0018,0.0065,-0.028
11060.0,35.5978,55.8446,35.5978,55.8446,35.5892,55.8456,0.0,0.0001,0.0243,0.0018
10832.0,34.8525,-41.85,34.8524,-41.8499,34.8529,-41.8483,0.0002,-0.0002,0.0013,-0.004
11090.0,35.7137,41.3982,35.7137,41.3982,35.7096,41.3964,0.0,0.0002,0.0117,0.0043
10871.0,34.9736,-55.9421,34.9735,-55.942,34.9762,-55.9447,0.0002,-0.0001,0.0076,-0.0046
11174.0,35.959,55.3635,35.959,55.3636,35.9658,55.3644,0.0,0.0001,0.019,0.0016
11029.0,35.4988,-10.7781,35.4987,-10.778,35.5058,-10.7778,0.0001,-0.0007,0.0199,-0.0028
11033.0,35.5198,-17.6605,35.5198,-17.6605,35.5208,-17.6622,0.0001,-0.0004,0.0028,-0.0096
11072.0,35.6274,-23.8165,35.6274,-23.8164,35.6358,-23.8164,0.0001,-0.0003,0.0237,-0.0004
11279.0,36.3244,56.6117,36.3245,56.6118,36.3167,56.61,0.0,0.0001,0.0214,0.003
11108.0,35.7356,-18.3557,35.7356,-18.3556,35.7408,-18.3544,0.0001,-0.0004,0.0145,-0.0069
11313.0,36.4062,50.275,36.4062,50.2751,36.4058,50.2786,0.0,0.0002,0.0011,0.0072
11121.0,35.7719,-37.5753,35.7718,-37.5752,35.7771,-37.5764,0.0002,-0.0002,0.0146,-0.0029
11102.0,35.7289,-51.096,35.7288,-51.0959,35.7275,-51.0922,0.0002,-0.0002,0.0038,-0.0074
11249.0,36.2051,10.608,36.2051,10.6081,36.2042,10.6106,0.0001,0.0007,0.0026,0.0239
11212.0,36.0876,-25.8466,36.0876,-25.8465,36.0838,-25.8475,0.0001,-0.0003,0.0108,-0.0036
11261.0,36.2452,-2.7761,36.2451,-2.776,36.2433,-2.78,0.0001,-0.0028,0.0051,-0.1404
11001.0,35.4329,-68.6568,35.4328,-68.6567,35.4371,-68.6594,0.0003,-0.0001,0.0117,-0.0038
11231.0,36.1334,-40.8398,36.1334,-40.8398,36.1408,-40.8406,0.0002,-0.0002,0.0205,-0.0018
11569.0,37.2575,67.4041,37.2575,67.4042,37.2667,67.4025,0.0001,0.0001,0.0246,0.0024
11345.0,36.4876,-12.2925,36.4875,-12.2924,36.4875,-12.2906,0.0001,-0.0006,0.0002,-0.0155
11465.0,36.9723,50.5741,36.9723,50.5742,36.9658,50.5697,0.0,0.0002,0.0176,0.0086
11348.0,36.4992,-15.3426,36.4991,-15.3425,36.5013,-15.3411,0.0001,-0.0005,0.0057,-0.0097
11432.0,36.8639,31.7979,36.8639,31.798,36.8654,31.8014,0.0,0.0002,0.004,0.0109
11381.0,36.6496,-20.0432,36.6496,-20.0431,36.6467,-20.0428,0.0001,-0.0004,0.0081,-0.0021
11258.0,36.228,-60.3158,36.2279,-60.3157,36.2246,-60.3119,0.0002,-0.0001,0.0095,-0.0064
11095.0,35.7263,-73.6421,35.7262,-73.642,35.7179,-73.6458,0.0004,-0.0001,0.0234,-0.0051
11593.0,37.3594,55.5391,37.3594,55.5392,37.3542,55.5364,0.0,0.0001,0.0139,0.0048
11486.0,37.0366,29.6695,37.0366,29.6695,37.0417,29.6694,0.0,0.0003,0.0137,0.0
11484.0,37.0394,8.4606,37.0393,8.4607,37.0396,8.46,0.0001,0.0009,0.0006,0.0072
11548.0,37.2081,29.9313,37.2081,29.9313,37.2021,29.9319,0.0,0.0003,0.0162,0.0023
11407.0,36.7486,-47.7027,36.7485,-47.7026,36.7463,-47.7039,0.0002,-0.0002,0.0063,-0.0025
11293.0,36.3664,-66.4985,36.3663,-66.4984,36.3596,-66.4947,0.0003,-0.0001,0.0187,-0.0056
11578.0,37.308,23.4737,37.308,23.4738,37.3067,23.4689,0.0001,0.0003,0.0035,0.0204
11477.0,37.0091,-33.8126,37.009,-33.8125,37.0071,-33.8111,0.0001,-0.0002,0.0054,-0.0044
11603.0,37.3965,9.5636,37.3964,9.5637,37.3971,9.5658,0.0001,0.0008,0.0016,0.0235
11651.0,37.569,33.8331,37.569,33.8332,37.5692,33.8339,0.0,0.0002,0.0005,0.0022
11524.0,37.1448,-31.1012,37.1448,-31.1011,37.1475,-31.1025,0.0001,-0.0003,0.0072,-0.0042
11670.0,37.6307,25.2361,37.6306,25.2362,37.635,25.235,0.0001,0.0003,0.0115,0.0044
11678.0,37.6564,19.8563,37.6563,19.8564,37.66,19.8553,0.0001,0.0004,0.0097,0.0053
11622.0,37.4804,-22.6828,37.4804,-22.6827,37.4808,-22.6828,0.0001,-0.0003,0.0011,-0.0002
11698.0,37.7304,17.7042,37.7304,17.7043,37.7267,17.7039,0.0001,0.0004,0.0099,0.0017
11644.0,37.56,-25.1872,37.5599,-25.1871,37.5575,-25.1864,0.0001,-0.0003,0.0066,-0.0033
11479.0,37.0139,-64.3033,37.0138,-64.3032,37.0183,-64.2997,0.0003,-0.0001,0.012,-0.0055
11671.0,37.6388,-22.5425,37.6387,-22.5424,37.6367,-22.5456,0.0001,-0.0003,0.0056,-0.0136
11784.0,38.0246,36.1427,38.0246,36.1428,38.0258,36.1472,0.0,0.0002,0.0031,0.0124
11738.0,37.8769,2.2698,37.8769,2.2699,37.8754,2.2672,0.0001,0.0034,0.004,0.1147
11840.0,38.2243,34.5426,38.2243,34.5427,38.2188,34.5425,0.0,0.0002,0.0145,0.0002
11791.0,38.0385,-1.0322,38.0385,-1.0321,38.0392,-1.035,0.0001,-0.0076,0.0018,-0.273
11783.0,38.0198,-15.246,38.0197,-15.2459,38.0217,-15.2447,0.0001,-0.0005,0.005,-0.0082
11843.0,38.2257,15.0297,38.2257,15.0298,38.2254,15.0347,0.0001,0.0005,0.0007,0.0336
11802.0,38.0567,-36.4266,38.0566,-36.4265,38.0617,-36.4275,0.0001,-0.0002,0.0131,-0.0024
12273.0,39.5306,72.8203,39.5307,72.8204,39.5083,72.8183,0.0002,0.0001,0.0563,0.0027
12057.0,38.8642,39.6613,38.8642,39.6614,38.8663,39.6644,0.0,0.0002,0.0053,0.0079
12239.0,39.4008,65.7489,39.4009,65.749,39.4004,65.7456,0.0001,0.0001,0.0011,0.0051
12072.0,38.9173,37.3114,38.9173,37.3114,38.9117,37.3122,0.0,0.0002,0.0145,0.0023
11918.0,38.4651,-28.2327,38.465,-28.2326,38.4612,-28.2325,0.0001,-0.0003,0.01,-0.0006
12086.0,38.9439,34.6863,38.9438,34.6864,38.945,34.6875,0.0,0.0002,0.0029,0.0035
12022.0,38.7679,7.4722,38.7679,7.4723,38.7671,7.4714,0.0001,0.001,0.0021,0.0114
12002.0,38.6756,-7.8604,38.6756,-7.8604,38.6779,-7.8594,0.0001,-0.001,0.0059,-0.0127
12114.0,38.9981,6.8698,38.9981,6.8699,39.0204,6.8869,0.0001,0.0011,0.0571,0.249
12093.0,38.9698,5.5929,38.9698,5.5929,38.9688,5.5933,0.0001,0.0014,0.0028,0.0083
11925.0,38.473,-51.0925,38.4729,-51.0924,38.4775,-51.0936,0.0002,-0.0002,0.0118,-0.0023
12181.0,39.2415,38.7356,39.2415,38.7357,39.2383,38.7328,0.0,0.0002,0.008,0.0073
12160.0,39.1754,31.6091,39.1754,31.6092,39.1788,31.6075,0.0,0.0002,0.0085,0.005
12193.0,39.2551,34.2654,39.2551,34.2654,39.2604,34.2639,0.0,0.0002,0.0135,0.0043
12218.0,39.339,39.8904,39.339,39.8905,39.3367,39.8958,0.0,0.0002,0.006,0.0137
12200.0,39.2739,32.8923,39.2739,32.8923,39.2767,32.8919,0.0,0.0002,0.0071,0.001
11900.0,38.3921,-62.5887,38.392,-62.5886,38.39,-62.5869,0.0002,-0.0001,0.0055,-0.0028
12153.0,39.153,12.4491,39.153,12.4491,39.1579,12.4475,0.0001,0.0006,0.0126,0.0126
12184.0,39.2353,24.65,39.2353,24.6501,39.2404,24.6483,0.0,0.0003,0.013,0.0068
12189.0,39.2518,24.6421,39.2518,24.6422,39.2521,24.6475,0.0,0.0003,0.0008,0.0219
12148.0,39.1466,7.7341,39.1465,7.7342,39.1462,7.7297,0.0001,0.001,0.0008,0.0571
12122.0,39.0372,-30.0459,39.0372,-30.0458,39.0388,-30.0447,0.0001,-0.0003,0.0039,-0.004
12287.0,39.5792,37.7285,39.5792,37.7285,39.5742,37.7267,0.0,0.0002,0.0127,0.0047
12305.0,39.6127,38.092,39.6126,38.092,39.6158,38.0894,0.0,0.0002,0.008,0.0066
12272.0,39.4996,7.6943,39.4996,7.6944,39.5033,7.6953,0.0001,0.001,0.0094,0.0127
12247.0,39.4256,-3.3977,39.4256,-3.3976,39.4242,-3.3961,0.0001,-0.0023,0.0036,-0.0462
12186.0,39.2429,-34.5725,39.2428,-34.5725,39.2442,-34.5783,0.0001,-0.0002,0.0033,-0.0168
12332.0,39.7015,21.9589,39.7015,21.9589,39.7042,21.9614,0.0,0.0004,0.0067,0.0115
13055.0,41.9365,81.4507,41.9367,81.4508,41.9483,81.4483,0.0005,0.0001,0.0282,0.0029
12318.0,39.6563,3.4429,39.6562,3.443,39.6538,3.4431,0.0001,0.0022,0.0063,0.0049
11757.0,37.9122,-79.1062,37.9121,-79.1062,37.9187,-79.1094,0.0005,-0.0001,0.0172,-0.0041
12288.0,39.5783,-30.1951,39.5782,-30.195,39.5779,-30.1942,0.0001,-0.0003,0.0009,-0.003
12225.0,39.352,-52.5446,39.3519,-52.5446,39.3517,-52.5431,0.0002,-0.0001,0.0009,-0.003
12300.0,39.6048,-37.9904,39.6047,-37.9903,39.6033,-37.9906,0.0001,-0.0002,0.0036,-0.0004
12390.0,39.8923,-11.8674,39.8923,-11.8673,39.8908,-11.8722,0.0001,-0.0006,0.0037,-0.0406
12489.0,40.1707,27.0564,40.1707,27.0565,40.1712,27.0608,0.0,0.0003,0.0013,0.0165
12447.0,40.0649,6.1149,40.0649,6.1149,40.0654,6.1119,0.0001,0.0013,0.0013,0.0476
12444.0,40.0552,-9.4502,40.0551,-9.4501,40.0513,-9.4531,0.0001,-0.0008,0.0097,-0.03
12692.0,40.7722,55.1087,40.7722,55.1088,40.7617,55.1058,0.0,0.0001,0.0258,0.0052
12435.0,40.0083,-30.6344,40.0083,-30.6343,40.0104,-30.6339,0.0001,-0.0003,0.0052,-0.0016
12686.0,40.7483,53.5299,40.7483,53.53,40.7488,53.5261,0.0,0.0001,0.0012,0.007
12623.0,40.5595,40.2014,40.5595,40.2015,40.5621,40.1939,0.0,0.0002,0.0063,0.0187
12413.0,39.9519,-42.891,39.9518,-42.891,39.95,-42.8917,0.0002,-0.0002,0.0047,-0.0015
12821.0,41.2003,67.821,41.2004,67.8211,41.2071,67.8247,0.0001,0.0001,0.0164,0.0054
12690.0,40.7544,48.27,40.7544,48.2701,40.7579,48.2656,0.0,0.0002,0.0087,0.0093
12486.0,40.1604,-39.8549,40.1604,-39.8548,40.1667,-39.8556,0.0002,-0.0002,0.0155,-0.0017
12584.0,40.451,-3.2147,40.4509,-3.2146,40.4512,-3.2133,0.0001,-0.0024,0.0007,-0.0422
12562.0,40.3973,-14.5495,40.3973,-14.5494,40.3917,-14.5494,0.0001,-0.0005,0.0141,-0.0005
12647.0,40.6207,10.7441,40.6207,10.7442,40.6204,10.7417,0.0001,0.0007,0.0008,0.0229
12389.0,39.8843,-64.2848,39.8842,-64.2847,39.8821,-64.2819,0.0003,-0.0001,0.0055,-0.0044
12777.0,41.0422,49.2304,41.0422,49.2305,41.05,49.2283,0.0,0.0002,0.0189,0.0042
12768.0,41.0197,44.2992,41.0197,44.2993,41.0217,44.2969,0.0,0.0002,0.0049,0.0051
12719.0,40.8631,27.7021,40.8631,27.7022,40.8629,27.7072,0.0,0.0003,0.0005,0.0185
12744.0,40.9674,25.6414,40.9674,25.6415,40.9633,25.6381,0.0,0.0003,0.0099,0.0132
12706.0,40.8271,3.2372,40.8271,3.2373,40.825,3.2358,0.0001,0.0024,0.0052,0.0437
12608.0,40.5258,-38.385,40.5257,-38.385,40.5275,-38.3839,0.0001,-0.0002,0.0042,-0.003
12394.0,39.8853,-68.265,39.8851,-68.2649,39.8975,-68.2669,0.0003,-0.0001,0.0307,-0.0029
12611.0,40.5365,-46.525,40.5365,-46.5249,40.5354,-46.5244,0.0002,-0.0002,0.0027,-0.0012
12784.0,41.0777,17.7684,41.0777,17.7685,41.0796,17.7639,0.0001,0.0004,0.0045,0.0255
12803.0,41.1383,15.3115,41.1382,15.3116,41.1371,15.3117,0.0001,0.0005,0.0029,0.0011
12653.0,40.6262,-50.8008,40.6262,-50.8007,40.6396,-50.8003,0.0002,-0.0002,0.0328,-0.001
12770.0,41.0299,-13.8605,41.0298,-13.8604,41.0308,-13.8586,0.0001,-0.0006,0.0024,-0.0138
12832.0,41.2375,12.4424,41.2374,12.4425,41.24,12.4458,0.0001,0.0006,0.0062,0.0277
12828.0,41.2294,10.1113,41.2294,10.1114,41.2354,10.1142,0.0001,0.0008,0.0146,0.028
12708.0,40.8288,-40.5286,40.8288,-40.5285,40.8346,-40.5275,0.0002,-0.0002,0.014,-0.0026
13133.0,42.2481,69.636,42.2481,69.6361,42.2312,69.6342,0.0002,0.0001,0.0398,0.0027
12862.0,41.3359,4.7119,41.3359,4.712,41.3371,4.7117,0.0001,0.0016,0.0028,0.0049
12786.0,41.09,-32.5265,41.09,-32.5264,41.0854,-32.525,0.0001,-0.0002,0.0112,-0.0046
12843.0,41.2718,-18.5725,41.2717,-18.5724,41.2758,-18.5725,0.0001,-0.0004,0.0099,-0.0
12982.0,41.7457,35.9868,41.7456,35.9869,41.7429,35.9836,0.0,0.0002,0.0066,0.0089
12990.0,41.7632,35.5509,41.7632,35.551,41.7646,35.555,0.0,0.0002,0.0032,0.0115
12775.0,41.0485,-52.5709,41.0485,-52.5708,41.0446,-52.5706,0.0002,-0.0001,0.0096,-0.0006
12855.0,41.3231,-46.2869,41.3231,-46.2868,41.3187,-46.2872,0.0002,-0.0002,0.0106,-0.0007
12717.0,40.8626,-66.7177,40.8624,-66.7176,40.8608,-66.7144,0.0003,-0.0001,0.0042,-0.0049
13061.0,41.981,29.2502,41.9809,29.2503,41.9771,29.2472,0.0,0.0003,0.0092,0.0102
13178.0,42.3738,57.0868,42.3738,57.0869,42.3783,57.0842,0.0001,0.0001,0.0107,0.0046
12964.0,41.6871,-21.6415,41.6871,-21.6414,41.6883,-21.6397,0.0001,-0.0004,0.0028,-0.0083
13008.0,41.7929,-22.4845,41.7928,-22.4844,41.7967,-22.4856,0.0001,-0.0003,0.0091,-0.0048
13108.0,42.128,18.2838,42.1279,18.2839,42.1337,18.2836,0.0,0.0004,0.0137,0.0011
13367.0,43.0016,68.8878,43.0016,68.8879,42.9946,68.8886,0.0001,0.0001,0.0162,0.0012
13121.0,42.1965,25.19,42.1965,25.1901,42.1912,25.1881,0.0,0.0003,0.0125,0.0079
13176.0,42.3699,37.3274,42.3699,37.3275,42.3629,37.3261,0.0,0.0002,0.0165,0.0036
13064.0,41.9833,-12.4579,41.9833,-12.4578,41.9833,-12.4606,0.0001,-0.0006,0.0,-0.0215
12871.0,41.3671,-63.7023,41.367,-63.7022,41.3646,-63.7044,0.0003,-0.0001,0.0062,-0.0034
13268.0,42.6633,55.8942,42.6633,55.8943,42.6742,55.8956,0.0,0.0001,0.0255,0.0024
13040.0,41.8876,-35.5494,41.8875,-35.5493,41.8904,-35.5508,0.0001,-0.0002,0.0068,-0.004
13165.0,42.3199,17.4617,42.3199,17.4618,42.3229,17.4642,0.0001,0.0004,0.0071,0.0142
13209.0,42.4957,27.2561,42.4957,27.2561,42.4958,27.2606,0.0,0.0003,0.0002,0.0164
13347.0,42.9477,58.3183,42.9477,58.3183,42.9396,58.3147,0.0001,0.0001,0.019,0.0061
13254.0,42.6424,38.3219,42.6424,38.322,42.6462,38.3186,0.0,0.0002,0.009,0.0085
13147.0,42.2664,-32.4064,42.2664,-32.4063,42.2725,-32.4058,0.0001,-0.0002,0.0143,-0.0017
13339.0,42.9265,46.8411,42.9265,46.8411,42.9238,46.8419,0.0,0.0002,0.0065,0.0019
13328.0,42.8786,35.065,42.8786,35.0651,42.8783,35.0597,0.0,0.0002,0.0006,0.0151
13197.0,42.4682,-24.5585,42.4681,-24.5585,42.4625,-24.5603,0.0001,-0.0003,0.0134,-0.0071
13202.0,42.476,-27.9443,42.476,-27.9442,42.4758,-27.9417,0.0001,-0.0003,0.0004,-0.0094
13424.0,43.2161,52.9938,43.2161,52.9939,43.2167,52.9978,0.0,0.0001,0.0013,0.0075
13327.0,42.8674,15.0802,42.8674,15.0803,42.8733,15.0819,0.0001,0.0005,0.0137,0.0113
13225.0,42.559,-35.842,42.5589,-35.8419,42.5617,-35.8436,0.0001,-0.0002,0.0064,-0.0045
13462.0,43.3362,48.5651,43.3362,48.5652,43.3383,48.5694,0.0,0.0002,0.0049,0.009
13265.0,42.6718,-35.6762,42.6718,-35.6761,42.6683,-35.6761,0.0001,-0.0002,0.0082,-0.0002
13141.0,42.2475,-62.8083,42.2474,-62.8082,42.2562,-62.8067,0.0002,-0.0001,0.0208,-0.0026
13271.0,42.699,-39.9304,42.6989,-39.9303,42.6996,-39.9317,0.0001,-0.0002,0.0014,-0.0033
13531.0,43.5593,52.7647,43.5593,52.7648,43.5646,52.7625,0.0,0.0001,0.0122,0.0042
13490.0,43.4251,38.3446,43.4251,38.3447,43.4275,38.3375,0.0,0.0002,0.0055,0.0186
13402.0,43.1248,-12.7667,43.1248,-12.7667,43.1338,-12.7694,0.0001,-0.0006,0.0207,-0.0212
13363.0,42.9833,-30.8139,42.9833,-30.8139,42.9804,-30.8144,0.0001,-0.0002,0.0067,-0.0017
13421.0,43.208,-9.4435,43.208,-9.4434,43.2104,-9.4411,0.0001,-0.0008,0.0056,-0.0251
13665.0,43.9814,61.5214,43.9814,61.5215,43.9871,61.5211,0.0001,0.0001,0.013,0.0005
13700.0,44.106,64.3328,44.106,64.3329,44.1033,64.3325,0.0001,0.0001,0.0059,0.0005
13479.0,43.3911,-22.3759,43.3911,-22.3758,43.3971,-22.3764,0.0001,-0.0003,0.0138,-0.0023
13473.0,43.3906,-38.4385,43.3905,-38.4384,43.3933,-38.4369,0.0001,-0.0002,0.0064,-0.004
13732.0,44.2154,51.2583,44.2154,51.2583,44.2108,51.2608,0.0,0.0001,0.0103,0.005
13713.0,44.1341,47.1673,44.1341,47.1674,44.1392,47.1639,0.0,0.0002,0.0114,0.0073
13387.0,43.0743,-62.9093,43.0742,-62.9092,43.08,-62.9097,0.0002,-0.0001,0.0133,-0.0007
13654.0,43.9537,18.3343,43.9536,18.3343,43.9521,18.3317,0.0,0.0004,0.0036,0.0142
13502.0,43.4602,-49.8912,43.4602,-49.8912,43.4704,-49.8903,0.0002,-0.0001,0.0234,-0.0019
13702.0,44.1066,18.0283,44.1065,18.0284,44.1088,18.0231,0.0,0.0004,0.005,0.029
13679.0,44.0523,8.3832,44.0523,8.3833,44.0575,8.3817,0.0001,0.0009,0.0118,0.0187
13518.0,43.5348,-50.8727,43.5347,-50.8727,43.5271,-50.8714,0.0002,-0.0001,0.0178,-0.0026
13244.0,42.6217,-75.064,42.6215,-75.0639,42.6188,-75.0669,0.0004,-0.0001,0.0069,-0.0039
13775.0,44.3226,31.9335,44.3225,31.9336,44.3221,31.9342,0.0,0.0002,0.0011,0.002
13701.0,44.1059,-8.8947,44.1059,-8.8947,44.1071,-8.8981,0.0001,-0.0008,0.0026,-0.0372
13717.0,44.1553,-3.7152,44.1552,-3.7152,44.1558,-3.7122,0.0001,-0.002,0.0013,-0.0814
13832.0,44.5066,38.6191,44.5066,38.6192,44.5096,38.615,0.0,0.0002,0.0068,0.0107
13756.0,44.2737,4.5022,44.2736,4.5023,44.2692,4.5011,0.0001,0.0016,0.0102,0.0238
13834.0,44.5202,20.6665,44.5202,20.6666,44.5217,20.6686,0.0,0.0004,0.0033,0.0103
13879.0,44.687,39.665,44.687,39.6651,44.6904,39.6628,0.0,0.0002,0.0076,0.0057
13537.0,43.5802,-64.4349,43.5801,-64.4349,43.5871,-64.4356,0.0003,-0.0001,0.0159,-0.001
14417.0,46.5045,79.418,46.5047,79.4181,46.5325,79.4186,0.0004,0.0001,0.0601,0.0008
13905.0,44.7652,35.1823,44.7652,35.1824,44.7654,35.1831,0.0,0.0002,0.0005,0.0021
13782.0,44.3419,-23.8618,44.3419,-23.8617,44.3488,-23.8619,0.0001,-0.0003,0.0153,-0.0008
13768.0,44.3098,-29.857,44.3097,-29.8569,44.3046,-29.8553,0.0001,-0.0002,0.0117,-0.0057
13965.0,44.9496,47.2204,44.9496,47.2205,44.9579,47.2208,0.0,0.0002,0.0186,0.0009
13949.0,44.9182,41.0347,44.9182,41.0348,44.9162,41.0331,0.0,0.0002,0.0044,0.004
13914.0,44.8031,21.3446,44.8031,21.3447,44.8029,21.3403,0.0,0.0003,0.0004,0.0203
,44.8031,21.3446,44.8031,21.3447,44.8029,21.3403,0.0,0.0003,0.0004,0.0203
13835.0,44.5216,-23.6052,44.5216,-23.6051,44.5238,-23.6061,0.0001,-0.0003,0.0047,-0.0038
13874.0,44.6774,-2.7804,44.6774,-2.7803,44.675,-2.7825,0.0001,-0.0027,0.0055,-0.0771
13789.0,44.3894,-38.1913,44.3893,-38.1912,44.3863,-38.1911,0.0001,-0.0002,0.0071,-0.0005
13883.0,44.6973,-9.778,44.6972,-9.7779,44.6975,-9.7764,0.0001,-0.0008,0.0005,-0.0164
13954.0,44.9337,8.9085,44.9337,8.9086,44.9288,8.9075,0.0001,0.0008,0.011,0.011
13847.0,44.5599,-40.3057,44.5599,-40.3056,44.5654,-40.3047,0.0001,-0.0002,0.0123,-0.0025
,44.5743,-40.3039,44.5743,-40.3039,44.5679,-40.3044,0.0001,-0.0002,0.0144,-0.0012
13951.0,44.9179,-2.4639,44.9179,-2.4638,44.9217,-2.465,0.0001,-0.003,0.0084,-0.0442
13907.0,44.7784,-28.906,44.7784,-28.906,44.7775,-28.9069,0.0001,-0.0003,0.0021,-0.0031
13942.0,44.8993,-25.2771,44.8993,-25.277,44.9004,-25.2742,0.0001,-0.0003,0.0024,-0.0116
13947.0,44.9069,-32.506,44.9068,-32.5059,44.9096,-32.5072,0.0001,-0.0002,0.0061,-0.0038
14109.0,45.4711,26.463,45.4711,26.4631,45.4754,26.4622,0.0,0.0003,0.0095,0.0029
14844.0,47.931,81.4656,47.9312,81.4657,47.9283,81.4706,0.0005,0.0001,0.0055,0.006
14060.0,45.2863,-7.6621,45.2862,-7.662,45.2917,-7.6628,0.0001,-0.001,0.0119,-0.0093
14104.0,45.4719,5.336,45.4719,5.336,45.4679,5.3361,0.0001,0.0014,0.0089,0.003
13884.0,44.7001,-64.0698,44.7,-64.0697,44.6992,-64.0714,0.0003,-0.0001,0.0021,-0.0025
14143.0,45.5908,4.3528,45.5908,4.3529,45.5938,4.3528,0.0001,0.0017,0.0064,0.0005
14135.0,45.5759,4.0919,45.5759,4.0919,45.57,4.0897,0.0001,0.0018,0.0129,0.0525
14110.0,45.4832,-9.9601,45.4831,-9.96,45.4838,-9.9614,0.0001,-0.0007,0.0012,-0.0127
14124.0,45.5359,-6.4939,45.5359,-6.4938,45.5388,-6.4947,0.0001,-0.0011,0.0063,-0.0126
14086.0,45.4046,-28.083,45.4046,-28.0829,45.4071,-28.0917,0.0001,-0.0003,0.0054,-0.0309
14328.0,46.2002,53.5024,46.2002,53.5024,46.1992,53.5064,0.0,0.0001,0.0022,0.0075
14232.0,45.873,28.2671,45.873,28.2672,45.8762,28.2697,0.0,0.0003,0.007,0.0092
14168.0,45.6795,-7.6862,45.6794,-7.6861,45.6763,-7.6853,0.0001,-0.001,0.0071,-0.0119
14382.0,46.3874,56.7021,46.3875,56.7022,46.385,56.7058,0.0001,0.0001,0.0052,0.0066
14146.0,45.6052,-23.6235,45.6052,-23.6234,45.5979,-23.6244,0.0001,-0.0003,0.016,-0.004
14392.0,46.4261,56.0697,46.4262,56.0698,46.4162,56.0686,0.0001,0.0001,0.0213,0.0019
14354.0,46.2955,38.8385,46.2955,38.8385,46.2942,38.8403,0.0,0.0002,0.0028,0.0047
14502.0,46.8386,64.056,46.8386,64.0561,46.8292,64.0578,0.0001,0.0001,0.02,0.0028
14365.0,46.34,40.5865,46.34,40.5866,46.3367,40.5825,0.0,0.0002,0.0072,0.0099
14318.0,46.1712,15.8549,46.1712,15.8549,46.1696,15.8561,0.0,0.0005,0.0036,0.0079
14293.0,46.0657,-7.6005,46.0657,-7.6004,46.0683,-7.6008,0.0001,-0.001,0.0056,-0.0042
14315.0,46.1585,1.8677,46.1585,1.8678,46.1588,1.8636,0.0001,0.0039,0.0005,0.219
14376.0,46.3567,25.2542,46.3567,25.2543,46.3613,25.2553,0.0,0.0003,0.0098,0.0043
,46.3567,25.2542,46.3567,25.2543,46.3613,25.2553,0.0,0.0003,0.0098,0.0043
14187.0,45.7302,-46.9726,45.7302,-46.9725,45.7329,-46.975,0.0002,-0.0002,0.0058,-0.0052
14566.0,47.0185,52.2179,47.0186,52.218,47.0162,52.2133,0.0,0.0001,0.0048,0.0088
14439.0,46.5997,13.1923,46.5997,13.1923,46.5988,13.1872,0.0,0.0006,0.0021,0.0382
14862.0,47.9622,74.3927,47.9623,74.3927,47.9846,74.3936,0.0003,0.0001,0.0467,0.0013
14544.0,46.9473,47.3141,46.9473,47.3142,46.9475,47.3083,0.0,0.0002,0.0005,0.0123
14240.0,45.8996,-59.7362,45.8995,-59.7361,45.9033,-59.7378,0.0002,-0.0001,0.0081,-0.0027
14456.0,46.6415,-6.0881,46.6414,-6.088,46.6396,-6.0886,0.0001,-0.0012,0.0041,-0.0081
14576.0,47.0462,40.9541,47.0462,40.9541,47.0421,40.9556,0.0,0.0002,0.0087,0.0036
14632.0,47.2356,49.6137,47.2356,49.6138,47.2667,49.6133,0.0,0.0001,0.0658,0.0007
14514.0,46.854,17.8814,46.854,17.8814,46.8571,17.88,0.0,0.0004,0.0065,0.0076
14131.0,45.5684,-71.9062,45.5682,-71.9062,45.5642,-71.9025,0.0003,-0.0001,0.0093,-0.0052
14586.0,47.083,18.7937,47.083,18.7937,47.0883,18.795,0.0,0.0004,0.0114,0.0072
14668.0,47.3719,44.8609,47.3719,44.8609,47.3742,44.8572,0.0,0.0002,0.0048,0.0081
14607.0,47.1613,8.4718,47.1613,8.4719,47.1612,8.4708,0.0001,0.0009,0.0002,0.0119
14551.0,46.9565,-27.8324,46.9565,-27.8323,46.9621,-27.8311,0.0001,-0.0003,0.0119,-0.0047
14677.0,47.3993,29.0754,47.3993,29.0755,47.4029,29.0769,0.0,0.0002,0.0077,0.0053
14719.0,47.5416,27.8212,47.5416,27.8213,47.5367,27.82,0.0,0.0003,0.0103,0.0043
14748.0,47.6117,26.8942,47.6117,26.8943,47.6125,26.8964,0.0,0.0003,0.0018,0.008
14817.0,47.8228,39.6156,47.8228,39.6157,47.8225,39.6117,0.0,0.0002,0.0007,0.01
14764.0,47.6657,11.8752,47.6657,11.8753,47.6621,11.8725,0.0001,0.0006,0.0076,0.023
14914.0,48.1143,47.7287,48.1143,47.7288,48.11,47.7258,0.0,0.0001,0.0089,0.006
14887.0,48.0428,42.3743,48.0428,42.3744,48.04,42.3761,0.0,0.0002,0.0059,0.0042
14838.0,47.9036,19.725,47.9036,19.7251,47.9075,19.7267,0.0,0.0004,0.0081,0.0084
14821.0,47.8456,13.049,47.8455,13.0491,47.8412,13.0478,0.0,0.0005,0.009,0.0095
14757.0,47.6476,-23.739,47.6476,-23.7389,47.6475,-23.7383,0.0001,-0.0003,0.0003,-0.0028
14893.0,48.0662,27.2588,48.0662,27.2588,48.0592,27.2569,0.0,0.0003,0.0147,0.0067
14819.0,47.8291,-3.8138,47.8291,-3.8138,47.8283,-3.8117,0.0001,-0.0019,0.0016,-0.0569
15004.0,48.346,48.1729,48.346,48.173,48.35,48.1769,0.0,0.0001,0.0083,0.0084
14814.0,47.8241,-16.0245,47.8241,-16.0244,47.82,-16.0253,0.0001,-0.0004,0.0086,-0.005
14915.0,48.1099,6.6608,48.1099,6.6609,48.11,6.6608,0.0001,0.0011,0.0002,0.0003
14547.0,46.9665,-69.2657,46.9664,-69.2656,46.955,-69.2656,0.0003,-0.0001,0.0246,-0.0002
14749.0,47.6161,-48.7327,47.616,-48.7326,47.6142,-48.7342,0.0002,-0.0001,0.004,-0.0031
15547.0,50.0802,77.7362,50.0804,77.7363,50.0821,77.7347,0.0004,0.0001,0.0037,0.0019
14954.0,48.193,-1.193,48.1929,-1.1929,48.1933,-1.1961,0.0001,-0.006,0.0007,-0.262
14879.0,48.0089,-28.9986,48.0089,-28.9985,48.0179,-28.9869,0.0001,-0.0002,0.0187,-0.0402
15192.0,48.9487,57.1431,48.9487,57.1432,48.95,57.1408,0.0001,0.0001,0.0027,0.004
16489.0,53.0566,84.9153,53.0572,84.9154,53.0838,84.9111,0.001,0.0001,0.0511,0.005
15118.0,48.73,42.505,48.73,42.505,48.7363,42.5039,0.0,0.0002,0.0128,0.0026
15309.0,49.3855,65.6575,49.3856,65.6576,49.3817,65.6586,0.0001,0.0001,0.0078,0.0016
14913.0,48.1048,-44.4174,48.1047,-44.4173,48.1075,-44.4197,0.0002,-0.0002,0.0056,-0.0053
15219.0,49.0486,50.9349,49.0486,50.9349,49.0508,50.9378,0.0,0.0001,0.0045,0.0057
14972.0,48.2569,-35.9418,48.2568,-35.9418,48.2562,-35.9439,0.0001,-0.0002,0.0014,-0.0057
15154.0,48.8405,30.5593,48.8405,30.5594,48.8354,30.5567,0.0,0.0002,0.0104,0.0088
15110.0,48.7246,21.0492,48.7246,21.0493,48.7254,21.0444,0.0,0.0003,0.0017,0.0226
15209.0,49.0179,45.3435,49.0179,45.3435,49.0196,45.3458,0.0,0.0002,0.0034,0.0052
15024.0,48.4049,-29.8054,48.4048,-29.8053,48.4083,-29.8042,0.0001,-0.0002,0.0071,-0.0042
15191.0,48.945,32.8604,48.945,32.8605,48.9458,32.8564,0.0,0.0002,0.0018,0.0122
15204.0,49.0127,34.6915,49.0127,34.6915,49.0079,34.6886,0.0,0.0002,0.0097,0.0082
14930.0,48.1411,-57.3257,48.141,-57.3256,48.1383,-57.3217,0.0002,-0.0001,0.0058,-0.007
15241.0,49.1495,32.1861,49.1495,32.1861,49.1462,32.1836,0.0,0.0002,0.0065,0.0077
15125.0,48.7554,-26.098,48.7554,-26.0979,48.7508,-26.1003,0.0001,-0.0003,0.0094,-0.0089
14521.0,46.8674,-78.99,46.8671,-78.9899,46.8833,-78.9894,0.0005,-0.0001,0.0341,-0.0007
15338.0,49.4412,44.0251,49.4413,44.0252,49.4475,44.025,0.0,0.0002,0.0127,0.0002
15203.0,49.0048,-5.9192,49.0048,-5.9191,49.0037,-5.9186,0.0001,-0.0012,0.0022,-0.0093
15197.0,48.9576,-8.8214,48.9576,-8.8213,48.9583,-8.8197,0.0001,-0.0008,0.0015,-0.0189
15520.0,50.0017,65.6498,50.0018,65.6499,49.9975,65.6522,0.0001,0.0001,0.0084,0.0037
15404.0,49.6552,50.2204,49.6552,50.2204,49.6575,50.2222,0.0,0.0001,0.0047,0.0037
15244.0,49.1494,-9.1528,49.1494,-9.1527,49.1488,-9.1544,0.0001,-0.0008,0.0014,-0.0179
15444.0,49.7882,50.095,49.7882,50.0951,49.7817,50.095,0.0,0.0001,0.0131,0.0
15218.0,49.0521,-30.8252,49.0521,-30.8252,49.0471,-30.8275,0.0001,-0.0002,0.0103,-0.0074
15416.0,49.678,34.223,49.678,34.2231,49.6825,34.2228,0.0,0.0002,0.0092,0.0008
15357.0,49.5128,-28.7967,49.5128,-28.7966,49.5117,-28.7969,0.0001,-0.0002,0.0024,-0.0008
15382.0,49.5924,-22.5122,49.5923,-22.5121,49.5921,-22.5114,0.0001,-0.0003,0.0006,-0.0034
15514.0,49.9848,27.07,49.9848,27.0701,49.9825,27.0711,0.0,0.0003,0.0046,0.0041
15457.0,49.833,3.3665,49.833,3.3666,49.8404,3.3703,0.0001,0.0021,0.0148,0.1109
15411.0,49.6668,-18.5597,49.6667,-18.5596,49.6717,-18.5597,0.0001,-0.0004,0.0099,-0.0002
15305.0,49.3587,-47.7523,49.3586,-47.7522,49.3608,-47.7517,0.0002,-0.0001,0.0044,-0.0013
15549.0,50.0873,29.0475,50.0873,29.0476,50.085,29.0483,0.0,0.0002,0.0047,0.0028
15557.0,50.1105,25.6653,50.1104,25.6654,50.1067,25.6628,0.0,0.0003,0.0076,0.0099
15669.0,50.4671,49.0729,50.4672,49.073,50.4692,49.0708,0.0,0.0001,0.004,0.0042
15648.0,50.3637,43.3262,50.3637,43.3263,50.3604,43.3294,0.0,0.0002,0.0066,0.0074
15474.0,49.8749,-21.7598,49.8748,-21.7597,49.8792,-21.7578,0.0001,-0.0003,0.0086,-0.0092
15479.0,49.8954,-24.1205,49.8953,-24.1204,49.895,-24.1231,0.0001,-0.0003,0.0007,-0.0107
15627.0,50.3061,21.1424,50.3061,21.1425,50.3067,21.1469,0.0,0.0003,0.0011,0.0214
15330.0,49.4105,-62.5843,49.4104,-62.5843,49.4425,-62.5753,0.0002,-0.0001,0.0647,-0.0145
15619.0,50.2798,3.6798,50.2798,3.6799,50.2783,3.6756,0.0001,0.0019,0.0029,0.1158
15510.0,49.9313,-43.079,49.9312,-43.0789,49.9821,-43.0697,0.0002,-0.0002,0.1017,-0.0215
15890.0,51.1674,64.5867,51.1675,64.5868,51.1687,64.5861,0.0001,0.0001,0.0026,0.0009
15371.0,49.5039,-62.5144,49.5038,-62.5143,49.5537,-62.5064,0.0002,-0.0001,0.1006,-0.0128
15770.0,50.8081,49.2135,50.8081,49.2136,50.805,49.2133,0.0,0.0001,0.0062,0.0004
15696.0,50.5479,27.6079,50.5479,27.608,50.5496,27.6075,0.0,0.0003,0.0033,0.0015
15585.0,50.19,-26.6086,50.1899,-26.6086,50.1883,-26.6064,0.0001,-0.0003,0.0032,-0.0084
15353.0,49.4961,-66.9242,49.496,-66.9241,49.4958,-66.9269,0.0003,-0.0001,0.0006,-0.0041
15737.0,50.6885,20.7407,50.6885,20.7407,50.6883,20.7419,0.0,0.0003,0.0004,0.0061
15643.0,50.3527,-23.6373,50.3527,-23.6372,50.35,-23.6353,0.0001,-0.0003,0.0054,-0.0085
15863.0,51.0845,49.8624,51.0845,49.8625,51.0808,49.8611,0.0,0.0001,0.0072,0.0026
15700.0,50.5712,-25.5883,50.5711,-25.5882,50.5679,-25.5878,0.0001,-0.0003,0.0065,-0.0021
15876.0,51.1256,33.5376,51.1256,33.5377,51.1237,33.5358,0.0,0.0002,0.0036,0.0053
15979.0,51.4447,53.9198,51.4447,53.9198,51.4517,53.9217,0.0001,0.0001,0.0135,0.0035
15655.0,50.3874,-47.7792,50.3873,-47.7792,50.3888,-47.7769,0.0002,-0.0001,0.0026,-0.0048
15861.0,51.0726,24.7226,51.0726,24.7227,51.0771,24.7242,0.0,0.0003,0.0087,0.0064
15807.0,50.914,4.8789,50.914,4.879,50.9129,4.8819,0.0001,0.0014,0.0022,0.0624
15776.0,50.8227,-7.789,50.8227,-7.7889,50.8242,-7.7942,0.0001,-0.0009,0.0028,-0.0665
15201.0,48.9695,-77.3901,48.9693,-77.39,48.99,-77.3883,0.0005,-0.0001,0.0418,-0.0023
15925.0,51.293,41.2554,51.293,41.2555,51.2892,41.2572,0.0,0.0002,0.0075,0.0044
15870.0,51.1146,20.8035,51.1146,20.8035,51.1088,20.8036,0.0,0.0003,0.0115,0.0006
15850.0,51.0415,12.6271,51.0415,12.6272,51.0421,12.6294,0.0,0.0005,0.0011,0.0182
15988.0,51.4834,49.1234,51.4835,49.1234,51.4892,49.1208,0.0,0.0001,0.0111,0.0051
15900.0,51.2021,9.0251,51.2021,9.0252,51.2033,9.0289,0.0,0.0008,0.0024,0.0416
15816.0,50.9349,-32.707,50.9348,-32.7069,50.9358,-32.7072,0.0001,-0.0002,0.0019,-0.0007
16319.0,52.577,71.8602,52.5771,71.8602,52.5812,71.8639,0.0002,0.0001,0.008,0.0052
16177.0,52.0978,60.2547,52.0979,60.2548,52.0983,60.2556,0.0001,0.0001,0.001,0.0014
16147.0,52.0054,49.0604,52.0054,49.0604,52.0129,49.0628,0.0,0.0001,0.0145,0.0049
16228.0,52.2732,59.9404,52.2732,59.9405,52.2671,59.9403,0.0001,0.0001,0.0117,0.0002
16077.0,51.7655,18.7545,51.7654,18.7545,51.7633,18.7564,0.0,0.0004,0.0041,0.0103
16210.0,52.2248,49.848,52.2248,49.8481,52.2183,49.8483,0.0,0.0001,0.0123,0.0007
16083.0,51.7871,9.734,51.7871,9.7341,51.7925,9.7328,0.0,0.0007,0.0104,0.0129
16095.0,51.8275,12.7339,51.8275,12.7339,51.8279,12.735,0.0,0.0005,0.0007,0.009
16281.0,52.4758,58.8741,52.4759,58.8742,52.4788,58.8786,0.0001,0.0001,0.0055,0.0076
16168.0,52.0823,33.8112,52.0823,33.8113,52.0867,33.8075,0.0,0.0002,0.0084,0.011
15987.0,51.4831,-35.9224,51.483,-35.9223,51.4825,-35.9208,0.0001,-0.0002,0.0012,-0.0042
16303.0,52.5516,59.3699,52.5517,59.37,52.5471,59.3661,0.0001,0.0001,0.0086,0.0064
16244.0,52.3433,49.5035,52.3433,49.5036,52.3421,49.5089,0.0,0.0001,0.0023,0.0109
16029.0,51.5915,-27.3181,51.5914,-27.318,51.5938,-27.3175,0.0001,-0.0003,0.0044,-0.0022
16292.0,52.494,55.454,52.494,55.4541,52.5008,55.4519,0.0001,0.0001,0.0131,0.0037
16252.0,52.3592,46.9403,52.3592,46.9404,52.3592,46.9378,0.0,0.0001,0.0,0.0054
16181.0,52.1118,22.8109,52.1118,22.811,52.1108,22.8042,0.0,0.0003,0.0019,0.0297
16015.0,51.5489,-41.6353,51.5488,-41.6353,51.5488,-41.6369,0.0001,-0.0002,0.0002,-0.0038
16142.0,52.0014,-11.2868,52.0014,-11.2867,52.0042,-11.2867,0.0001,-0.0006,0.0053,-0.0011
16340.0,52.652,48.1073,52.652,48.1073,52.6542,48.1036,0.0,0.0001,0.0042,0.0076
16335.0,52.6392,47.9912,52.6392,47.9913,52.6438,47.9953,0.0,0.0001,0.0087,0.0085
15840.0,51.0151,-69.6292,51.015,-69.6291,51.0104,-69.6247,0.0003,-0.0001,0.0092,-0.0065
16112.0,51.8853,-35.68,51.8852,-35.6799,51.8892,-35.6814,0.0001,-0.0002,0.0075,-0.004
16725.0,53.8178,73.35,53.8179,73.3501,53.8017,73.3469,0.0003,0.0001,0.03,0.0042
16424.0,52.8721,49.2146,52.8721,49.2147,52.8725,49.2097,0.0,0.0001,0.0007,0.0099
16156.0,52.0455,-35.8511,52.0454,-35.8511,52.0479,-35.8533,0.0001,-0.0002,0.0047,-0.0062
16447.0,52.9561,49.3962,52.9561,49.3962,52.9546,49.4008,0.0,0.0001,0.0029,0.0095
16266.0,52.4145,-6.8049,52.4144,-6.8048,52.4129,-6.805,0.0001,-0.001,0.003,-0.0016
16322.0,52.5961,11.3359,52.5961,11.3359,52.6021,11.3364,0.0,0.0006,0.0114,0.0047
16263.0,52.4041,-12.6749,52.4041,-12.6748,52.4,-12.6747,0.0001,-0.0005,0.0078,-0.0013
16470.0,53.0368,48.024,53.0368,48.0241,53.0358,48.0236,0.0,0.0001,0.0019,0.0008
15968.0,51.4155,-69.3373,51.4153,-69.3372,51.4008,-69.3364,0.0003,-0.0001,0.0285,-0.0013
16411.0,52.8371,27.5736,52.8371,27.5737,52.8367,27.5719,0.0,0.0002,0.0009,0.006
16369.0,52.7167,12.9324,52.7166,12.9325,52.7183,12.9367,0.0,0.0005,0.0032,0.0328
16358.0,52.6921,6.1919,52.692,6.192,52.6892,6.1886,0.0001,0.0011,0.0055,0.0538
16587.0,53.3868,58.7638,53.3868,58.7639,53.3837,58.765,0.0001,0.0001,0.0057,0.0021
16499.0,53.1128,46.0607,53.1128,46.0608,53.1096,46.0569,0.0,0.0001,0.006,0.0081
16341.0,52.6511,-5.0775,52.6511,-5.0774,52.6546,-5.0753,0.0001,-0.0013,0.0066,-0.0428
16602.0,53.4158,57.8701,53.4158,57.8701,53.4217,57.8689,0.0001,0.0001,0.011,0.002
16516.0,53.1641,44.8543,53.1641,44.8544,53.1629,44.8556,0.0,0.0002,0.0022,0.0028
16599.0,53.4089,54.979,53.4089,54.9791,53.4125,54.9747,0.0001,0.0001,0.0068,0.0079
16518.0,53.1732,35.4621,53.1732,35.4621,53.1667,35.4617,0.0,0.0002,0.0122,0.0011
16285.0,52.4798,-42.6319,52.4797,-42.6318,52.4792,-42.6342,0.0001,-0.0002,0.0012,-0.0054
16310.0,52.5624,-41.3693,52.5624,-41.3692,52.5567,-41.37,0.0001,-0.0002,0.011,-0.0018
16712.0,53.7579,60.0421,53.7579,60.0422,53.7533,60.0411,0.0001,0.0001,0.0085,0.0017
16591.0,53.3903,39.8978,53.3903,39.8978,53.3962,39.8994,0.0,0.0002,0.0112,0.0042
16511.0,53.1479,9.3762,53.1479,9.3763,53.15,9.3736,0.0,0.0007,0.0039,0.028
17056.0,54.8398,75.7416,54.84,75.7417,54.8533,75.7397,0.0003,0.0001,0.0247,0.0025
16339.0,52.6473,-47.376,52.6472,-47.376,52.6542,-47.3753,0.0002,-0.0001,0.0131,-0.0016
16449.0,52.9743,-25.6134,52.9742,-25.6133,52.9746,-25.6142,0.0001,-0.0003,0.0006,-0.003
16245.0,52.3294,-62.9406,52.3293,-62.9405,52.3446,-62.9375,0.0002,-0.0001,0.029,-0.0049
16537.0,53.2479,-9.4615,53.2478,-9.4614,53.2325,-9.4583,0.0001,-0.0007,0.0289,-0.0331
16641.0,53.5311,17.8396,53.5311,17.8396,53.5346,17.8328,0.0,0.0004,0.0065,0.0381
16664.0,53.6084,24.4672,53.6084,24.4672,53.6108,24.4644,0.0,0.0003,0.0046,0.0111
16826.0,54.1187,48.194,54.1187,48.1941,54.1225,48.1928,0.0,0.0001,0.007,0.0026
16611.0,53.4516,-21.6314,53.4515,-21.6314,53.4471,-21.6328,0.0001,-0.0003,0.0084,-0.0061
16695.0,53.7102,6.4196,53.7101,6.4197,53.705,6.4178,0.0001,0.001,0.0096,0.029
16509.0,53.1373,-50.378,53.1372,-50.378,53.145,-50.3786,0.0002,-0.0001,0.0145,-0.0011
16677.0,53.6536,-9.8718,53.6536,-9.8718,53.6558,-9.8686,0.0001,-0.0007,0.0041,-0.0326
16368.0,52.7219,-66.492,52.7217,-66.4919,52.715,-66.4897,0.0003,-0.0001,0.0131,-0.0034
16628.0,53.4849,-31.0804,53.4849,-31.0803,53.4867,-31.0803,0.0001,-0.0002,0.0033,-0.0003
16974.0,54.5861,56.9332,54.5862,56.9333,54.5821,56.9328,0.0001,0.0001,0.0074,0.0008
16672.0,53.6377,-31.8763,53.6376,-31.8762,53.6396,-31.8747,0.0001,-0.0002,0.0035,-0.0049
16531.0,53.2096,-61.0166,53.2095,-61.0165,53.215,-61.0169,0.0002,-0.0001,0.0101,-0.0006
16938.0,54.4936,42.5843,54.4936,42.5844,54.5008,42.5831,0.0,0.0002,0.0132,0.003
16780.0,53.9859,-11.1966,53.9859,-11.1965,53.9904,-11.1936,0.0001,-0.0006,0.0083,-0.0266
16803.0,54.0726,-17.4655,54.0725,-17.4654,54.0725,-17.4669,0.0001,-0.0004,0.0001,-0.0085
16924.0,54.4518,15.4332,54.4518,15.4333,54.4492,15.4308,0.0,0.0004,0.0049,0.0154
17026.0,54.7555,20.9176,54.7555,20.9177,54.7504,20.9158,0.0,0.0003,0.0092,0.0087
16661.0,53.5924,-65.7621,53.5922,-65.7621,53.6029,-65.7644,0.0003,-0.0001,0.0197,-0.0035
16870.0,54.2794,-40.272,54.2793,-40.2719,54.2738,-40.2747,0.0001,-0.0002,0.0104,-0.0067
19454.0,62.3711,86.6268,62.372,86.6269,62.5062,86.6261,0.0016,0.0001,0.2165,0.0008
16989.0,54.619,-7.392,54.6189,-7.3919,54.6217,-7.3917,0.0001,-0.0009,0.005,-0.0047
16290.0,52.5134,-78.3501,52.5131,-78.35,52.495,-78.3519,0.0005,-0.0001,0.0351,-0.0024
17058.0,54.8588,16.5392,54.8588,16.5392,54.8571,16.5367,0.0,0.0004,0.0031,0.0151
17027.0,54.7508,-5.6239,54.7508,-5.6238,54.7546,-5.6261,0.0001,-0.0012,0.0069,-0.04
17342.0,55.6805,59.965,55.6805,59.965,55.6779,59.9694,0.0001,0.0001,0.0046,0.0075
17203.0,55.278,37.5801,55.278,37.5802,55.2829,37.58,0.0,0.0002,0.0089,0.0003
17007.0,54.694,-27.9465,54.694,-27.9464,54.6988,-27.9431,0.0001,-0.0002,0.0087,-0.0122
17103.0,54.965,3.0611,54.9649,3.0611,54.9629,3.0569,0.0001,0.0021,0.0037,0.1353
17086.0,54.9084,-3.3926,54.9083,-3.3925,54.9096,-3.3931,0.0001,-0.0019,0.0022,-0.0142
17057.0,54.8615,-10.4348,54.8614,-10.4348,54.8558,-10.4372,0.0001,-0.0006,0.0103,-0.0228
17181.0,55.1954,25.3302,55.1954,25.3303,55.1929,25.3294,0.0,0.0003,0.0045,0.0032
17120.0,54.9965,-1.1188,54.9964,-1.1187,54.9979,-1.1206,0.0001,-0.0059,0.0026,-0.1578
17136.0,55.0444,-15.2286,55.0443,-15.2286,55.0475,-15.2267,0.0001,-0.0004,0.0057,-0.0128
17167.0,55.1626,-5.2097,55.1625,-5.2096,55.1596,-5.2106,0.0001,-0.0013,0.0054,-0.0171
17358.0,55.7258,47.7883,55.7258,47.7884,55.7312,47.7875,0.0,0.0001,0.0098,0.0017
17313.0,55.5967,33.9672,55.5968,33.9673,55.5938,33.965,0.0,0.0002,0.0054,0.0066
17585.0,56.5102,67.2064,56.5103,67.2065,56.5038,67.2017,0.0002,0.0001,0.0115,0.0071
17214.0,55.307,-11.8017,55.3069,-11.8017,55.3075,-11.8031,0.0001,-0.0006,0.001,-0.0113
17309.0,55.5806,19.6965,55.5806,19.6965,55.5788,19.7003,0.0,0.0003,0.0033,0.0194
17437.0,56.032,48.527,56.032,48.5271,56.0267,48.5236,0.0,0.0001,0.0095,0.0071
17223.0,55.3469,-19.5856,55.3469,-19.5855,55.3433,-19.5847,0.0001,-0.0003,0.0065,-0.0045
17587.0,56.4996,63.3447,56.4996,63.3447,56.5096,63.345,0.0001,0.0001,0.0177,0.0005
17475.0,56.1694,46.1004,56.1695,46.1004,56.1704,46.0997,0.0,0.0001,0.0018,0.0014
17448.0,56.0764,32.2903,56.0764,32.2904,56.0796,32.2883,0.0,0.0002,0.0056,0.0061
17408.0,55.9464,19.6621,55.9464,19.6622,55.9467,19.665,0.0,0.0003,0.0004,0.0146
17460.0,56.1301,36.46,56.1301,36.4601,56.1308,36.46,0.0,0.0002,0.0013,0.0001
17304.0,55.5658,-31.9372,55.5657,-31.9371,55.5621,-31.9383,0.0001,-0.0002,0.0066,-0.0035
17529.0,56.2986,42.5817,56.2986,42.5818,56.2983,42.5786,0.0,0.0002,0.0005,0.0074
17378.0,55.8128,-9.7732,55.8128,-9.7732,55.8121,-9.7633,0.0001,-0.0007,0.0013,-0.1014
17453.0,56.1181,20.9341,56.1181,20.9342,56.1171,20.9286,0.0,0.0003,0.0018,0.0264
17854.0,57.3128,70.8668,57.3129,70.8669,57.3075,70.8711,0.0002,0.0001,0.0093,0.0061
17395.0,55.8864,-10.4849,55.8863,-10.4848,55.8908,-10.4856,0.0001,-0.0006,0.008,-0.0064
17489.0,56.2009,24.2874,56.2009,24.2874,56.2008,24.2894,0.0,0.0003,0.0002,0.0085
17584.0,56.4948,45.6814,56.4948,45.6815,56.4971,45.6819,0.0,0.0001,0.004,0.0012
17499.0,56.2176,24.1125,56.2176,24.1126,56.2188,24.1133,0.0,0.0003,0.002,0.0034
17351.0,55.7072,-37.3106,55.7071,-37.3105,55.7088,-37.3136,0.0001,-0.0002,0.0028,-0.008
17527.0,56.2899,24.8456,56.2898,24.8456,56.2904,24.8392,0.0,0.0003,0.001,0.0258
17531.0,56.3025,24.473,56.3025,24.4731,56.3021,24.4672,0.0,0.0003,0.0008,0.0237
17457.0,56.1306,-1.1596,56.1305,-1.1596,56.1271,-1.1631,0.0001,-0.0056,0.0062,-0.2958
17707.0,56.8843,55.9283,56.8843,55.9283,56.8842,55.9225,0.0001,0.0001,0.0002,0.0103
17959.0,57.5708,71.3313,57.5709,71.3314,57.5896,71.3322,0.0002,0.0001,0.0327,0.0012
17573.0,56.4595,24.3714,56.4595,24.3715,56.4567,24.3678,0.0,0.0003,0.0051,0.015
17579.0,56.4799,24.5566,56.4799,24.5567,56.4767,24.5547,0.0,0.0003,0.0057,0.0076
17588.0,56.5099,24.532,56.5099,24.5321,56.5121,24.5281,0.0,0.0003,0.0039,0.0162
16827.0,54.1274,-78.3187,54.1271,-78.3186,54.125,-78.3231,0.0005,-0.0001,0.0044,-0.0056
17884.0,57.3731,65.5279,57.3732,65.528,57.38,65.5261,0.0002,0.0001,0.012,0.0028
17608.0,56.581,23.9476,56.581,23.9477,56.5817,23.9483,0.0,0.0003,0.0011,0.0029
17436.0,56.0283,-40.6578,56.0282,-40.6577,56.0258,-40.6603,0.0001,-0.0002,0.0044,-0.0061
17891.0,57.4101,63.2998,57.4102,63.2999,57.4029,63.2972,0.0001,0.0001,0.0125,0.0041
17595.0,56.5392,6.8035,56.5392,6.8036,56.5396,6.8031,0.0,0.0009,0.0007,0.0064
17772.0,57.0809,50.7383,57.081,50.7384,57.0762,50.7367,0.0001,0.0001,0.0082,0.0033
17858.0,57.331,57.1239,57.331,57.124,57.3317,57.1181,0.0001,0.0001,0.0012,0.0103
17593.0,56.5318,-12.1006,56.5317,-12.1005,56.5354,-12.1017,0.0001,-0.0005,0.0065,-0.0091
17732.0,56.9578,32.1983,56.9578,32.1984,56.9538,32.195,0.0,0.0002,0.0071,0.0104
17702.0,56.8763,24.1078,56.8763,24.1079,56.8712,24.105,0.0,0.0003,0.0089,0.0118
18067.0,57.9116,68.5054,57.9117,68.5054,57.9242,68.5075,0.0002,0.0001,0.0217,0.0031
17493.0,56.208,-48.0596,56.2079,-48.0595,56.2108,-48.0614,0.0002,-0.0001,0.0051,-0.0037
17464.0,56.1407,-54.2749,56.1406,-54.2749,56.1408,-54.2739,0.0002,-0.0001,0.0002,-0.0019
17534.0,56.3141,-47.3606,56.314,-47.3606,56.3158,-47.3597,0.0002,-0.0001,0.0031,-0.0019
17846.0,57.2835,43.9676,57.2835,43.9677,57.2842,43.9631,0.0,0.0001,0.0011,0.0104
17618.0,56.6152,-29.3385,56.6152,-29.3385,56.6142,-29.3381,0.0001,-0.0002,0.0019,-0.0016
17776.0,57.0821,23.419,57.0821,23.4191,57.0871,23.4211,0.0,0.0003,0.0087,0.0089
17651.0,56.7145,-23.2418,56.7145,-23.2417,56.7121,-23.2497,0.0001,-0.0003,0.0043,-0.0341
17771.0,57.0701,11.1466,57.0701,11.1467,57.0679,11.1433,0.0,0.0006,0.0038,0.0297
17440.0,56.0394,-64.8075,56.0393,-64.8075,56.05,-64.8069,0.0003,-0.0001,0.0188,-0.0009
17932.0,57.5209,44.9632,57.521,44.9633,57.5188,44.9678,0.0,0.0001,0.0038,0.0101
17886.0,57.3835,33.0891,57.3835,33.0891,57.3858,33.0914,0.0,0.0002,0.0041,0.007
17847.0,57.2912,24.0589,57.2912,24.059,57.2904,24.0533,0.0,0.0003,0.0013,0.0231
17689.0,56.8264,-29.9042,56.8264,-29.9041,56.8338,-29.9019,0.0001,-0.0002,0.0129,-0.0076
17851.0,57.2987,24.1342,57.2987,24.1342,57.2967,24.1367,0.0,0.0003,0.0036,0.0104
17717.0,56.9176,-23.873,56.9175,-23.873,56.915,-23.8747,0.0001,-0.0003,0.0045,-0.0071
17900.0,57.4302,23.7096,57.4302,23.7096,57.4312,23.7117,0.0,0.0003,0.0018,0.0088
17738.0,56.979,-30.1645,56.9789,-30.1644,56.9833,-30.1678,0.0001,-0.0002,0.0076,-0.0109
17921.0,57.4769,22.2444,57.4769,22.2445,57.4792,22.2444,0.0,0.0003,0.0039,0.0001
17734.0,56.9559,-36.1059,56.9558,-36.1058,56.9567,-36.1058,0.0001,-0.0002,0.0014,-0.0001
17798.0,57.1526,-20.9021,57.1526,-20.902,57.1492,-20.9031,0.0001,-0.0003,0.0061,-0.0045
17954.0,57.5784,25.5847,57.5784,25.5847,57.5788,25.5794,0.0,0.0002,0.0006,0.0205
17797.0,57.1512,-37.6194,57.1511,-37.6193,57.1475,-37.6222,0.0001,-0.0002,0.0065,-0.0076
,57.1512,-37.6194,57.1511,-37.6193,57.1496,-37.6206,0.0001,-0.0002,0.0028,-0.0032
18081.0,57.9744,34.3546,57.9744,34.3546,57.9738,34.3592,0.0,0.0002,0.0011,0.0134
18217.0,58.4252,57.974,58.4252,57.9741,58.4304,57.975,0.0001,0.0001,0.009,0.0017
18059.0,57.9012,22.0365,57.9012,22.0366,57.9025,22.0317,0.0,0.0003,0.0022,0.0219
18033.0,57.8219,13.0461,57.8219,13.0462,57.8158,13.0458,0.0,0.0005,0.0105,0.002
17874.0,57.3632,-36.1969,57.3632,-36.1969,57.3638,-36.2003,0.0001,-0.0002,0.0009,-0.0093
18438.0,59.1129,71.8222,59.113,71.8223,59.1258,71.8217,0.0002,0.0001,0.0219,0.0008
18094.0,58.0142,31.167,58.0142,31.1671,58.0179,31.1683,0.0,0.0002,0.0065,0.0042
18212.0,58.4171,48.649,58.4171,48.649,58.4112,48.6506,0.0001,0.0001,0.0099,0.0033
18089.0,57.9966,6.5322,57.9965,6.5323,58.0008,6.5347,0.0,0.001,0.0074,0.0384
17982.0,57.6577,-36.425,57.6576,-36.4249,57.6567,-36.4253,0.0001,-0.0002,0.0018,-0.0009
18170.0,58.295,17.3284,58.295,17.3285,58.2917,17.3269,0.0,0.0004,0.0058,0.0087
18141.0,58.1732,-5.3646,58.1732,-5.3646,58.1733,-5.3614,0.0001,-0.0012,0.0002,-0.0607
18246.0,58.534,31.8833,58.534,31.8834,58.5329,31.8836,0.0,0.0002,0.0019,0.0009
18505.0,59.3659,63.0723,59.366,63.0724,59.3562,63.0722,0.0001,0.0001,0.0163,0.0001
18488.0,59.2733,61.1102,59.2733,61.1103,59.2846,61.1089,0.0001,0.0001,0.0191,0.0021
18173.0,58.3032,-18.4334,58.3031,-18.4333,58.3042,-18.4344,0.0001,-0.0003,0.0017,-0.0058
18396.0,58.9897,47.8756,58.9897,47.8757,58.9925,47.8714,0.0,0.0001,0.0047,0.0089
17678.0,56.8035,-74.2383,56.8033,-74.2382,56.8096,-74.2389,0.0004,-0.0001,0.0107,-0.0008
18350.0,58.8421,31.0438,58.8421,31.0439,58.8458,31.0458,0.0,0.0002,0.0064,0.0065
18453.0,59.1513,50.7004,59.1514,50.7005,59.1521,50.6953,0.0001,0.0001,0.0013,0.0102
18255.0,58.5699,-2.952,58.5698,-2.9519,58.5725,-2.9528,0.0001,-0.0021,0.0045,-0.0271
,58.5741,-2.9583,58.5741,-2.9583,58.5729,-2.9547,0.0001,-0.0021,0.002,-0.1226
18216.0,58.4318,-24.6145,58.4317,-24.6144,58.4275,-24.6125,0.0001,-0.0003,0.0073,-0.008
18213.0,58.4134,-34.7335,58.4133,-34.7334,58.4121,-34.7322,0.0001,-0.0002,0.0022,-0.0037
18434.0,59.1238,35.0828,59.1238,35.0829,59.1196,35.0811,0.0,0.0002,0.0071,0.0048
18199.0,58.394,-46.8912,58.3939,-46.8912,58.3888,-46.8936,0.0002,-0.0001,0.009,-0.0051
18339.0,58.8166,-12.0968,58.8166,-12.0967,58.8179,-12.0992,0.0001,-0.0005,0.0022,-0.0196
18471.0,59.2137,22.4748,59.2137,22.4748,59.2171,22.4781,0.0,0.0003,0.0057,0.0146
18262.0,58.5968,-40.3544,58.5967,-40.3543,58.5967,-40.3572,0.0001,-0.0002,0.0002,-0.007
18485.0,59.2659,23.1693,59.2659,23.1693,59.2658,23.1756,0.0,0.0003,0.0,0.0271
18508.0,59.3583,24.4668,59.3583,24.4668,59.36,24.4619,0.0,0.0003,0.0029,0.0197
18547.0,59.5122,34.8129,59.5122,34.8129,59.5129,34.8144,0.0,0.0002,0.0012,0.0045
18481.0,59.2553,6.0444,59.2553,6.0445,59.2571,6.04,0.0,0.001,0.003,0.0736
18455.0,59.1541,-9.7495,59.154,-9.7495,59.1579,-9.7508,0.0001,-0.0006,0.0065,-0.0133
18565.0,59.6195,38.8396,59.6195,38.8397,59.6212,38.8403,0.0,0.0002,0.003,0.0018
18275.0,58.6356,-52.6884,58.6355,-52.6883,58.6417,-52.6906,0.0002,-0.0001,0.0103,-0.0041
18614.0,59.7363,35.7899,59.7364,35.7899,59.7412,35.7911,0.0,0.0002,0.0082,0.0035
18657.0,59.918,38.8211,59.918,38.8211,59.9167,38.8206,0.0,0.0002,0.0023,0.0013
19461.0,62.5263,80.6998,62.5266,80.6999,62.5117,80.6986,0.0005,0.0001,0.0234,0.0015
18543.0,59.5093,-13.506,59.5093,-13.506,59.5075,-13.5086,0.0001,-0.0005,0.0031,-0.019
18606.0,59.7232,-5.4658,59.7232,-5.4657,59.7179,-5.47,0.0001,-0.0011,0.0089,-0.0773
18658.0,59.9155,10.33,59.9155,10.3301,59.9196,10.3308,0.0,0.0006,0.0068,0.0076
18769.0,60.309,36.9891,60.309,36.9891,60.3112,36.99,0.0,0.0002,0.0038,0.0025
18647.0,59.8752,-12.5752,59.8751,-12.5751,59.8754,-12.5742,0.0001,-0.0005,0.0004,-0.0082
18401.0,59.0126,-63.4617,59.0124,-63.4617,59.0167,-63.4636,0.0002,-0.0001,0.0069,-0.003
19129.0,61.5159,68.6761,61.516,68.6761,61.5129,68.68,0.0002,0.0001,0.0049,0.0057
19018.0,61.1077,59.1588,61.1077,59.1588,61.1133,59.1556,0.0001,0.0001,0.0093,0.0054
18805.0,60.4442,9.9951,60.4442,9.9951,60.4421,9.9978,0.0,0.0006,0.0035,0.0271
18788.0,60.3856,-1.5451,60.3855,-1.5451,60.3833,-1.5497,0.0001,-0.0039,0.0037,-0.2966
18592.0,59.6843,-57.1015,59.6842,-57.1015,59.6788,-57.1025,0.0002,-0.0001,0.0093,-0.0017
18597.0,59.6775,-61.3993,59.6773,-61.3992,59.6862,-61.4003,0.0002,-0.0001,0.0147,-0.0016
19177.0,61.6556,65.5234,61.6557,65.5234,61.6625,65.5208,0.0002,0.0001,0.0111,0.0039
18907.0,60.7882,5.9881,60.7882,5.9882,60.7892,5.9892,0.0,0.001,0.0016,0.0171
19009.0,61.0907,24.1028,61.0907,24.1029,61.0904,24.1058,0.0,0.0002,0.0004,0.0125
18957.0,60.9383,5.4366,60.9383,5.4367,60.9358,5.4356,0.0,0.0011,0.004,0.0195
18975.0,60.9883,8.1974,60.9882,8.1974,60.9858,8.1972,0.0,0.0007,0.004,0.0016
19038.0,61.176,22.0809,61.176,22.081,61.1738,22.0819,0.0,0.0003,0.0037,0.0047
18993.0,61.0355,2.8256,61.0355,2.8256,61.0412,2.8269,0.0,0.0021,0.0094,0.049
18926.0,60.8529,-20.1405,60.8529,-20.1404,60.8529,-20.1442,0.0001,-0.0003,0.0,-0.0182
18942.0,60.9052,-20.1608,60.9051,-20.1607,60.9033,-20.1583,0.0001,-0.0003,0.003,-0.0122
19272.0,61.9738,62.3282,61.9739,62.3283,61.9629,62.33,0.0001,0.0001,0.0176,0.0028
19167.0,61.6526,50.3496,61.6526,50.3496,61.6458,50.3514,0.0001,0.0001,0.011,0.0036
18990.0,61.0394,-16.587,61.0393,-16.587,61.0362,-16.5889,0.0001,-0.0004,0.0051,-0.0112
19011.0,61.0934,-12.7915,61.0934,-12.7914,61.0946,-12.7925,0.0001,-0.0005,0.0019,-0.008
18772.0,60.3154,-61.0812,60.3153,-61.0811,60.3258,-61.0789,0.0002,-0.0001,0.0173,-0.0038
19037.0,61.1741,-20.3787,61.1741,-20.3787,61.1708,-20.3817,0.0001,-0.0003,0.0054,-0.0144
19412.0,62.3659,59.9032,62.366,59.9033,62.365,59.9081,0.0001,0.0001,0.0015,0.008
17328.0,55.5817,-85.2613,55.5811,-85.2612,55.6338,-85.2622,0.0012,-0.0001,0.0936,-0.0011
19121.0,61.4871,-8.8579,61.487,-8.8578,61.4854,-8.8561,0.0001,-0.0007,0.0027,-0.0196
19343.0,62.1658,47.7191,62.1659,47.7191,62.1654,47.7125,0.0001,0.0001,0.0006,0.0138
19111.0,61.4451,-20.5089,61.4451,-20.5088,61.4446,-20.5122,0.0001,-0.0003,0.0009,-0.0163
19095.0,61.4082,-27.6542,61.4081,-27.6541,61.4058,-27.6517,0.0001,-0.0002,0.0039,-0.0091
19400.0,62.3327,54.8283,62.3327,54.8284,62.3433,54.8289,0.0001,0.0001,0.0171,0.001
19302.0,62.0603,37.7326,62.0603,37.7327,62.0638,37.7278,0.0,0.0002,0.0055,0.0128
19335.0,62.1494,38.0371,62.1494,38.0372,62.1525,38.0397,0.0,0.0002,0.005,0.0068
19261.0,61.9268,15.1615,61.9267,15.1616,61.925,15.1628,0.0,0.0004,0.0028,0.0083
19284.0,61.9971,17.3379,61.997,17.338,61.9975,17.3397,0.0,0.0003,0.0007,0.0104
19730.0,63.4412,72.1241,63.4414,72.1242,63.4371,72.1264,0.0002,0.0001,0.0065,0.0031
19673.0,63.2046,68.4999,63.2047,68.5,63.215,68.5017,0.0002,0.0001,0.0165,0.0026
19388.0,62.2921,19.6112,62.2921,19.6112,62.2917,19.6092,0.0,0.0003,0.0007,0.0103
19376.0,62.2624,13.3988,62.2624,13.3988,62.2567,13.3983,0.0,0.0004,0.0092,0.0033
19242.0,61.859,-42.9187,61.859,-42.9186,61.8546,-42.9169,0.0001,-0.0001,0.0072,-0.004
19525.0,62.7448,33.5858,62.7448,33.5859,62.7458,33.5867,0.0,0.0002,0.0016,0.0025
19513.0,62.7076,26.481,62.7076,26.481,62.7079,26.4808,0.0,0.0002,0.0005,0.0005
19398.0,62.3262,-16.3841,62.3262,-16.384,62.3242,-16.3858,0.0001,-0.0004,0.0033,-0.0107
20860.0,67.0389,83.8084,67.0395,83.8084,67.0542,83.8078,0.0008,0.0001,0.0227,0.0007
19483.0,62.5911,-6.9277,62.5911,-6.9277,62.5938,-6.9239,0.0001,-0.0008,0.0042,-0.0554
19331.0,62.1353,-45.8661,62.1352,-45.866,62.1413,-45.8647,0.0002,-0.0001,0.0096,-0.003
19554.0,62.8291,5.5201,62.8291,5.5201,62.8346,5.5231,0.0,0.0011,0.0088,0.0541
19511.0,62.6974,-8.8242,62.6974,-8.8241,62.6988,-8.8197,0.0001,-0.0007,0.0021,-0.0508
19233.0,61.8427,-64.2286,61.8426,-64.2285,61.84,-64.2225,0.0003,-0.0001,0.0044,-0.0095
19641.0,63.1322,17.2808,63.1321,17.2809,63.1308,17.2775,0.0,0.0003,0.0021,0.0191
19823.0,63.7518,57.4617,63.7518,57.4617,63.7575,57.4603,0.0001,0.0001,0.009,0.0024
19672.0,63.2193,22.4136,63.2193,22.4137,63.2133,22.4136,0.0,0.0003,0.0095,0.0
19587.0,62.9661,-6.8345,62.966,-6.8344,62.9662,-6.8375,0.0001,-0.0008,0.0003,-0.044
19509.0,62.6963,-35.2736,62.6963,-35.2735,62.6908,-35.2739,0.0001,-0.0002,0.0088,-0.0009
19571.0,62.8978,-20.3554,62.8977,-20.3554,62.9008,-20.3561,0.0001,-0.0003,0.0049,-0.0034
19746.0,63.4959,37.9628,63.4959,37.9629,63.4983,37.9669,0.0,0.0002,0.0038,0.0109
19515.0,62.7076,-41.9961,62.7075,-41.996,62.7108,-41.9936,0.0001,-0.0001,0.0052,-0.0059
19812.0,63.7298,48.412,63.7298,48.412,63.7246,48.4094,0.0001,0.0001,0.0082,0.0052
20982.0,67.503,83.336,67.5035,83.336,67.5004,83.3406,0.0008,0.0001,0.0039,0.0055
19968.0,64.2182,61.8505,64.2183,61.8505,64.2233,61.8503,0.0001,0.0001,0.008,0.0003
19811.0,63.7214,40.4841,63.7215,40.4842,63.7221,40.4836,0.0,0.0001,0.001,0.0013
19720.0,63.3941,10.207,63.3941,10.2071,63.395,10.2122,0.0,0.0006,0.0014,0.051
19718.0,63.3788,8.8883,63.3788,8.8883,63.3804,8.8906,0.0,0.0006,0.0025,0.0258
19719.0,63.3881,7.718,63.3881,7.7181,63.3879,7.7161,0.0,0.0007,0.0004,0.0247
19736.0,63.4639,12.7533,63.4639,12.7533,63.4579,12.7533,0.0,0.0004,0.0094,0.0006
19740.0,63.4838,9.2584,63.4838,9.2584,63.485,9.2636,0.0,0.0006,0.0019,0.0567
19725.0,63.4092,-1.1543,63.4092,-1.1543,63.4092,-1.1497,0.0001,-0.005,0.0001,-0.4006
19983.0,64.2825,57.8549,64.2825,57.855,64.2842,57.8606,0.0001,0.0001,0.0026,0.0097
19949.0,64.1825,53.6155,64.1826,53.6156,64.1796,53.6119,0.0001,0.0001,0.0046,0.0067
19642.0,63.1311,-44.3667,63.131,-44.3666,63.1317,-44.3683,0.0001,-0.0001,0.0008,-0.0037
20776.0,66.7433,80.8245,66.7437,80.8245,66.7617,80.8242,0.0005,0.0001,0.0275,0.0004
19777.0,63.6002,-10.2569,63.6002,-10.2568,63.5988,-10.2564,0.0001,-0.0006,0.0023,-0.0047
19877.0,63.9453,15.4022,63.9452,15.4022,63.9429,15.4006,0.0,0.0004,0.0037,0.0104
19860.0,63.8886,8.8929,63.8885,8.8929,63.8838,8.8922,0.0,0.0006,0.0075,0.0075
19855.0,63.8618,6.1999,63.8618,6.1999,63.8575,6.1997,0.0,0.0009,0.0068,0.0027
19859.0,63.8722,6.1861,63.8721,6.1861,63.8717,6.1867,0.0,0.0009,0.0008,0.0099
19721.0,63.3947,-40.355,63.3946,-40.355,63.3988,-40.3578,0.0001,-0.0001,0.0064,-0.0068
20070.0,64.5585,50.2955,64.5585,50.2956,64.5608,50.2956,0.0001,0.0001,0.0036,0.0001
19849.0,63.8479,-7.6074,63.8479,-7.6073,63.8179,-7.6528,0.0001,-0.0007,0.047,-0.5953
19747.0,63.5062,-42.295,63.5061,-42.295,63.5004,-42.2944,0.0001,-0.0001,0.0091,-0.0014
20266.0,65.1719,65.1391,65.172,65.1391,65.1679,65.1406,0.0002,0.0001,0.0061,0.0023
20063.0,64.5298,42.1422,64.5298,42.1422,64.5342,42.1411,0.0,0.0001,0.0067,0.0025
19990.0,64.3208,20.5773,64.3208,20.5774,64.315,20.5786,0.0,0.0003,0.0091,0.0062
20156.0,64.7944,50.0496,64.7945,50.0497,64.8054,50.0489,0.0001,0.0001,0.017,0.0014
20087.0,64.5928,21.5833,64.5927,21.5834,64.5967,21.5792,0.0,0.0003,0.0061,0.0193
19996.0,64.3313,-6.4713,64.3313,-6.4713,64.33,-6.4719,0.0001,-0.0009,0.002,-0.0093
20234.0,65.04,50.9205,65.04,50.9206,65.0479,50.9208,0.0001,0.0001,0.0122,0.0006
20089.0,64.6034,9.4842,64.6034,9.4842,64.6021,9.4867,0.0,0.0006,0.0021,0.0261
20376.0,65.4507,60.7337,65.4508,60.7338,65.4483,60.7356,0.0001,0.0001,0.0036,0.003
19780.0,63.6096,-62.4792,63.6094,-62.4792,63.6062,-62.4739,0.0002,-0.0001,0.0052,-0.0086
20241.0,65.0615,41.8062,65.0615,41.8062,65.06,41.8081,0.0,0.0001,0.0023,0.0045
19893.0,63.9976,-51.4892,63.9975,-51.4892,64.0067,-51.4867,0.0002,-0.0001,0.0142,-0.005
20171.0,64.8602,21.1391,64.8602,21.1391,64.8588,21.1422,0.0,0.0003,0.0023,0.015
19805.0,63.7048,-62.1903,63.7047,-62.1903,63.7029,-62.1919,0.0002,-0.0001,0.003,-0.0026
20186.0,64.8991,21.7751,64.8991,21.7751,64.9029,21.7736,0.0,0.0003,0.0059,0.0066
20380.0,65.4605,56.5037,65.4606,56.5038,65.4658,56.5067,0.0001,0.0001,0.0081,0.0052
20231.0,65.0369,31.9554,65.0369,31.9555,65.0417,31.9533,0.0,0.0002,0.0073,0.0065
20075.0,64.5682,-20.7163,64.5681,-20.7162,64.5662,-20.7156,0.0001,-0.0003,0.003,-0.0034
20205.0,64.9425,15.6274,64.9424,15.6274,64.9483,15.6275,0.0,0.0004,0.0091,0.0009
20042.0,64.4746,-33.7948,64.4745,-33.7948,64.4738,-33.7983,0.0001,-0.0002,0.0013,-0.0104
20250.0,65.0884,27.3559,65.0884,27.356,65.0888,27.3508,0.0,0.0002,0.0006,0.0186
20188.0,64.9104,10.1223,64.9104,10.1223,64.9062,10.1214,0.0,0.0006,0.0064,0.0086
20354.0,65.3924,46.5024,65.3924,46.5024,65.3883,46.4989,0.0001,0.0001,0.0062,0.0075
20219.0,64.9901,14.0337,64.9901,14.0337,64.9904,14.0353,0.0,0.0004,0.0005,0.0114
20456.0,65.7445,59.6132,65.7446,59.6132,65.7412,59.6164,0.0001,0.0001,0.005,0.0054
20106.0,64.6598,-22.9682,64.6597,-22.9682,64.6558,-22.9703,0.0001,-0.0002,0.0061,-0.0089
20255.0,65.0989,18.7421,65.0989,18.7422,65.1046,18.7425,0.0,0.0003,0.0087,0.002
19921.0,64.1291,-59.3004,64.129,-59.3003,64.1204,-59.3019,0.0002,-0.0001,0.0136,-0.0027
20261.0,65.1484,15.0911,65.1484,15.0912,65.1512,15.0953,0.0,0.0004,0.0044,0.0276
19917.0,64.0863,-60.9482,64.0861,-60.9482,64.0879,-60.9486,0.0002,-0.0001,0.0025,-0.0006
20284.0,65.2154,13.8605,65.2154,13.8606,65.22,13.8642,0.0,0.0004,0.007,0.0264
20138.0,64.7665,-33.9041,64.7664,-33.9041,64.7625,-33.905,0.0001,-0.0002,0.0062,-0.0026
20268.0,65.1705,6.1347,65.1704,6.1347,65.1717,6.1308,0.0,0.0009,0.0019,0.0627
20281.0,65.2021,9.2239,65.2021,9.224,65.2042,9.2256,0.0,0.0006,0.0031,0.018
20263.0,65.1625,-6.2477,65.1625,-6.2476,65.1612,-6.2456,0.0001,-0.0009,0.0019,-0.0343
20271.0,65.1834,-7.5935,65.1834,-7.5935,65.1783,-7.5925,0.0001,-0.0007,0.0078,-0.0136
20161.0,64.8142,-44.2686,64.8141,-44.2685,64.8192,-44.2681,0.0001,-0.0001,0.0077,-0.0012
20109.0,64.659,-52.8627,64.6589,-52.8627,64.6667,-52.86,0.0002,-0.0001,0.0118,-0.0052
20264.0,65.1609,-20.641,65.1609,-20.6409,65.1625,-20.6397,0.0001,-0.0003,0.0024,-0.006
20400.0,65.5152,14.0733,65.5152,14.0733,65.5146,14.0772,0.0,0.0004,0.001,0.028
20430.0,65.6502,25.6279,65.6502,25.6279,65.6454,25.6292,0.0,0.0002,0.0073,0.005
20417.0,65.6011,20.8223,65.6011,20.8223,65.595,20.8214,0.0,0.0003,0.0093,0.0042
20498.0,65.9043,42.4255,65.9044,42.4255,65.8996,42.4281,0.0,0.0001,0.0072,0.0061
20020.0,64.4173,-63.2592,64.4171,-63.2591,64.4175,-63.2556,0.0002,-0.0001,0.0003,-0.0057
20455.0,65.7292,17.5454,65.7292,17.5454,65.7338,17.5425,0.0,0.0003,0.0069,0.0165
20347.0,65.3774,-25.7261,65.3773,-25.7261,65.3804,-25.7283,0.0001,-0.0002,0.0046,-0.0085
20493.0,65.8911,20.9832,65.8911,20.9832,65.885,20.9822,0.0,0.0003,0.0092,0.0046
20484.0,65.8557,16.7775,65.8557,16.7775,65.8542,16.7772,0.0,0.0003,0.0023,0.0014
20579.0,66.1183,34.134,66.1183,34.134,66.1217,34.1306,0.0,0.0002,0.0051,0.01
20533.0,65.9993,24.3049,65.9993,24.305,65.9992,24.3011,0.0,0.0002,0.0002,0.0156
20591.0,66.153,33.9582,66.153,33.9582,66.1558,33.9597,0.0,0.0002,0.0043,0.0045
20542.0,66.0247,17.4427,66.0247,17.4427,66.0242,17.4439,0.0,0.0003,0.0008,0.007
20522.0,65.9629,9.4588,65.9629,9.4589,65.9662,9.4608,0.0,0.0006,0.005,0.0215
20772.0,66.749,57.5899,66.7491,57.59,66.7538,57.5853,0.0001,0.0001,0.0071,0.0081
20507.0,65.9167,-3.7432,65.9166,-3.7431,65.92,-3.7456,0.0001,-0.0015,0.0051,-0.0633
20465.0,65.7697,-24.8955,65.7697,-24.8954,65.7738,-24.8922,0.0001,-0.0002,0.0061,-0.0132
20614.0,66.237,19.0365,66.237,19.0366,66.2379,19.0417,0.0,0.0003,0.0013,0.0269
20467.0,65.7835,-35.5479,65.7834,-35.5478,65.7821,-35.545,0.0001,-0.0002,0.0021,-0.0081
20635.0,66.342,22.2995,66.342,22.2995,66.3421,22.2939,0.0,0.0002,0.0002,0.0251
20641.0,66.3536,22.1957,66.3536,22.1958,66.3542,22.1997,0.0,0.0002,0.0008,0.018
20648.0,66.3696,17.9229,66.3696,17.9229,66.3725,17.9281,0.0,0.0003,0.0043,0.0289
20704.0,66.5242,31.4448,66.5242,31.4449,66.5262,31.4389,0.0,0.0002,0.003,0.0189
20661.0,66.4001,15.9387,66.4,15.9388,66.4054,15.9408,0.0,0.0003,0.0081,0.0132
20711.0,66.5747,22.8141,66.5747,22.8141,66.5771,22.8136,0.0,0.0002,0.0036,0.002
20535.0,66.0056,-34.0154,66.0055,-34.0153,66.0092,-34.0169,0.0001,-0.0002,0.0055,-0.0045
20713.0,66.5877,15.6214,66.5877,15.6214,66.5867,15.6183,0.0,0.0003,0.0015,0.0196
20384.0,65.4797,-63.3867,65.4796,-63.3866,65.4721,-63.3864,0.0002,-0.0001,0.0117,-0.0005
20732.0,66.6528,14.7139,66.6528,14.714,66.6517,14.7136,0.0,0.0004,0.0017,0.002
20715.0,66.5896,8.5964,66.5896,8.5964,66.5879,8.5903,0.0,0.0006,0.0026,0.0712
20613.0,66.2353,-34.7598,66.2352,-34.7597,66.235,-34.7578,0.0001,-0.0002,0.0004,-0.0058
20789.0,66.8191,22.9971,66.8191,22.9972,66.8229,22.9964,0.0,0.0002,0.0057,0.0031
20771.0,66.756,2.0785,66.756,2.0786,66.7529,2.0794,0.0,0.0026,0.0046,0.0444
21247.0,68.3821,72.5275,68.3823,72.5276,68.3779,72.5286,0.0003,0.0001,0.0062,0.0015
20804.0,66.8714,11.209,66.8714,11.209,66.87,11.2125,0.0,0.0005,0.0022,0.0313
20842.0,66.9995,21.623,66.9995,21.623,67.0033,21.62,0.0,0.0002,0.0057,0.0139
20630.0,66.3353,-44.1593,66.3352,-44.1592,66.3296,-44.1608,0.0001,-0.0001,0.0086,-0.0035
20552.0,66.0454,-57.0724,66.0452,-57.0723,66.0508,-57.0714,0.0002,-0.0001,0.0083,-0.0018
20904.0,67.2209,30.3632,67.2209,30.3632,67.2162,30.3614,0.0,0.0002,0.007,0.0058
20877.0,67.1054,16.3576,67.1054,16.3577,67.11,16.3597,0.0,0.0003,0.0069,0.0129
20873.0,67.0961,14.7376,67.096,14.7377,67.0975,14.7408,0.0,0.0004,0.0022,0.0219
20889.0,67.1595,19.1801,67.1594,19.1802,67.1542,19.1803,0.0,0.0003,0.0079,0.0009
20765.0,66.7328,-24.0807,66.7327,-24.0806,66.7375,-24.0814,0.0001,-0.0002,0.0071,-0.003
20885.0,67.1455,15.9594,67.1455,15.9595,67.1438,15.9622,0.0,0.0003,0.0026,0.0175
20894.0,67.1674,15.8693,67.1674,15.8694,67.1654,15.8708,0.0,0.0003,0.003,0.0095
20848.0,67.0197,1.8598,67.0197,1.8598,67.015,1.8586,0.0,0.0029,0.007,0.0621
20901.0,67.2065,13.0463,67.2065,13.0464,67.2092,13.0475,0.0,0.0004,0.0039,0.0089
20884.0,67.1314,1.3771,67.1313,1.3771,67.1338,1.3808,0.0,0.0039,0.0035,0.2723
20619.0,66.2692,-61.2359,66.2691,-61.2359,66.2721,-61.2383,0.0002,-0.0001,0.0043,-0.0039
21148.0,68.0017,53.9133,68.0017,53.9134,68.0075,53.9108,0.0001,0.0001,0.0086,0.0046
20781.0,66.7801,-46.9413,66.78,-46.9413,66.775,-46.9475,0.0002,-0.0001,0.0076,-0.0132
21038.0,67.6536,32.4565,67.6536,32.4566,67.6596,32.4581,0.0,0.0002,0.0089,0.0047
20963.0,67.4267,10.5201,67.4267,10.5201,67.4288,10.5217,0.0,0.0005,0.003,0.0152
20892.0,67.1595,-19.4592,67.1595,-19.4591,67.1625,-19.4583,0.0001,-0.0003,0.0044,-0.0043
20995.0,67.5317,15.639,67.5317,15.639,67.5358,15.6381,0.0,0.0003,0.0061,0.006
20922.0,67.2819,-13.0479,67.2819,-13.0478,67.2788,-13.0483,0.0001,-0.0004,0.0047,-0.0034
20985.0,67.5075,10.2631,67.5075,10.2631,67.51,10.2625,0.0,0.0005,0.0037,0.0058
20049.0,64.5122,-80.2174,64.5118,-80.2174,64.4962,-80.2139,0.0006,-0.0001,0.0248,-0.0044
21029.0,67.6403,16.1977,67.6403,16.1978,67.6404,16.1939,0.0,0.0003,0.0002,0.0237
21039.0,67.6614,15.6908,67.6614,15.6909,67.6621,15.6919,0.0,0.0003,0.001,0.0071
20856.0,67.0447,-41.9616,67.0446,-41.9616,67.0392,-41.96,0.0001,-0.0001,0.0083,-0.0039
21036.0,67.6558,13.7227,67.6558,13.7228,67.6554,13.7244,0.0,0.0004,0.0006,0.0126
20997.0,67.545,-13.5948,67.5449,-13.5948,67.5404,-13.5922,0.0001,-0.0004,0.0068,-0.0192
21137.0,67.9661,15.8521,67.9661,15.8522,67.9658,15.8517,0.0,0.0003,0.0004,0.003
20934.0,67.3352,-46.5178,67.3351,-46.5177,67.3333,-46.5153,0.0002,-0.0001,0.0027,-0.0054
21242.0,68.3509,43.0617,68.3509,43.0617,68.3537,43.0639,0.0,0.0001,0.0041,0.0051
20825.0,66.9402,-62.5199,66.9401,-62.5199,66.9412,-62.5208,0.0002,-0.0001,0.0015,-0.0014
21152.0,68.0189,5.4155,68.0189,5.4155,68.02,5.41,0.0,0.001,0.0016,0.1011
21110.0,67.8592,-13.6423,67.8592,-13.6422,67.8579,-13.645,0.0001,-0.0004,0.0019,-0.02
21042.0,67.6725,-35.6549,67.6725,-35.6548,67.6679,-35.6536,0.0001,-0.0001,0.0068,-0.0036
21452.0,69.1049,64.257,69.105,64.2571,69.1008,64.2617,0.0002,0.0001,0.0059,0.0072
21192.0,68.1569,-3.2067,68.1569,-3.2067,68.1558,-3.2092,0.0001,-0.0016,0.0016,-0.0766
21060.0,67.7062,-44.9526,67.7061,-44.9525,67.7088,-44.9539,0.0001,-0.0001,0.0037,-0.0029
21273.0,68.458,14.8413,68.458,14.8414,68.4621,14.8444,0.0,0.0003,0.0059,0.0211
21323.0,68.6536,28.962,68.6537,28.9621,68.6583,28.9611,0.0,0.0002,0.0068,0.0032
21269.0,68.4523,9.4181,68.4522,9.4182,68.4504,9.4131,0.0,0.0006,0.0027,0.054
21239.0,68.3452,-10.7862,68.3452,-10.7862,68.3417,-10.7858,0.0001,-0.0005,0.0052,-0.0037
21295.0,68.5324,5.5719,68.5323,5.572,68.5346,5.5686,0.0,0.0009,0.0033,0.0596
21278.0,68.4732,-6.7377,68.4732,-6.7376,68.4783,-6.7389,0.0001,-0.0008,0.0075,-0.0178
21298.0,68.5593,-6.8338,68.5592,-6.8337,68.5592,-6.8378,0.0001,-0.0008,0.0002,-0.0589
21296.0,68.5466,-8.2288,68.5466,-8.2287,68.5483,-8.2314,0.0001,-0.0006,0.0025,-0.0315
21297.0,68.5536,-8.9671,68.5535,-8.9671,68.5488,-8.9703,0.0001,-0.0006,0.007,-0.035
21476.0,69.1733,41.2669,69.1734,41.2669,69.1725,41.2647,0.0,0.0001,0.0012,0.0052
21408.0,68.922,19.8831,68.922,19.8832,68.9279,19.8817,0.0,0.0003,0.0086,0.0073
20297.0,65.2154,-81.5805,65.215,-81.5805,65.2412,-81.58,0.0007,-0.0001,0.0396,-0.0006
21421.0,68.9776,16.5096,68.9776,16.5097,68.98,16.5092,0.0,0.0003,0.0034,0.0027
21402.0,68.9087,10.1605,68.9086,10.1605,68.9137,10.1608,0.0,0.0005,0.0074,0.0037
21459.0,69.1268,23.3409,69.1268,23.341,69.1217,23.3408,0.0,0.0002,0.0074,0.0003
21377.0,68.8073,-9.7351,68.8072,-9.735,68.8083,-9.7367,0.0001,-0.0005,0.0015,-0.0166
21363.0,68.7526,-19.9227,68.7526,-19.9227,68.7521,-19.9206,0.0001,-0.0003,0.0008,-0.0108
21428.0,69.0043,-3.6105,69.0042,-3.6105,69.0067,-3.6119,0.0001,-0.0014,0.0035,-0.0389
21444.0,69.0756,-3.3532,69.0756,-3.3531,69.0796,-3.3525,0.0001,-0.0015,0.0057,-0.0203
21393.0,68.8827,-30.5612,68.8827,-30.5612,68.8875,-30.5622,0.0001,-0.0002,0.0069,-0.0032
21281.0,68.492,-55.0422,68.4918,-55.0422,68.4992,-55.045,0.0002,-0.0001,0.0105,-0.005
21730.0,69.9943,53.475,69.9944,53.4751,69.9921,53.4731,0.0001,0.0001,0.0032,0.0037
21727.0,69.9758,53.0796,69.9759,53.0796,69.9779,53.0797,0.0001,0.0001,0.003,0.0003
22152.0,71.4797,76.6103,71.4799,76.6103,71.5012,76.6111,0.0004,0.0001,0.0302,0.0011
21619.0,69.6218,26.9345,69.6218,26.9345,69.6233,26.94,0.0,0.0002,0.0023,0.0204
21604.0,69.5606,20.6853,69.5606,20.6853,69.5658,20.6847,0.0,0.0002,0.0075,0.0026
21589.0,69.5418,12.5088,69.5418,12.5089,69.5396,12.5108,0.0,0.0004,0.0032,0.016
21547.0,69.3974,-2.4729,69.3974,-2.4728,69.4004,-2.4733,0.0001,-0.0021,0.0043,-0.019
21253.0,68.3927,-62.8269,68.3926,-62.8269,68.3917,-62.8236,0.0002,-0.0001,0.0016,-0.0053
21689.0,69.8445,25.2145,69.8445,25.2145,69.8462,25.2183,0.0,0.0002,0.0026,0.0153
21673.0,69.7839,15.8032,69.7839,15.8033,69.7883,15.7997,0.0,0.0003,0.0064,0.0222
21683.0,69.8189,15.9237,69.8189,15.9238,69.8188,15.9181,0.0,0.0003,0.0002,0.0355
21670.0,69.7718,7.8737,69.7718,7.8737,69.7758,7.8708,0.0,0.0006,0.0058,0.036
21594.0,69.5509,-14.3019,69.5508,-14.3018,69.545,-14.3039,0.0001,-0.0004,0.0084,-0.0141
21823.0,70.3488,48.3071,70.3489,48.3072,70.3504,48.3008,0.0001,0.0001,0.0023,0.013
21644.0,69.7205,-12.1208,69.7204,-12.1207,69.7233,-12.1231,0.0001,-0.0004,0.0041,-0.019
21735.0,70.019,12.1965,70.0189,12.1965,70.0142,12.1978,0.0,0.0004,0.0069,0.0109
20446.0,65.7237,-82.8971,65.7232,-82.8971,65.7121,-82.8992,0.0008,-0.0001,0.0177,-0.0025
21966.0,70.8273,59.5175,70.8274,59.5175,70.8254,59.5208,0.0001,0.0001,0.0027,0.0057
21685.0,69.8352,-14.3598,69.8351,-14.3597,69.8321,-14.3592,0.0001,-0.0003,0.0044,-0.0043
21718.0,69.95,-1.0499,69.95,-1.0498,69.9467,-1.0528,0.0,-0.0048,0.0048,-0.2757
21847.0,70.4596,38.281,70.4596,38.2811,70.4596,38.2803,0.0,0.0001,0.0,0.0019
21819.0,70.3318,28.6112,70.3318,28.6113,70.3325,28.615,0.0,0.0002,0.001,0.0131
22361.0,72.2138,75.9448,72.214,75.9448,72.2096,75.9411,0.0003,0.0001,0.0058,0.0048
21479.0,69.1957,-62.0769,69.1955,-62.0768,69.19,-62.0775,0.0002,-0.0001,0.0082,-0.001
21972.0,70.8459,49.9715,70.846,49.9715,70.84,49.9739,0.0001,0.0001,0.0083,0.0048
21928.0,70.7241,43.3651,70.7241,43.3651,70.7262,43.365,0.0,0.0001,0.0031,0.0002
21743.0,70.0277,-24.4794,70.0277,-24.4794,70.0283,-24.4825,0.0001,-0.0002,0.0009,-0.0125
21763.0,70.1121,-19.6704,70.1121,-19.6704,70.1104,-19.6717,0.0001,-0.0003,0.0024,-0.0063
21881.0,70.5598,22.9614,70.5598,22.9614,70.5612,22.9569,0.0,0.0002,0.0021,0.0194
21666.0,69.7637,-51.6747,69.7636,-51.6747,69.7679,-51.6728,0.0002,-0.0001,0.006,-0.0038
21961.0,70.8036,24.0862,70.8036,24.0862,70.8075,24.0889,0.0,0.0002,0.0055,0.0113
22034.0,71.0565,40.7898,71.0565,40.7898,71.0537,40.7869,0.0,0.0001,0.0038,0.0069
22003.0,70.9506,32.8693,70.9506,32.8694,70.9512,32.8653,0.0,0.0001,0.0009,0.0124
21770.0,70.1482,-41.8592,70.1481,-41.8591,70.1404,-41.8639,0.0001,-0.0001,0.011,-0.0113
21861.0,70.5162,-37.1455,70.5161,-37.1454,70.5146,-37.1444,0.0001,-0.0001,0.0022,-0.0028
21756.0,70.0839,-58.9444,70.0838,-58.9443,70.0762,-58.9436,0.0002,-0.0001,0.011,-0.0013
21986.0,70.8907,-8.7942,70.8906,-8.7941,70.8942,-8.7936,0.0001,-0.0006,0.0049,-0.0062
,70.8907,-8.7942,70.8906,-8.7941,70.8963,-8.7961,0.0001,-0.0006,0.0079,-0.0222
22044.0,71.1072,11.1466,71.1072,11.1466,71.1075,11.1461,0.0,0.0004,0.0004,0.0041
22024.0,71.0243,-8.5005,71.0243,-8.5004,71.0221,-8.5036,0.0001,-0.0006,0.0031,-0.0369
21958.0,70.7873,-30.7619,70.7872,-30.7619,70.7887,-30.7656,0.0001,-0.0002,0.002,-0.0119
22508.0,72.6591,70.9461,72.6593,70.9462,72.6517,70.9417,0.0002,0.0001,0.0103,0.0063
22287.0,72.0081,56.7612,72.0082,56.7613,72.0012,56.7572,0.0001,0.0001,0.0095,0.0071
22128.0,71.4308,23.6261,71.4308,23.6262,71.4271,23.6281,0.0,0.0002,0.0052,0.0081
22220.0,71.6785,40.3138,71.6785,40.3138,71.685,40.3128,0.0,0.0001,0.009,0.0025
22300.0,72.0326,55.6003,72.0327,55.6003,72.0292,55.6025,0.0001,0.0001,0.0047,0.004
21914.0,70.6891,-50.4812,70.689,-50.4811,70.6933,-50.4814,0.0002,-0.0001,0.0059,-0.0005
22176.0,71.5758,18.735,71.5758,18.735,71.57,18.735,0.0,0.0003,0.0082,0.0002
21998.0,70.9383,-41.0625,70.9382,-41.0624,70.9342,-41.0647,0.0001,-0.0001,0.0058,-0.0055
22157.0,71.5019,11.707,71.5018,11.7071,71.5071,11.7056,0.0,0.0004,0.0073,0.0125
22109.0,71.373,-3.2565,71.3729,-3.2564,71.3754,-3.2547,0.0001,-0.0015,0.0035,-0.0544
22086.0,71.2649,-21.2877,71.2648,-21.2876,71.2675,-21.2836,0.0001,-0.0002,0.0037,-0.019
22189.0,71.6047,-2.9549,71.6047,-2.9548,71.6004,-2.9544,0.0001,-0.0016,0.006,-0.0147
22192.0,71.6013,-28.0861,71.6013,-28.086,71.6075,-28.0875,0.0001,-0.0002,0.0086,-0.0051
22144.0,71.4827,-39.356,71.4826,-39.3559,71.4808,-39.3567,0.0001,-0.0001,0.0027,-0.0018
22626.0,73.0299,63.5093,73.03,63.5094,73.0217,63.5053,0.0001,0.0001,0.0112,0.0064
22407.0,72.3294,32.5851,72.3294,32.5851,72.3292,32.5883,0.0,0.0001,0.0003,0.01
22393.0,72.3037,31.4423,72.3037,31.4423,72.3033,31.4372,0.0,0.0002,0.0005,0.0162
22040.0,71.092,-59.7315,71.0918,-59.7315,71.0879,-59.7328,0.0002,-0.0001,0.0057,-0.0021
21611.0,69.601,-77.6612,69.6006,-77.6612,69.5904,-77.6561,0.0005,-0.0001,0.0152,-0.0066
22263.0,71.8986,-16.941,71.8985,-16.941,71.9012,-16.9344,0.0001,-0.0003,0.0037,-0.0388
22453.0,72.4753,37.4879,72.4754,37.488,72.4775,37.4883,0.0,0.0001,0.003,0.0011
22354.0,72.1887,3.5933,72.1887,3.5934,72.1858,3.5883,0.0,0.0013,0.004,0.1394
22545.0,72.7887,48.7392,72.7888,48.7392,72.7887,48.7408,0.0001,0.0001,0.0,0.0034
22336.0,72.1438,-5.6721,72.1437,-5.672,72.1512,-5.6739,0.0001,-0.0008,0.0104,-0.032
22441.0,72.4325,15.9041,72.4325,15.9042,72.4337,15.9042,0.0,0.0003,0.0017,0.0002
22325.0,72.1362,-16.3265,72.1362,-16.3264,72.1354,-16.3294,0.0001,-0.0003,0.0011,-0.0182
22280.0,71.9583,-30.0209,71.9583,-30.0208,71.9567,-30.0203,0.0001,-0.0002,0.0023,-0.0021
22081.0,71.2367,-63.2255,71.2365,-63.2255,71.2413,-63.2297,0.0002,-0.0001,0.0064,-0.0067
21949.0,70.7786,-70.9331,70.7784,-70.933,70.7663,-70.9311,0.0003,-0.0001,0.0175,-0.0028
22783.0,73.5141,66.3378,73.5142,66.3378,73.5125,66.3428,0.0002,0.0001,0.0021,0.0075
22449.0,72.4547,6.9599,72.4546,6.96,72.46,6.9614,0.0,0.0007,0.0074,0.0211
22509.0,72.6504,8.9014,72.6504,8.9014,72.6529,8.9003,0.0,0.0005,0.0035,0.0125
22439.0,72.4234,-13.7647,72.4233,-13.7646,72.4258,-13.7697,0.0001,-0.0003,0.0034,-0.0365
22720.0,73.293,52.8374,73.293,52.8374,73.2908,52.8408,0.0001,0.0001,0.0029,0.0066
22565.0,72.8447,18.8364,72.8447,18.8365,72.8437,18.8397,0.0,0.0002,0.0014,0.0176
22329.0,72.1468,-43.9802,72.1467,-43.9801,72.1408,-43.98,0.0001,-0.0001,0.0083,-0.0004
22479.0,72.5514,-16.2183,72.5514,-16.2183,72.5483,-16.2172,0.0001,-0.0003,0.0043,-0.0068
22699.0,73.1951,42.5889,73.1951,42.589,73.1992,42.5867,0.0,0.0001,0.0056,0.0053
22678.0,73.159,36.6976,73.159,36.6976,73.1583,36.7031,0.0,0.0001,0.0009,0.015
22549.0,72.8033,5.6065,72.8033,5.6066,72.8017,5.605,0.0,0.0008,0.0023,0.0272
22597.0,72.9277,9.9761,72.9277,9.9761,72.9308,9.975,0.0,0.0005,0.0043,0.0108
22697.0,73.195,27.9023,73.195,27.9023,73.1963,27.8975,0.0,0.0002,0.0018,0.0171
22854.0,73.7657,55.2602,73.7657,55.2603,73.7629,55.2592,0.0001,0.0001,0.0037,0.0019
22667.0,73.1343,14.2488,73.1343,14.2488,73.1333,14.2506,0.0,0.0003,0.0013,0.0123
22488.0,72.5665,-41.3186,72.5664,-41.3185,72.5675,-41.3208,0.0001,-0.0001,0.0014,-0.0055
22842.0,73.7141,44.0572,73.7141,44.0573,73.7138,44.0608,0.0,0.0001,0.0004,0.0082
22573.0,72.8662,-34.9045,72.8662,-34.9044,72.8675,-34.9064,0.0001,-0.0001,0.0017,-0.0055
22701.0,73.223,-5.4548,73.223,-5.4548,73.2238,-5.4528,0.0001,-0.0008,0.001,-0.0371
22936.0,74.0288,52.8742,74.0289,52.8743,74.0296,52.8694,0.0001,0.0001,0.0011,0.0091
22730.0,73.3482,2.5086,73.3482,2.5086,73.345,2.5081,0.0,0.0018,0.0044,0.0205
22531.0,72.7333,-53.4663,72.7332,-53.4663,72.73,-53.4614,0.0002,-0.0001,0.0046,-0.0092
22534.0,72.7348,-53.4586,72.7347,-53.4586,72.7346,-53.4597,0.0002,-0.0001,0.0003,-0.0021
22774.0,73.4846,1.5723,73.4845,1.5723,73.4825,1.5694,0.0,0.0029,0.0028,0.1815
22850.0,73.742,19.4898,73.742,19.4899,73.7429,19.4853,0.0,0.0002,0.0012,0.0234
22797.0,73.5665,2.4395,73.5665,2.4396,73.5629,2.4406,0.0,0.0019,0.0049,0.0415
23040.0,74.3259,53.7478,74.326,53.7479,74.3217,53.7522,0.0001,0.0001,0.0057,0.0081
22833.0,73.6955,11.4238,73.6955,11.4239,73.6954,11.4261,0.0,0.0004,0.0001,0.0198
22845.0,73.7235,10.1573,73.7234,10.1573,73.7242,10.1508,0.0,0.0004,0.001,0.0634
22834.0,73.6957,7.7819,73.6957,7.782,73.6992,7.7792,0.0,0.0006,0.0047,0.0354
23442.0,75.5873,74.2725,75.5876,74.2725,75.5838,74.2692,0.0003,0.0001,0.0047,0.0045
22955.0,74.0847,36.1709,74.0847,36.1709,74.0829,36.1689,0.0,0.0001,0.0024,0.0056
22949.0,74.0632,24.5927,74.0632,24.5927,74.065,24.5922,0.0,0.0002,0.0025,0.0019
22913.0,73.9613,15.0391,73.9613,15.0391,73.9596,15.04,0.0,0.0003,0.0023,0.006
23015.0,74.2479,33.1658,74.2479,33.1658,74.2483,33.1661,0.0,0.0001,0.0006,0.001
22923.0,73.9948,5.4043,73.9948,5.4044,73.9933,5.3992,0.0,0.0008,0.002,0.0959
22860.0,73.7831,-16.7395,73.783,-16.7394,73.7783,-16.7406,0.0001,-0.0003,0.0065,-0.0066
22957.0,74.0967,13.5127,74.0967,13.5128,74.0929,13.5144,0.0,0.0003,0.0052,0.0127
22881.0,73.8266,-16.4151,73.8266,-16.4151,73.8275,-16.4178,0.0001,-0.0003,0.0012,-0.0163
22958.0,74.0956,-5.1715,74.0956,-5.1715,74.1008,-5.1714,0.0001,-0.0009,0.0071,-0.0026
22897.0,73.8702,-25.7282,73.8701,-25.7282,73.8758,-25.7278,0.0001,-0.0002,0.0077,-0.0018
22847.0,73.725,-39.6319,73.7249,-39.6319,73.7283,-39.6286,0.0001,-0.0001,0.0045,-0.0083
23043.0,74.3485,17.1529,74.3485,17.1529,74.3429,17.1536,0.0,0.0003,0.0075,0.0042
23068.0,74.4553,23.9541,74.4553,23.9542,74.4529,23.9486,0.0,0.0002,0.0031,0.0231
23582.0,76.0597,73.7598,76.0599,73.7598,76.0542,73.7639,0.0003,0.0001,0.0072,0.0056
23216.0,74.9498,53.1559,74.9498,53.156,74.9429,53.1556,0.0001,0.0001,0.0091,0.0007
23617.0,76.1566,74.0692,76.1569,74.0692,76.1658,74.0669,0.0003,0.0001,0.0121,0.0031
23088.0,74.5358,25.0532,74.5358,25.0532,74.5392,25.0503,0.0,0.0002,0.0046,0.0116
23041.0,74.3192,-1.0704,74.3192,-1.0704,74.3217,-1.0672,0.0,-0.0042,0.0033,-0.2983
23179.0,74.8106,37.8887,74.8106,37.8887,74.8142,37.8903,0.0,0.0001,0.0048,0.0042
23380.0,75.4083,61.0819,75.4084,61.082,75.3996,61.0781,0.0001,0.0001,0.0116,0.0064
23484.0,75.703,66.8244,75.7032,66.8245,75.71,66.8228,0.0002,0.0001,0.0092,0.0025
23060.0,74.4415,-14.2316,74.4414,-14.2316,74.4367,-14.2314,0.0001,-0.0003,0.0065,-0.0016
23092.0,74.5431,-2.2156,74.5431,-2.2155,74.545,-2.2125,0.0,-0.002,0.0025,-0.1379
22844.0,73.7204,-58.5485,73.7203,-58.5485,73.7208,-58.5472,0.0002,-0.0001,0.0006,-0.0023
22737.0,73.3754,-66.676,73.3752,-66.6759,73.3771,-66.6756,0.0003,-0.0001,0.0023,-0.0007
23161.0,74.749,14.5463,74.749,14.5463,74.7475,14.5428,0.0,0.0003,0.0021,0.024
23123.0,74.6373,1.7122,74.6373,1.7123,74.6371,1.7142,0.0,0.0026,0.0003,0.1123
23522.0,75.8587,60.4417,75.8588,60.4417,75.8546,60.4422,0.0001,0.0001,0.0054,0.0009
23166.0,74.757,-16.3805,74.757,-16.3805,74.7554,-16.3758,0.0001,-0.0003,0.0021,-0.0287
23416.0,75.4952,43.8228,75.4953,43.8228,75.4921,43.8233,0.0,0.0001,0.0042,0.0012
22717.0,73.2826,-72.4114,73.2824,-72.4114,73.2729,-72.4075,0.0003,-0.0001,0.0133,-0.0054
23203.0,74.8971,-14.804,74.897,-14.8039,74.9021,-14.8058,0.0001,-0.0003,0.0067,-0.0127
23221.0,74.9579,-10.2637,74.9579,-10.2636,74.96,-10.2633,0.0001,-0.0004,0.0028,-0.0034
23231.0,74.9863,-12.5349,74.9863,-12.5349,74.9825,-12.5375,0.0001,-0.0004,0.0051,-0.0204
23453.0,75.619,41.0739,75.619,41.074,75.6196,41.0758,0.0,0.0001,0.0008,0.0046
23511.0,75.8253,41.446,75.8253,41.4461,75.8275,41.4417,0.0,0.0001,0.0029,0.0105
25911.0,82.9273,85.9374,82.9283,85.9375,82.95,85.9386,0.0013,0.0,0.0274,0.0014
23364.0,75.3576,-7.1715,75.3575,-7.1715,75.3596,-7.1739,0.0001,-0.0006,0.0027,-0.033
23497.0,75.777,21.5939,75.777,21.5939,75.7738,21.59,0.0,0.0002,0.0043,0.0179
23362.0,75.3543,-20.0501,75.3543,-20.05,75.3567,-20.0519,0.0001,-0.0002,0.0031,-0.0094
23734.0,76.5448,58.9725,76.5449,58.9725,76.5354,58.9725,0.0001,0.0001,0.0123,0.0
23743.0,76.5476,59.0219,76.5477,59.022,76.5508,59.0211,0.0001,0.0001,0.0042,0.0014
23766.0,76.6306,61.1694,76.6307,61.1694,76.6238,61.17,0.0001,0.0001,0.0089,0.001
23475.0,75.6862,-4.2128,75.6861,-4.2127,75.6896,-4.2097,0.0001,-0.001,0.0045,-0.0721
23583.0,76.0542,30.4969,76.0542,30.4969,76.0604,30.4947,0.0,0.0001,0.0082,0.007
23611.0,76.1524,32.3148,76.1524,32.3149,76.1538,32.3203,0.0,0.0001,0.0018,0.0169
23430.0,75.5383,-26.2739,75.5382,-26.2738,75.5408,-26.275,0.0001,-0.0002,0.0033,-0.0043
22871.0,73.7924,-74.9413,73.7921,-74.9412,73.7967,-74.9369,0.0004,-0.0001,0.0058,-0.0058
23753.0,76.595,54.4088,76.595,54.4089,76.5917,54.4058,0.0001,0.0001,0.0043,0.0055
23377.0,75.3959,-39.7198,75.3958,-39.7198,75.3938,-39.7181,0.0001,-0.0001,0.0029,-0.0045
23614.0,76.1617,27.696,76.1618,27.6961,76.1579,27.6961,0.0,0.0002,0.005,0.0003
23589.0,76.0908,21.2739,76.0908,21.274,76.09,21.2781,0.0,0.0002,0.0011,0.0193
23474.0,75.6873,-22.7964,75.6873,-22.7964,75.6871,-22.795,0.0001,-0.0002,0.0003,-0.0061
23446.0,75.6,-31.7758,75.6,-31.7758,75.595,-31.7714,0.0001,-0.0001,0.0067,-0.014
24003.0,77.3951,69.6408,77.3953,69.6408,77.4029,69.6394,0.0002,0.0001,0.01,0.0019
23783.0,76.6734,51.5975,76.6735,51.5975,76.6692,51.5978,0.0001,0.0001,0.0055,0.0005
23607.0,76.1367,15.4033,76.1367,15.4033,76.1421,15.4042,0.0,0.0003,0.0071,0.0056
23724.0,76.5043,35.9316,76.5044,35.9316,76.5038,35.9364,0.0,0.0001,0.0008,0.0134
23551.0,75.9645,-14.3712,75.9645,-14.3712,75.9667,-14.3694,0.0001,-0.0003,0.0028,-0.0125
23767.0,76.6239,41.2365,76.6239,41.2365,76.6288,41.2344,0.0,0.0001,0.0063,0.0049
23695.0,76.3844,19.8024,76.3844,19.8025,76.3837,19.8064,0.0,0.0002,0.0009,0.02
24254.0,78.0995,73.946,78.0997,73.946,78.0933,73.9467,0.0003,0.0001,0.0079,0.0009
23799.0,76.713,43.1764,76.713,43.1765,76.7067,43.1747,0.0,0.0001,0.0082,0.004
23554.0,75.9717,-24.3844,75.9717,-24.3843,75.9721,-24.3878,0.0001,-0.0002,0.0005,-0.0139
23643.0,76.2236,-3.0399,76.2236,-3.0399,76.2271,-3.0397,0.0,-0.0014,0.0045,-0.0069
24017.0,77.4394,64.9198,77.4395,64.9199,77.4354,64.9194,0.0002,0.0001,0.0051,0.0006
23680.0,76.3474,1.1759,76.3474,1.1759,76.3488,1.1775,0.0,0.0036,0.0018,0.1359
23482.0,75.7088,-49.1545,75.7087,-49.1544,75.7025,-49.1514,0.0002,-0.0001,0.0083,-0.0063
24440.0,78.6682,76.4744,78.6685,76.4745,78.6483,76.4728,0.0003,0.0001,0.0252,0.0021
23555.0,75.9724,-41.7473,75.9723,-41.7472,75.975,-41.745,0.0001,-0.0001,0.0034,-0.0055
23596.0,76.105,-35.7031,76.1049,-35.7031,76.1088,-35.7053,0.0001,-0.0001,0.0049,-0.0061
23685.0,76.3675,-22.3734,76.3674,-22.3733,76.3654,-22.3711,0.0001,-0.0002,0.0027,-0.0102
23668.0,76.3213,-26.1468,76.3212,-26.1467,76.3175,-26.1525,0.0001,-0.0002,0.005,-0.0219
23835.0,76.854,18.6482,76.854,18.6483,76.8625,18.645,0.0,0.0002,0.0111,0.0173
23794.0,76.6961,-4.6565,76.6961,-4.6564,76.6904,-4.655,0.0001,-0.0009,0.0074,-0.0319
23871.0,76.952,20.4175,76.952,20.4175,76.9517,20.4183,0.0,0.0002,0.0004,0.0043
23900.0,77.0313,24.2668,77.0313,24.2668,77.0275,24.2653,0.0,0.0002,0.005,0.0063
23883.0,76.9753,21.7044,76.9753,21.7045,76.9812,21.7047,0.0,0.0002,0.0077,0.0014
23777.0,76.6492,-13.1222,76.6492,-13.1222,76.6529,-13.1219,0.0001,-0.0003,0.0048,-0.002
23852.0,76.9119,9.4773,76.9119,9.4774,76.9096,9.4719,0.0,0.0004,0.003,0.057
23649.0,76.2393,-49.5789,76.2392,-49.5789,76.2417,-49.5778,0.0002,-0.0001,0.0031,-0.0023
23879.0,76.9681,8.4986,76.968,8.4986,76.9704,8.4983,0.0,0.0005,0.0031,0.003
23831.0,76.8519,-12.4869,76.8519,-12.4868,76.8542,-12.4906,0.0001,-0.0003,0.0029,-0.0295
23875.0,76.9684,-5.0857,76.9683,-5.0857,76.9625,-5.0864,0.0001,-0.0008,0.0076,-0.0136
23653.0,76.2516,-54.4112,76.2515,-54.4112,76.2525,-54.4075,0.0002,-0.0001,0.0012,-0.0068
24109.0,77.6746,46.9619,77.6746,46.962,77.6788,46.9622,0.0001,0.0001,0.0054,0.0006
24072.0,77.5812,37.2986,77.5813,37.2987,77.5788,37.3019,0.0,0.0001,0.0032,0.0089
24019.0,77.4396,28.0323,77.4396,28.0324,77.4379,28.0306,0.0,0.0001,0.0022,0.0063
23916.0,77.0799,-8.665,77.0798,-8.665,77.0842,-8.665,0.0001,-0.0005,0.0056,-0.0003
23983.0,77.3312,9.8331,77.3311,9.8331,77.3317,9.8294,0.0,0.0004,0.0006,0.0369
23941.0,77.1784,-4.4533,77.1784,-4.4532,77.1817,-4.4561,0.0001,-0.0009,0.0042,-0.064
23693.0,76.3691,-57.4773,76.369,-57.4773,76.3775,-57.4728,0.0002,-0.0001,0.011,-0.0079
24010.0,77.4309,15.597,77.4308,15.597,77.425,15.5972,0.0,0.0003,0.0076,0.0016
23467.0,75.6753,-71.3108,75.6751,-71.3108,75.6792,-71.3144,0.0003,-0.0001,0.0051,-0.0051
24348.0,78.3829,62.6911,78.383,62.6911,78.3804,62.6914,0.0001,0.0001,0.0032,0.0004
23972.0,77.2825,-8.7559,77.2825,-8.7559,77.2867,-8.7542,0.0001,-0.0005,0.0054,-0.0199
23910.0,77.0579,-35.7152,77.0578,-35.7151,77.0617,-35.7183,0.0001,-0.0001,0.0049,-0.0088
24732.0,79.5482,73.2682,79.5484,73.2683,79.5554,73.2681,0.0003,0.0001,0.0091,0.0003
24197.0,77.9208,16.0429,77.9208,16.0429,77.9233,16.0456,0.0,0.0003,0.0033,0.0168
24130.0,77.7434,-2.252,77.7433,-2.252,77.7417,-2.2539,0.0,-0.0018,0.0022,-0.0836
25110.0,80.6613,79.2274,80.6616,79.2275,80.6396,79.2311,0.0004,0.0,0.0269,0.0046
24162.0,77.8271,-2.4888,77.8271,-2.4888,77.83,-2.4908,0.0,-0.0016,0.0037,-0.0809
24479.0,78.7917,59.4014,78.7918,59.4014,78.7971,59.4056,0.0001,0.0001,0.0068,0.0071
24340.0,78.3503,38.4851,78.3503,38.4852,78.3571,38.4844,0.0,0.0001,0.0087,0.0017
24203.0,77.9407,1.0376,77.9406,1.0376,77.9388,1.0369,0.0,0.0039,0.0024,0.0614
24451.0,78.6883,53.2122,78.6884,53.2122,78.6846,53.2139,0.0001,0.0001,0.0047,0.0032
24169.0,77.8483,-11.8505,77.8483,-11.8505,77.845,-11.8492,0.0001,-0.0003,0.0043,-0.0116
24114.0,77.6834,-25.9118,77.6834,-25.9118,77.6854,-25.9094,0.0001,-0.0002,0.0025,-0.0091
23840.0,76.8846,-63.396,76.8844,-63.396,76.8917,-63.3997,0.0002,-0.0001,0.0092,-0.0058
24244.0,78.0701,-11.8684,78.0701,-11.8683,78.0746,-11.8692,0.0001,-0.0003,0.0057,-0.0066
24294.0,78.1971,-6.0547,78.197,-6.0547,78.2008,-6.0572,0.0001,-0.0007,0.0048,-0.041
24331.0,78.3207,2.8556,78.3207,2.8556,78.3229,2.8611,0.0,0.0014,0.0028,0.1936
24189.0,77.8999,-37.3952,77.8998,-37.3952,77.8996,-37.3953,0.0001,-0.0001,0.0004,-0.0001
23737.0,76.5504,-73.042,76.5502,-73.0419,76.5387,-73.0378,0.0004,-0.0001,0.0153,-0.0058
24349.0,78.3841,1.9711,78.3841,1.9712,78.3817,1.9681,0.0,0.002,0.0031,0.1558
24305.0,78.2294,-16.2064,78.2294,-16.2064,78.2329,-16.2056,0.0001,-0.0002,0.0045,-0.0053
,78.389,-8.1488,78.389,-8.1488,78.3888,-8.1478,0.0001,-0.0005,0.0004,-0.0132
24327.0,78.3084,-12.9417,78.3084,-12.9417,78.3079,-12.9414,0.0001,-0.0003,0.0007,-0.0025
24504.0,78.8564,32.6881,78.8564,32.6881,78.8517,32.6878,0.0,0.0001,0.006,0.001
24645.0,79.3218,53.5805,79.3218,53.5805,79.3242,53.5861,0.0001,0.0001,0.003,0.0105
24608.0,79.1695,46.0069,79.1695,46.007,79.1725,45.9981,0.0001,0.0001,0.0038,0.0193
24450.0,78.682,5.1505,78.682,5.1506,78.6838,5.1561,0.0,0.0008,0.0022,0.1084
24394.0,78.4988,-14.6088,78.4987,-14.6088,78.4996,-14.6067,0.0001,-0.0003,0.0011,-0.0147
24512.0,78.8686,22.2818,78.8686,22.2819,78.8654,22.2847,0.0,0.0002,0.0041,0.0131
24575.0,79.0739,34.3129,79.0739,34.3129,79.0758,34.3119,0.0,0.0001,0.0024,0.0028
24436.0,78.6298,-8.2028,78.6298,-8.2027,78.6346,-8.2017,0.0001,-0.0005,0.0061,-0.0134
27015.0,85.9223,85.6633,85.9233,85.6633,85.9529,85.6681,0.0012,0.0,0.0357,0.0055
24373.0,78.4488,-35.8229,78.4487,-35.8229,78.4438,-35.8256,0.0001,-0.0001,0.0064,-0.0073
23148.0,74.6984,-82.4714,74.6978,-82.4714,74.7121,-82.4706,0.0008,-0.0001,0.0184,-0.0011
24493.0,78.8298,-1.4037,78.8298,-1.4037,78.8267,-1.4092,0.0,-0.0028,0.004,-0.3857
24555.0,79.0211,11.338,79.0211,11.338,79.0171,11.3414,0.0,0.0003,0.0051,0.0301
24836.0,79.8746,58.1183,79.8747,58.1183,79.8658,58.1172,0.0001,0.0001,0.011,0.0018
24914.0,80.0931,62.6549,80.0932,62.6549,80.0942,62.6536,0.0001,0.0001,0.0014,0.002
24426.0,78.6241,-35.9808,78.624,-35.9807,78.62,-35.9772,0.0001,-0.0001,0.0052,-0.0099
24738.0,79.5641,42.7897,79.5641,42.7897,79.5662,42.7922,0.0,0.0001,0.0027,0.006
24505.0,78.848,-26.9482,78.848,-26.9482,78.8513,-26.9433,0.0001,-0.0001,0.0041,-0.0181
24607.0,79.1711,1.9481,79.1711,1.9481,79.1712,1.9472,0.0,0.002,0.0002,0.0449
24771.0,79.6712,40.4653,79.6713,40.4653,79.6683,40.465,0.0,0.0001,0.0036,0.0008
24727.0,79.5451,33.3782,79.5452,33.3782,79.5446,33.3717,0.0,0.0001,0.0007,0.0196
24384.0,78.4762,-52.0282,78.4761,-52.0282,78.4721,-52.0311,0.0002,-0.0001,0.0053,-0.0056
24740.0,79.5837,33.7672,79.5838,33.7672,79.5788,33.7672,0.0,0.0001,0.0063,0.0001
24813.0,79.7768,40.1067,79.7768,40.1067,79.7854,40.0992,0.0,0.0001,0.0108,0.0187
24532.0,78.9431,-34.9245,78.943,-34.9244,78.9458,-34.9267,0.0001,-0.0001,0.0035,-0.0062
24618.0,79.2045,-17.1421,79.2044,-17.1421,79.2004,-17.1417,0.0001,-0.0002,0.0051,-0.0025
24881.0,80.0094,44.4256,80.0095,44.4257,80.0096,44.4256,0.0001,0.0001,0.0002,0.0002
24832.0,79.855,33.986,79.855,33.9861,79.8483,33.9856,0.0,0.0001,0.0083,0.0014
24674.0,79.4028,-6.8468,79.4027,-6.8468,79.4017,-6.8444,0.0001,-0.0006,0.0014,-0.0343
24951.0,80.1636,46.9673,80.1637,46.9674,80.1637,46.9639,0.0001,0.0001,0.0002,0.0073
24679.0,79.4169,-13.5235,79.4168,-13.5235,79.4175,-13.5197,0.0001,-0.0003,0.0008,-0.0283
24902.0,80.0638,41.0875,80.0638,41.0875,80.0617,41.0861,0.0,0.0001,0.0027,0.0033
24822.0,79.8184,22.0924,79.8184,22.0925,79.8192,22.0964,0.0,0.0002,0.0009,0.0179
24879.0,80.006,33.9638,80.0061,33.9638,80.0038,33.9581,0.0,0.0001,0.0029,0.0168
24820.0,79.8084,20.1354,79.8084,20.1355,79.8112,20.1347,0.0,0.0002,0.0036,0.0035
24520.0,78.9135,-52.1849,78.9134,-52.1849,78.9121,-52.1819,0.0002,-0.0001,0.0018,-0.0058
24659.0,79.3713,-34.8941,79.3712,-34.894,79.3712,-34.8953,0.0001,-0.0001,0.0001,-0.0034
24372.0,78.4459,-67.1839,78.4457,-67.1838,78.4392,-67.1853,0.0003,-0.0001,0.0086,-0.0021
25714.0,82.3532,77.9814,82.3536,77.9815,82.3571,77.9775,0.0004,0.0,0.0047,0.0051
24817.0,79.799,2.6023,79.799,2.6023,79.7967,2.5958,0.0,0.0015,0.003,0.2474
24786.0,79.6987,-18.1288,79.6986,-18.1288,79.71,-18.13,0.0001,-0.0002,0.0142,-0.0066
24847.0,79.8962,-1.414,79.8961,-1.4139,79.8967,-1.4122,0.0,-0.0027,0.0006,-0.1243
25048.0,80.4511,41.8105,80.4511,41.8105,80.4517,41.8044,0.0,0.0001,0.0007,0.0144
24984.0,80.2456,27.9534,80.2456,27.9534,80.2471,27.9572,0.0,0.0001,0.0019,0.0138
25197.0,80.8577,57.5474,80.8578,57.5475,80.8658,57.5444,0.0001,0.0001,0.01,0.0052
25001.0,80.3053,29.5732,80.3053,29.5732,80.3029,29.57,0.0,0.0001,0.003,0.0108
24825.0,79.8259,-18.5164,79.8258,-18.5164,79.8229,-18.52,0.0001,-0.0002,0.0037,-0.0195
24827.0,79.8225,-18.5082,79.8224,-18.5082,79.8262,-18.5097,0.0001,-0.0002,0.0047,-0.0082
24977.0,80.2408,19.814,80.2408,19.8141,80.2358,19.8142,0.0,0.0002,0.0063,0.0007
24845.0,79.8908,-13.1821,79.8908,-13.182,79.8938,-13.1767,0.0001,-0.0003,0.0036,-0.0409
24873.0,79.9983,-12.3173,79.9983,-12.3172,79.9962,-12.3156,0.0001,-0.0003,0.0026,-0.0138
24831.0,79.8451,-27.3678,79.845,-27.3677,79.8488,-27.3689,0.0001,-0.0001,0.0046,-0.0041
25143.0,80.7085,41.0344,80.7085,41.0344,80.7096,41.0294,0.0,0.0001,0.0014,0.0121
24927.0,80.1158,-21.2363,80.1157,-21.2363,80.1121,-21.2394,0.0001,-0.0002,0.0046,-0.0147
25041.0,80.4273,8.4306,80.4273,8.4306,80.4317,8.4286,0.0,0.0004,0.0054,0.0235
24909.0,80.0807,-34.7011,80.0806,-34.7011,80.0858,-34.6989,0.0001,-0.0001,0.0064,-0.0065
24829.0,79.8368,-50.6123,79.8367,-50.6123,79.8421,-50.6061,0.0002,-0.0001,0.0066,-0.0122
25192.0,80.8433,28.9395,80.8433,28.9396,80.8454,28.9367,0.0,0.0001,0.0026,0.0099
25053.0,80.4681,-13.7585,80.4681,-13.7585,80.4625,-13.7561,0.0001,-0.0003,0.007,-0.0173
25142.0,80.712,3.5438,80.712,3.5438,80.7083,3.5444,0.0,0.001,0.0045,0.0193
25045.0,80.4409,-24.7719,80.4408,-24.7718,80.4425,-24.7731,0.0001,-0.0001,0.002,-0.0048
25007.0,80.3215,-34.3472,80.3214,-34.3472,80.3204,-34.3453,0.0001,-0.0001,0.0013,-0.0057
25292.0,81.1555,37.3866,81.1555,37.3866,81.1633,37.3856,0.0,0.0001,0.0097,0.0027
25216.0,80.903,16.6975,80.903,16.6975,80.9071,16.6994,0.0,0.0002,0.005,0.0117
25290.0,81.16,31.2248,81.16,31.2248,81.1596,31.2239,0.0,0.0001,0.0005,0.0028
25291.0,81.1574,31.1388,81.1575,31.1389,81.1604,31.1431,0.0,0.0001,0.0037,0.0136
25205.0,80.8809,5.3209,80.8809,5.321,80.8796,5.3225,0.0,0.0007,0.0017,0.0295
25187.0,80.8283,-8.416,80.8282,-8.416,80.8271,-8.4158,0.0001,-0.0004,0.0015,-0.0022
25343.0,81.3054,34.8581,81.3054,34.8582,81.3042,34.8553,0.0,0.0001,0.0015,0.0082
25202.0,80.8721,-13.9302,80.8721,-13.9302,80.8758,-13.9272,0.0001,-0.0003,0.0046,-0.0213
25247.0,80.9877,-7.8064,80.9877,-7.8063,80.9867,-7.8081,0.0001,-0.0005,0.0013,-0.0216
25180.0,80.8027,-26.7028,80.8026,-26.7028,80.8,-26.7058,0.0001,-0.0001,0.0033,-0.0114
25288.0,81.154,2.3497,81.1539,2.3497,81.1508,2.3528,0.0,0.0015,0.0039,0.133
25281.0,81.1226,-2.4,81.1225,-2.3999,81.1192,-2.3969,0.0,-0.0015,0.0042,-0.1257
25302.0,81.187,1.8444,81.187,1.8444,81.1867,1.8464,0.0,0.002,0.0004,0.108
25336.0,81.2866,6.3495,81.2866,6.3495,81.2829,6.3497,0.0,0.0006,0.0046,0.0033
25428.0,81.5753,28.6141,81.5753,28.6141,81.5729,28.6075,0.0,0.0001,0.0029,0.023
25280.0,81.1228,-16.9777,81.1227,-16.9777,81.1183,-16.9761,0.0001,-0.0002,0.0055,-0.0096
25194.0,80.8483,-39.6786,80.8482,-39.6786,80.85,-39.6786,0.0001,-0.0001,0.0021,-0.0001
25476.0,81.7288,35.4536,81.7288,35.4536,81.7262,35.4572,0.0,0.0001,0.0031,0.0103
25471.0,81.703,34.3913,81.703,34.3913,81.7038,34.3917,0.0,0.0001,0.001,0.0012
25475.0,81.7143,33.2653,81.7143,33.2653,81.7138,33.2628,0.0,0.0001,0.0007,0.0076
25221.0,80.9161,-37.3334,80.916,-37.3334,80.9125,-37.3367,0.0001,-0.0001,0.0044,-0.0087
25410.0,81.5197,16.7029,81.5197,16.703,81.5238,16.7003,0.0,0.0002,0.0049,0.0158
25329.0,81.2519,-10.3291,81.2518,-10.3291,81.2567,-10.3292,0.0001,-0.0003,0.0059,-0.0007
25098.0,80.5925,-56.1347,80.5923,-56.1347,80.5921,-56.1344,0.0002,-0.0001,0.0005,-0.0005
25769.0,82.5418,63.0683,82.5419,63.0684,82.5425,63.0672,0.0001,0.0001,0.0009,0.0018
25492.0,81.7839,30.213,81.7839,30.2131,81.7846,30.2086,0.0,0.0001,0.0009,0.0146
25541.0,81.9146,34.4721,81.9146,34.4722,81.9121,34.4758,0.0,0.0001,0.003,0.0107
25401.0,81.5102,-5.5168,81.5102,-5.5168,81.51,-5.5183,0.0,-0.0006,0.0003,-0.0272
25453.0,81.6645,6.8737,81.6645,6.8737,81.6617,6.8692,0.0,0.0005,0.0035,0.0659
25499.0,81.7963,17.9598,81.7963,17.9598,81.7921,17.9622,0.0,0.0002,0.0052,0.0135
25502.0,81.8075,15.26,81.8075,15.2601,81.8075,15.2578,0.0,0.0002,0.0,0.0148
25539.0,81.9083,21.9401,81.9083,21.9401,81.9088,21.9369,0.0,0.0002,0.0005,0.0144
25473.0,81.7099,3.0928,81.7099,3.0928,81.7092,3.0956,0.0,0.0011,0.0009,0.0898
25397.0,81.5032,-19.6928,81.5031,-19.6927,81.4992,-19.6956,0.0001,-0.0002,0.0049,-0.0142
25317.0,81.2322,-44.225,81.2321,-44.225,81.2317,-44.2258,0.0001,-0.0001,0.0007,-0.0019
25555.0,81.9431,15.8772,81.9431,15.8773,81.94,15.8742,0.0,0.0002,0.0037,0.0193
24256.0,78.0954,-81.5374,78.0949,-81.5374,78.1071,-81.5417,0.0007,-0.0,0.0149,-0.0052
25583.0,82.0029,17.243,82.0028,17.243,82.0067,17.2389,0.0,0.0002,0.0046,0.0237
25486.0,81.7694,-11.8971,81.7693,-11.8971,81.77,-11.9008,0.0001,-0.0003,0.0008,-0.0312
25303.0,81.1857,-52.3137,81.1856,-52.3137,81.1925,-52.3164,0.0002,-0.0001,0.0084,-0.0051
25638.0,82.1456,13.6822,82.1456,13.6823,82.145,13.6789,0.0,0.0003,0.0008,0.0245
25582.0,82.0074,1.3013,82.0074,1.3013,82.0067,1.2983,0.0,0.0027,0.0009,0.2281
25695.0,82.3154,25.1531,82.3154,25.1532,82.3188,25.1506,0.0,0.0001,0.0041,0.0103
25730.0,82.416,29.1868,82.416,29.1869,82.4192,29.1864,0.0,0.0001,0.0038,0.0016
25532.0,81.898,-21.3749,81.8979,-21.3748,81.9021,-21.3756,0.0001,-0.0002,0.005,-0.0031
25816.0,82.6992,41.4583,82.6993,41.4583,82.7025,41.4619,0.0,0.0001,0.004,0.0088
25810.0,82.6846,39.8298,82.6846,39.8299,82.6879,39.8258,0.0,0.0001,0.004,0.0101
25667.0,82.2384,-3.308,82.2384,-3.308,82.2362,-3.3075,0.0,-0.001,0.0027,-0.0152
25488.0,81.7736,-40.9483,81.7735,-40.9483,81.7721,-40.9436,0.0001,-0.0001,0.0019,-0.0115
25973.0,83.1419,57.2275,83.142,57.2275,83.1408,57.2211,0.0001,0.0001,0.0013,0.0111
25606.0,82.0623,-20.758,82.0623,-20.758,82.0612,-20.7594,0.0001,-0.0002,0.0013,-0.007
25708.0,82.3438,-3.4441,82.3438,-3.444,82.3483,-3.4464,0.0,-0.001,0.0055,-0.0676
25806.0,82.6766,22.4605,82.6766,22.4606,82.6808,22.4625,0.0,0.0002,0.0051,0.0087
25790.0,82.6098,15.3626,82.6098,15.3627,82.6088,15.3603,0.0,0.0002,0.0013,0.0154
25751.0,82.4779,1.7927,82.4778,1.7927,82.4783,1.7892,0.0,0.0019,0.0006,0.1959
25737.0,82.4328,-1.0975,82.4328,-1.0975,82.4333,-1.0922,0.0,-0.0031,0.0006,-0.483
25608.0,82.0685,-37.2269,82.0684,-37.2269,82.0638,-37.2306,0.0001,-0.0001,0.0058,-0.0098
25429.0,81.5749,-58.9129,81.5747,-58.9129,81.5804,-58.9125,0.0002,-0.0001,0.0068,-0.0007
25785.0,82.5834,4.2083,82.5834,4.2083,82.5825,4.2042,0.0,0.0008,0.0011,0.0972
25813.0,82.6973,5.9538,82.6973,5.9538,82.6963,5.9481,0.0,0.0006,0.0013,0.0957
25786.0,82.5917,-7.4353,82.5917,-7.4353,82.5862,-7.4347,0.0001,-0.0005,0.0066,-0.0084
25861.0,82.8092,3.2861,82.8092,3.2861,82.8104,3.2922,0.0,0.001,0.0014,0.1872
25984.0,83.1863,32.19,83.1863,32.1901,83.1821,32.1919,0.0,0.0001,0.0051,0.0059
26638.0,84.9527,75.0428,84.953,75.0428,84.9321,75.0439,0.0003,0.0,0.0243,0.0015
25945.0,83.0574,18.5925,83.0574,18.5926,83.0533,18.5944,0.0,0.0002,0.0049,0.0102
26057.0,83.3633,42.1107,83.3633,42.1107,83.3696,42.1089,0.0,0.0001,0.0076,0.0043
25950.0,83.0669,17.0561,83.0669,17.0562,83.0592,17.0581,0.0,0.0002,0.0093,0.0112
25869.0,82.8367,-6.7106,82.8367,-6.7106,82.8371,-6.7083,0.0001,-0.0005,0.0004,-0.0343
25853.0,82.781,-20.8659,82.7809,-20.8659,82.7817,-20.8636,0.0001,-0.0002,0.0008,-0.0112
26054.0,83.3659,32.8012,83.3659,32.8013,83.3646,32.8011,0.0,0.0001,0.0015,0.0004
26410.0,84.3218,66.6976,84.3219,66.6976,84.3175,66.6961,0.0002,0.0,0.0051,0.0022
26071.0,83.4091,34.7312,83.4091,34.7313,83.4083,34.7258,0.0,0.0001,0.0009,0.0156
25923.0,82.9874,-7.3039,82.9873,-7.3038,82.9825,-7.3014,0.0001,-0.0005,0.0059,-0.0342
25768.0,82.5427,-47.0765,82.5425,-47.0765,82.5396,-47.0778,0.0001,-0.0001,0.0037,-0.0027
26408.0,84.3186,64.1576,84.3187,64.1576,84.3129,64.1547,0.0002,0.0,0.0067,0.0045
26064.0,83.3796,18.539,83.3796,18.5391,83.3817,18.5403,0.0,0.0002,0.0024,0.0067
26072.0,83.4166,20.472,83.4166,20.472,83.4117,20.4742,0.0,0.0002,0.0059,0.0108
25980.0,83.1755,-1.5928,83.1755,-1.5927,83.1721,-1.5919,0.0,-0.0021,0.0041,-0.0526
25859.0,82.7978,-35.4718,82.7977,-35.4718,82.8029,-35.4706,0.0001,-0.0001,0.0062,-0.0036
26020.0,83.2781,-1.7212,83.278,-1.7211,83.28,-1.7183,0.0,-0.0019,0.0023,-0.1646
26093.0,83.4794,14.3081,83.4794,14.3081,83.4762,14.3056,0.0,0.0002,0.0038,0.0179
25985.0,83.185,-17.8242,83.1849,-17.8242,83.1825,-17.8222,0.0001,-0.0002,0.003,-0.0112
26344.0,84.1517,54.4284,84.1518,54.4285,84.1467,54.4289,0.0001,0.0001,0.006,0.0009
25700.0,82.317,-62.3169,82.3168,-62.3169,82.3225,-62.3144,0.0002,-0.0001,0.0067,-0.0039
26063.0,83.3848,-1.1572,83.3848,-1.1572,83.3808,-1.1561,0.0,-0.0029,0.0048,-0.096
26315.0,84.0604,47.7127,84.0605,47.7127,84.0662,47.7153,0.0001,0.0001,0.007,0.0054
25887.0,82.9,-45.9248,82.8999,-45.9248,82.9004,-45.9253,0.0001,-0.0001,0.0005,-0.001
26098.0,83.4897,1.4124,83.4896,1.4125,83.49,1.4078,0.0,0.0023,0.0004,0.3312
26126.0,83.5705,3.7707,83.5705,3.7708,83.5696,3.7669,0.0,0.0009,0.0012,0.1003
26106.0,83.5122,-1.0349,83.5121,-1.0349,83.5162,-1.0356,0.0,-0.0032,0.0049,-0.0637
26108.0,83.5201,-1.4736,83.5201,-1.4735,83.5167,-1.4706,0.0,-0.0022,0.0041,-0.2044
26248.0,83.8611,24.0436,83.8611,24.0437,83.8629,24.0394,0.0,0.0001,0.0022,0.0175
26176.0,83.7032,9.491,83.7032,9.491,83.705,9.4894,0.0,0.0003,0.0021,0.0161
25993.0,83.2168,-38.5118,83.2167,-38.5117,83.2137,-38.5131,0.0001,-0.0001,0.0037,-0.0033
26291.0,83.9856,27.665,83.9856,27.6651,83.9812,27.6622,0.0,0.0001,0.0052,0.0102
26207.0,83.7792,9.9332,83.7792,9.9332,83.7846,9.9342,0.0,0.0003,0.0064,0.0097
,83.7792,9.9332,83.7792,9.9332,83.7854,9.935,0.0,0.0003,0.0074,0.0181
26019.0,83.2809,-35.14,83.2808,-35.14,83.2808,-35.1397,0.0001,-0.0001,0.0001,-0.0009
25781.0,82.5689,-63.9311,82.5687,-63.9311,82.5662,-63.9278,0.0002,-0.0001,0.0033,-0.0053
26215.0,83.8044,10.2439,83.8044,10.2439,83.8058,10.24,0.0,0.0003,0.0017,0.0376
26363.0,84.2201,40.1824,84.2201,40.1824,84.2183,40.1822,0.0,0.0001,0.002,0.0003
28532.0,90.3848,85.1788,90.3857,85.1788,90.3342,85.1822,0.001,0.0,0.056,0.004
26091.0,83.4639,-29.8455,83.4638,-29.8455,83.4671,-29.8489,0.0001,-0.0001,0.0038,-0.0113
26332.0,84.124,25.9441,84.124,25.9441,84.1258,25.9394,0.0,0.0001,0.0022,0.018
26233.0,83.8398,-4.4981,83.8398,-4.498,83.8408,-4.4933,0.0,-0.0007,0.0012,-0.1051
26234.0,83.8452,-4.4209,83.8451,-4.4209,83.8437,-4.4253,0.0,-0.0007,0.0017,-0.0993
26237.0,83.8442,-4.8357,83.8442,-4.8356,83.8467,-4.8383,0.0,-0.0007,0.0029,-0.0549
26220.0,83.822,-5.3873,83.8219,-5.3872,83.8162,-5.3872,0.0,-0.0006,0.0068,-0.0008
,83.822,-5.3873,83.8219,-5.3872,83.8171,-5.3853,0.0,-0.0006,0.0058,-0.0369
26221.0,83.822,-5.3873,83.8219,-5.3872,83.8188,-5.3897,0.0,-0.0006,0.0038,-0.0455
26224.0,83.822,-5.3873,83.8219,-5.3872,83.8221,-5.3878,0.0,-0.0006,0.0002,-0.0095
26235.0,83.8481,-5.4164,83.848,-5.4164,83.8454,-5.4161,0.0,-0.0006,0.0031,-0.0053
26257.0,83.8814,-4.3598,83.8813,-4.3598,83.8796,-4.3647,0.0,-0.0007,0.0021,-0.1128
26241.0,83.8605,-5.9066,83.8605,-5.9066,83.8583,-5.91,0.0,-0.0005,0.0026,-0.0576
26263.0,83.9032,-3.2492,83.9032,-3.2492,83.8992,-3.2528,0.0,-0.001,0.0048,-0.1101
26268.0,83.9105,-4.855,83.9104,-4.855,83.9146,-4.8558,0.0,-0.0007,0.0049,-0.0169
26396.0,84.2888,26.9248,84.2888,26.9248,84.2867,26.9242,0.0,0.0001,0.0026,0.0022
26311.0,84.054,-1.1994,84.054,-1.1994,84.0533,-1.2019,0.0,-0.0027,0.0008,-0.2126
26463.0,84.4458,33.5591,84.4459,33.5592,84.4404,33.5592,0.0,0.0001,0.0064,0.0001
26382.0,84.2673,17.0466,84.2673,17.0466,84.2658,17.0403,0.0,0.0002,0.0017,0.0371
26314.0,84.0657,-5.6452,84.0657,-5.6452,84.0625,-5.6481,0.0,-0.0006,0.0038,-0.0506
26366.0,84.2216,9.2933,84.2216,9.2933,84.2262,9.2906,0.0,0.0003,0.0055,0.0294
26386.0,84.2694,11.0404,84.2694,11.0404,84.2683,11.035,0.0,0.0003,0.0013,0.0488
26219.0,83.8106,-33.0809,83.8105,-33.0809,83.8142,-33.08,0.0001,-0.0001,0.0042,-0.0029
26451.0,84.4096,21.1374,84.4096,21.1374,84.4113,21.1425,0.0,0.0002,0.0019,0.0243
26345.0,84.1547,-6.0655,84.1546,-6.0655,84.1487,-6.065,0.0,-0.0005,0.007,-0.0081
26079.0,83.427,-54.9011,83.4268,-54.901,83.435,-54.9022,0.0002,-0.0001,0.0096,-0.0021
26414.0,84.3323,8.9491,84.3323,8.9491,84.3304,8.9519,0.0,0.0004,0.0022,0.0318
26536.0,84.6577,30.4894,84.6577,30.4894,84.6587,30.4925,0.0,0.0001,0.0013,0.0102
26309.0,84.0394,-28.7104,84.0394,-28.7104,84.0429,-28.7078,0.0001,-0.0001,0.0042,-0.0093
26882.0,85.6135,65.7027,85.6136,65.7027,85.61,65.6978,0.0002,0.0,0.004,0.0075
26001.0,83.2441,-64.227,83.2439,-64.2269,83.2483,-64.2275,0.0002,-0.0001,0.0051,-0.0008
26427.0,84.3618,-5.9409,84.3618,-5.9408,84.3642,-5.9383,0.0,-0.0005,0.0028,-0.0428
26395.0,84.2884,-11.7788,84.2884,-11.7787,84.2867,-11.7756,0.0001,-0.0003,0.0021,-0.0272
26487.0,84.504,7.5444,84.504,7.5444,84.5046,7.5414,0.0,0.0004,0.0007,0.0399
26571.0,84.7401,26.6238,84.7401,26.6238,84.7392,26.6178,0.0,0.0001,0.001,0.0227
26069.0,83.4165,-62.4869,83.4164,-62.4869,83.4062,-62.4897,0.0002,-0.0001,0.0123,-0.0044
26477.0,84.4746,-4.8125,84.4746,-4.8125,84.4725,-4.8136,0.0,-0.0007,0.0025,-0.0222
26606.0,84.8247,29.2095,84.8247,29.2096,84.8267,29.2153,0.0,0.0001,0.0024,0.0196
26779.0,85.3379,53.4872,85.3379,53.4872,85.3346,53.4811,0.0001,0.0001,0.0038,0.0114
26412.0,84.3219,-27.8714,84.3219,-27.8714,84.3188,-27.8714,0.0001,-0.0001,0.0038,-0.0002
26300.0,84.0168,-47.3156,84.0167,-47.3156,84.0112,-47.3139,0.0001,-0.0001,0.0066,-0.0037
26640.0,84.9335,25.8954,84.9335,25.8955,84.9342,25.8969,0.0,0.0001,0.0007,0.0059
26616.0,84.8638,21.764,84.8638,21.7641,84.8625,21.7628,0.0,0.0001,0.0015,0.0058
26200.0,83.7659,-58.8748,83.7657,-58.8748,83.76,-58.8711,0.0002,-0.0001,0.007,-0.0063
,84.7024,-2.5958,84.7023,-2.5957,84.6962,-2.5942,0.0,-0.0012,0.0072,-0.0619
26535.0,84.6585,-6.5749,84.6585,-6.5749,84.6575,-6.5739,0.0,-0.0005,0.0012,-0.0158
26594.0,84.7964,4.126,84.7964,4.126,84.7963,4.1214,0.0,0.0008,0.0002,0.1113
26460.0,84.4395,-28.6934,84.4394,-28.6934,84.4358,-28.6894,0.0001,-0.0001,0.0043,-0.0138
26190.0,83.7316,-61.1722,83.7315,-61.1722,83.74,-61.1758,0.0002,-0.0001,0.01,-0.0059
26563.0,84.7171,-7.2099,84.717,-7.2098,84.7212,-7.2131,0.0001,-0.0004,0.0049,-0.0444
26712.0,85.1506,31.3575,85.1506,31.3576,85.1496,31.3581,0.0,0.0001,0.0012,0.0017
26718.0,85.1767,31.9257,85.1767,31.9257,85.1754,31.9208,0.0,0.0001,0.0015,0.0152
26624.0,84.8815,-3.5673,84.8815,-3.5673,84.88,-3.5647,0.0,-0.0009,0.0018,-0.0732
26942.0,85.7656,56.5789,85.7657,56.579,85.7567,56.5817,0.0001,0.0001,0.0104,0.0048
26623.0,84.8736,-9.7059,84.8736,-9.7059,84.8783,-9.7067,0.0001,-0.0003,0.0055,-0.0076
27046.0,86.0351,61.479,86.0352,61.479,86.0358,61.4767,0.0001,0.0,0.0008,0.0038
26602.0,84.818,-17.8451,84.8179,-17.8451,84.8179,-17.8494,0.0001,-0.0002,0.0001,-0.0243
26781.0,85.34,29.4908,85.34,29.4908,85.3375,29.4875,0.0,0.0001,0.003,0.0112
26777.0,85.3254,16.5384,85.3254,16.5384,85.3238,16.5339,0.0,0.0002,0.0019,0.0272
26545.0,84.6847,-40.7113,84.6846,-40.7112,84.6817,-40.7075,0.0001,-0.0001,0.0036,-0.0093
26727.0,85.1845,-1.943,85.1844,-1.943,85.1896,-1.9428,0.0,-0.0016,0.006,-0.0117
,85.1845,-1.943,85.1844,-1.943,85.19,-1.9428,0.0,-0.0016,0.0065,-0.0117
26713.0,85.1502,-2.8256,85.1501,-2.8255,85.1554,-2.825,0.0,-0.0011,0.0061,-0.0196
26836.0,85.4754,23.3215,85.4754,23.3216,85.4775,23.3264,0.0,0.0001,0.0025,0.0208
26736.0,85.2061,-1.1284,85.2061,-1.1284,85.2108,-1.1289,0.0,-0.0027,0.0055,-0.0404
25918.0,82.9639,-76.3473,82.9635,-76.3472,82.9704,-76.3411,0.0004,-0.0,0.0079,-0.008
26853.0,85.5186,22.6662,85.5186,22.6663,85.5163,22.6603,0.0,0.0001,0.0027,0.0262
26634.0,84.9095,-34.0758,84.9094,-34.0757,84.9121,-34.0742,0.0001,-0.0001,0.0031,-0.0047
26728.0,85.1896,-10.4092,85.1895,-10.4092,85.1917,-10.4094,0.0001,-0.0003,0.0025,-0.002
26649.0,84.9591,-32.6276,84.959,-32.6276,84.9575,-32.6292,0.0001,-0.0001,0.0019,-0.0048
26820.0,85.4119,-2.8944,85.4118,-2.8943,85.4179,-2.8961,0.0,-0.001,0.0071,-0.0608
26368.0,84.2384,-66.5609,84.2382,-66.5609,84.2279,-66.5603,0.0003,-0.0,0.0124,-0.001
26964.0,85.8331,23.2073,85.8331,23.2073,85.8313,23.2042,0.0,0.0001,0.0021,0.0133
26821.0,85.4281,-16.7246,85.428,-16.7246,85.4229,-16.7256,0.0001,-0.0002,0.0061,-0.0056
26885.0,85.6242,1.472,85.6241,1.472,85.6192,1.4747,0.0,0.002,0.0058,0.1864
26169.0,83.7031,-73.7398,83.7028,-73.7398,83.6862,-73.7414,0.0004,-0.0,0.0201,-0.0021
26866.0,85.5569,-17.5327,85.5569,-17.5327,85.5596,-17.5303,0.0001,-0.0002,0.0031,-0.0139
26796.0,85.3632,-33.401,85.3631,-33.401,85.3625,-33.4006,0.0001,-0.0001,0.0008,-0.0014
26926.0,85.7262,-6.7987,85.7261,-6.7987,85.7242,-6.7961,0.0,-0.0004,0.0023,-0.0383
26865.0,85.5575,-22.3755,85.5575,-22.3755,85.5579,-22.3736,0.0001,-0.0001,0.0004,-0.0086
27249.0,86.628,56.1205,86.6281,56.1205,86.6267,56.1156,0.0001,0.0001,0.0016,0.0088
26953.0,85.7907,-1.6129,85.7907,-1.6129,85.7887,-1.6131,0.0,-0.0019,0.0023,-0.0108
27196.0,86.4808,49.8272,86.4809,49.8272,86.475,49.8264,0.0001,0.0001,0.0067,0.0016
26862.0,85.5521,-30.538,85.552,-30.538,85.5483,-30.5356,0.0001,-0.0001,0.0044,-0.008
26868.0,85.5629,-34.6683,85.5629,-34.6682,85.5629,-34.6678,0.0001,-0.0001,0.0,-0.0014
27192.0,86.4553,40.5037,86.4553,40.5038,86.4562,40.5072,0.0,0.0001,0.0011,0.0086
26966.0,85.8432,-18.5557,85.8432,-18.5557,85.84,-18.5575,0.0001,-0.0002,0.0038,-0.0097
27472.0,87.2759,62.8139,87.276,62.8139,87.2704,62.8081,0.0001,0.0,0.0063,0.0093
27181.0,86.4093,20.6943,86.4093,20.6943,86.4142,20.695,0.0,0.0001,0.0056,0.0035
27319.0,86.8078,42.5303,86.8079,42.5303,86.8112,42.5267,0.0,0.0001,0.004,0.0085
27075.0,86.1167,-20.1263,86.1167,-20.1263,86.1183,-20.1264,0.0001,-0.0001,0.0019,-0.0005
26981.0,85.8791,-39.4066,85.879,-39.4066,85.8758,-39.4069,0.0001,-0.0001,0.0038,-0.0009
,86.1166,-22.4133,86.1165,-22.4133,86.1104,-22.4217,0.0001,-0.0001,0.0072,-0.0374
27072.0,86.117,-22.4424,86.1169,-22.4424,86.1158,-22.4483,0.0001,-0.0001,0.0013,-0.0264
27001.0,85.9271,-45.8351,85.927,-45.835,85.9212,-45.8331,0.0001,-0.0001,0.0068,-0.0044
27265.0,86.6945,15.8214,86.6945,15.8214,86.6896,15.8225,0.0,0.0002,0.0057,0.0069
27212.0,86.5153,-4.2668,86.5152,-4.2668,86.5117,-4.2683,0.0,-0.0007,0.0042,-0.0361
27280.0,86.715,9.5183,86.715,9.5183,86.7171,9.5222,0.0,0.0003,0.0024,0.0415
27253.0,86.6529,1.1692,86.6528,1.1692,86.6458,1.1681,0.0,0.0025,0.0081,0.0958
27316.0,86.8008,14.4869,86.8008,14.487,86.805,14.4883,0.0,0.0002,0.0049,0.0097
27338.0,86.8588,17.7307,86.8588,17.7307,86.8592,17.7292,0.0,0.0002,0.0004,0.0085
26264.0,83.9243,-78.8218,83.9239,-78.8218,83.9012,-78.8208,0.0005,-0.0,0.0275,-0.0012
27592.0,87.645,56.9211,87.6451,56.9211,87.6417,56.9189,0.0001,0.0,0.0038,0.0038
27364.0,86.927,13.9031,86.927,13.9031,86.9288,13.8997,0.0,0.0002,0.002,0.0242
27795.0,88.2311,68.4714,88.2313,68.4714,88.2313,68.4714,0.0002,0.0,0.0001,0.0
27483.0,87.2918,39.1849,87.2919,39.1849,87.2938,39.1811,0.0,0.0001,0.0022,0.0096
27204.0,86.5031,-32.3092,86.5031,-32.3091,86.4996,-32.3064,0.0001,-0.0001,0.0041,-0.0086
27421.0,87.095,20.8701,87.095,20.8701,87.0933,20.8694,0.0,0.0001,0.0019,0.003
27288.0,86.7359,-14.824,86.7359,-14.824,86.7388,-14.8219,0.0001,-0.0002,0.0033,-0.0138
27386.0,86.9973,6.4532,86.9972,6.4532,87.0008,6.4542,0.0,0.0004,0.0041,0.0157
27308.0,86.7875,-16.2377,86.7874,-16.2377,86.7817,-16.2378,0.0001,-0.0002,0.0067,-0.0004
27341.0,86.8561,-10.532,86.8561,-10.532,86.8612,-10.5331,0.0001,-0.0003,0.0059,-0.0098
27468.0,87.2573,24.5697,87.2573,24.5697,87.2542,24.5675,0.0,0.0001,0.0036,0.009
27625.0,87.7301,51.5113,87.7302,51.5114,87.735,51.5147,0.0001,0.0001,0.0055,0.0066
27366.0,86.9341,-9.6674,86.9341,-9.6674,86.9392,-9.6697,0.0001,-0.0003,0.0058,-0.0236
27303.0,86.7654,-28.637,86.7653,-28.637,86.7696,-28.6392,0.0001,-0.0001,0.0049,-0.0074
27731.0,88.0765,58.9636,88.0766,58.9636,88.0725,58.9642,0.0001,0.0,0.0046,0.001
27435.0,87.1437,-4.0869,87.1437,-4.0869,87.1454,-4.0947,0.0,-0.0007,0.002,-0.1915
27243.0,86.6102,-46.6003,86.6101,-46.6003,86.6142,-46.5972,0.0001,-0.0001,0.0046,-0.0066
27325.0,86.8247,-35.6725,86.8246,-35.6724,86.8275,-35.6747,0.0001,-0.0001,0.0032,-0.0063
27511.0,87.3909,12.6513,87.3909,12.6514,87.3871,12.6511,0.0,0.0002,0.0043,0.0017
27639.0,87.7611,37.3124,87.7612,37.3124,87.76,37.3056,0.0,0.0001,0.0013,0.0184
27673.0,87.8721,39.1483,87.8721,39.1483,87.8725,39.1486,0.0,0.0001,0.0004,0.0008
27629.0,87.7473,27.9662,87.7473,27.9662,87.7421,27.9678,0.0,0.0001,0.006,0.0057
27549.0,87.512,9.8769,87.512,9.8769,87.5108,9.8711,0.0,0.0003,0.0014,0.0582
27100.0,86.199,-65.7322,86.1988,-65.7322,86.1933,-65.7356,0.0002,-0.0,0.0066,-0.0051
27581.0,87.6164,14.3049,87.6164,14.305,87.6204,14.3056,0.0,0.0002,0.0046,0.0043
27383.0,86.9977,-40.6503,86.9976,-40.6503,86.9921,-40.6525,0.0001,-0.0001,0.0064,-0.0055
27661.0,87.8614,32.1284,87.8614,32.1284,87.8571,32.125,0.0,0.0001,0.0049,0.0105
27560.0,87.5541,4.4271,87.5541,4.4271,87.5546,4.4233,0.0,0.0006,0.0005,0.0845
27321.0,86.825,-51.0716,86.8249,-51.0716,86.8212,-51.0664,0.0002,-0.0001,0.0043,-0.0103
27517.0,87.406,-14.4852,87.406,-14.4852,87.4021,-14.4836,0.0001,-0.0002,0.0045,-0.0108
26394.0,84.2497,-80.4822,84.2492,-80.4822,84.2908,-80.4692,0.0006,-0.0,0.0488,-0.0162
27317.0,86.8053,-54.3607,86.8052,-54.3607,86.8042,-54.3608,0.0002,-0.0001,0.0014,-0.0002
27588.0,87.6232,2.0248,87.6232,2.0248,87.625,2.0244,0.0,0.0014,0.002,0.0158
27777.0,88.1641,39.5771,88.1641,39.5771,88.1646,39.5744,0.0,0.0001,0.0006,0.0067
27533.0,87.4733,-22.9746,87.4733,-22.9746,87.4729,-22.9717,0.0001,-0.0001,0.0005,-0.0128
27971.0,88.7389,59.8884,88.739,59.8884,88.7408,59.8883,0.0001,0.0,0.0022,0.0001
27778.0,88.1709,33.9147,88.171,33.9148,88.1671,33.9175,0.0,0.0001,0.0044,0.0082
27949.0,88.709,55.7021,88.7091,55.7021,88.7117,55.7069,0.0001,0.0,0.003,0.0087
27747.0,88.0979,19.8726,88.0979,19.8726,88.0975,19.8681,0.0,0.0001,0.0004,0.0227
27658.0,87.8376,-7.5196,87.8376,-7.5196,87.8417,-7.5181,0.0,-0.0004,0.0046,-0.021
27512.0,87.3872,-44.8804,87.3871,-44.8804,87.3921,-44.8753,0.0001,-0.0001,0.0056,-0.0115
27743.0,88.091,14.1697,88.0909,14.1697,88.0929,14.1717,0.0,0.0002,0.0022,0.0142
27830.0,88.3285,27.6083,88.3285,27.6083,88.3317,27.6122,0.0,0.0001,0.0036,0.0143
27654.0,87.8236,-20.8673,87.8236,-20.8673,87.8304,-20.8792,0.0001,-0.0001,0.0077,-0.0568
27670.0,87.8706,-22.9231,87.8705,-22.9231,87.8692,-22.9261,0.0001,-0.0001,0.0016,-0.013
27750.0,88.1124,1.8556,88.1123,1.8556,88.11,1.855,0.0,0.0014,0.0027,0.0317
27829.0,88.3252,20.299,88.3252,20.299,88.3296,20.2992,0.0,0.0001,0.005,0.001
27713.0,88.0347,-9.0411,88.0347,-9.0411,88.0317,-9.0414,0.0001,-0.0003,0.0035,-0.0033
27628.0,87.7392,-35.7761,87.7391,-35.7761,87.74,-35.7683,0.0001,-0.0001,0.0009,-0.0217
28205.0,89.3794,66.0977,89.3796,66.0977,89.3958,66.0961,0.0002,0.0,0.0183,0.0024
27705.0,88.0003,-29.4504,88.0003,-29.4504,87.9979,-29.4486,0.0001,-0.0001,0.0028,-0.0062
27583.0,87.6276,-52.7696,87.6275,-52.7696,87.6192,-52.7678,0.0002,-0.0001,0.0096,-0.0035
28086.0,89.0649,51.807,89.065,51.8071,89.06,51.8039,0.0001,0.0,0.0055,0.0061
27973.0,88.7448,31.6999,88.7449,31.6999,88.7458,31.7017,0.0,0.0001,0.0011,0.0056
27913.0,88.5991,20.2757,88.5991,20.2757,88.5954,20.2761,0.0,0.0001,0.0042,0.002
27900.0,88.5527,10.5844,88.5527,10.5844,88.5558,10.5869,0.0,0.0002,0.0035,0.0241
27621.0,87.725,-52.1114,87.7248,-52.1114,87.7217,-52.1089,0.0002,-0.0001,0.0038,-0.0048
27924.0,88.6346,11.7593,88.6345,11.7593,88.6342,11.7625,0.0,0.0002,0.0004,0.0273
27902.0,88.5666,3.2248,88.5666,3.2248,88.5654,3.2253,0.0,0.0008,0.0013,0.0148
27965.0,88.7396,19.7515,88.7396,19.7515,88.7362,19.7497,0.0,0.0001,0.0038,0.0089
27766.0,88.1359,-37.6343,88.1358,-37.6343,88.1383,-37.6311,0.0001,-0.0001,0.0028,-0.0086
28162.0,89.2719,49.0333,89.272,49.0333,89.2704,49.0294,0.0001,0.0001,0.0017,0.0079
27787.0,88.203,-38.5287,88.2029,-38.5286,88.1988,-38.5258,0.0001,-0.0001,0.0048,-0.0074
27810.0,88.2834,-33.7991,88.2833,-33.7991,88.2787,-33.8014,0.0001,-0.0001,0.0052,-0.0067
27929.0,88.6394,-4.0627,88.6393,-4.0627,88.6446,-4.0639,0.0,-0.0006,0.0059,-0.029
25776.0,82.5191,-84.7858,82.5182,-84.7858,82.5579,-84.785,0.0011,-0.0,0.047,-0.0009
27876.0,88.4893,-19.641,88.4893,-19.641,88.4892,-19.6383,0.0001,-0.0001,0.0002,-0.0136
27989.0,88.7931,7.404,88.793,7.404,88.7929,7.4069,0.0,0.0003,0.0002,0.0401
27369.0,86.962,-72.7073,86.9618,-72.7073,86.9504,-72.7022,0.0003,-0.0,0.0134,-0.007
28041.0,88.9594,20.172,88.9594,20.1721,88.9554,20.175,0.0,0.0001,0.0045,0.0146
27534.0,87.4781,-66.8977,87.4779,-66.8977,87.4733,-66.9011,0.0002,-0.0,0.0054,-0.0051
27938.0,88.6788,-11.7795,88.6787,-11.7795,88.6817,-11.7739,0.0001,-0.0002,0.0033,-0.0475
28117.0,89.1406,28.941,89.1406,28.9411,89.1408,28.9422,0.0,0.0001,0.0002,0.0041
28066.0,89.004,13.9331,89.004,13.9331,89.0146,13.9253,0.0,0.0002,0.0119,0.056
27901.0,88.5598,-29.1437,88.5597,-29.1436,88.5588,-29.1478,0.0001,-0.0001,0.0012,-0.0142
27835.0,88.3393,-42.9242,88.3392,-42.9242,88.3454,-42.9214,0.0001,-0.0001,0.0069,-0.0066
28011.0,88.8761,-4.616,88.8761,-4.616,88.8762,-4.6164,0.0,-0.0006,0.0001,-0.0088
28019.0,88.8969,-4.7899,88.8969,-4.7899,88.8975,-4.7883,0.0,-0.0005,0.0007,-0.0324
27737.0,88.0855,-57.155,88.0853,-57.155,88.0846,-57.1561,0.0002,-0.0,0.001,-0.0019
27660.0,87.8544,-64.0308,87.8542,-64.0308,87.8458,-64.0336,0.0002,-0.0,0.0098,-0.0044
28154.0,89.236,24.2512,89.236,24.2512,89.2338,24.2497,0.0,0.0001,0.0025,0.0061
28110.0,89.1203,9.5113,89.1202,9.5114,89.1167,9.5097,0.0,0.0003,0.004,0.0169
28139.0,89.2082,11.5186,89.2082,11.5186,89.2062,11.5211,0.0,0.0002,0.0022,0.0221
28358.0,89.8838,54.2871,89.8839,54.2871,89.8817,54.2847,0.0001,0.0,0.0024,0.0044
28831.0,91.275,75.5869,91.2752,75.587,91.2887,75.5858,0.0003,0.0,0.0151,0.0015
28385.0,89.9453,55.327,89.9454,55.327,89.9404,55.3208,0.0001,0.0,0.0054,0.0112
28390.0,89.9534,54.5442,89.9535,54.5443,89.9504,54.5472,0.0001,0.0,0.0033,0.0055
28343.0,89.8434,49.9213,89.8435,49.9213,89.8408,49.9244,0.0001,0.0,0.0029,0.0063
27955.0,88.7127,-39.9586,88.7126,-39.9586,88.7188,-39.9581,0.0001,-0.0001,0.0068,-0.0015
27896.0,88.5473,-50.3669,88.5472,-50.3668,88.5446,-50.3619,0.0001,-0.0001,0.0031,-0.0097
28237.0,89.5022,25.9506,89.5022,25.9506,89.4988,25.9539,0.0,0.0001,0.0038,0.0128
28103.0,89.1045,-14.1712,89.1044,-14.1712,89.1013,-14.1678,0.0001,-0.0002,0.0036,-0.0244
28085.0,89.0565,-22.8368,89.0565,-22.8368,89.0596,-22.8403,0.0001,-0.0001,0.0034,-0.0152
28010.0,88.8753,-37.1188,88.8752,-37.1188,88.8746,-37.1208,0.0001,-0.0001,0.0008,-0.0054
28360.0,89.8849,44.9449,89.8849,44.945,89.8821,44.9475,0.0001,0.0001,0.0031,0.0057
27937.0,88.6779,-49.6236,88.6778,-49.6235,88.6712,-49.6269,0.0001,-0.0001,0.0075,-0.0068
28118.0,89.1459,-23.213,89.1458,-23.213,89.1438,-23.2156,0.0001,-0.0001,0.0024,-0.011
28404.0,89.9857,45.94,89.9858,45.94,89.9838,45.9369,0.0001,0.0001,0.0022,0.0066
28098.0,89.0881,-31.3869,89.088,-31.3868,89.0871,-31.3825,0.0001,-0.0001,0.0011,-0.0139
28232.0,89.4832,1.2229,89.4831,1.2229,89.4758,1.2244,0.0,0.002,0.0082,0.1302
27947.0,88.7152,-52.6345,88.7151,-52.6345,88.7092,-52.6353,0.0002,-0.0,0.0068,-0.0015
28380.0,89.932,37.2115,89.932,37.2115,89.9304,37.2125,0.0,0.0001,0.0017,0.0027
28138.0,89.1991,-31.9763,89.199,-31.9763,89.2042,-31.9761,0.0001,-0.0001,0.0057,-0.0007
28302.0,89.7209,12.8068,89.7209,12.8068,89.7217,12.8086,0.0,0.0002,0.0009,0.0142
28271.0,89.5968,1.8392,89.5967,1.8392,89.6017,1.8369,0.0,0.0013,0.0055,0.1238
27890.0,88.5255,-63.1005,88.5253,-63.1005,88.5254,-63.09,0.0002,-0.0,0.0001,-0.0167
27897.0,88.5393,-64.4802,88.5391,-64.4802,88.5496,-64.4822,0.0002,-0.0,0.0116,-0.0031
28562.0,90.4327,48.9554,90.4327,48.9554,90.4296,48.9594,0.0001,0.0,0.0034,0.0083
28321.0,89.7535,-9.3839,89.7534,-9.3839,89.7542,-9.3822,0.0001,-0.0003,0.0008,-0.018
28325.0,89.7704,-9.5573,89.7704,-9.5572,89.7679,-9.5583,0.0001,-0.0003,0.0028,-0.0112
28370.0,89.9022,-1.4438,89.9021,-1.4438,89.9071,-1.4444,0.0,-0.0017,0.0055,-0.045
28517.0,90.2987,31.0338,90.2988,31.0338,90.2925,31.0347,0.0,0.0001,0.0069,0.0031
28500.0,90.2571,27.5698,90.2571,27.5698,90.2517,27.5722,0.0,0.0001,0.006,0.0089
28637.0,90.707,49.909,90.707,49.909,90.7029,49.9056,0.0001,0.0,0.0045,0.0068
28180.0,89.3088,-53.4243,89.3087,-53.4243,89.31,-53.4261,0.0002,-0.0,0.0014,-0.0033
28642.0,90.7269,43.3829,90.7269,43.3829,90.7233,43.3786,0.0,0.0001,0.0039,0.0099
28561.0,90.4213,22.397,90.4213,22.397,90.4233,22.4008,0.0,0.0001,0.0022,0.0173
28287.0,89.6508,-44.0312,89.6507,-44.0312,89.6567,-44.0344,0.0001,-0.0001,0.0066,-0.0074
28677.0,90.8168,42.9165,90.8169,42.9165,90.825,42.9117,0.0,0.0001,0.009,0.0113
28328.0,89.7882,-42.8179,89.7881,-42.8179,89.7867,-42.8153,0.0001,-0.0001,0.0018,-0.0061
28829.0,91.2809,59.3975,91.281,59.3976,91.2846,59.3931,0.0001,0.0,0.0041,0.0076
28644.0,90.7276,32.6326,90.7276,32.6327,90.7296,32.6358,0.0,0.0001,0.0022,0.0098
28765.0,91.1275,51.5803,91.1275,51.5803,91.1212,51.5733,0.0001,0.0,0.0068,0.0134
28614.0,90.5965,9.6517,90.5965,9.6517,90.5958,9.6475,0.0,0.0002,0.0007,0.0436
27566.0,87.5589,-79.3585,87.5584,-79.3584,87.5696,-79.3614,0.0005,-0.0,0.0122,-0.0037
28951.0,91.6607,63.4563,91.6609,63.4563,91.6633,63.4536,0.0001,0.0,0.0028,0.0042
28609.0,90.5717,1.6895,90.5717,1.6896,90.5712,1.6944,0.0,0.0014,0.0005,0.2894
28574.0,90.4561,-10.5994,90.456,-10.5994,90.46,-10.5981,0.0001,-0.0002,0.0043,-0.0128
28520.0,90.3063,-25.4121,90.3062,-25.4121,90.3046,-25.4178,0.0001,-0.0001,0.0019,-0.0222
28691.0,90.8607,19.6868,90.8607,19.6869,90.8638,19.6906,0.0,0.0001,0.0033,0.0188
28524.0,90.3126,-33.9115,90.3125,-33.9115,90.3183,-33.9117,0.0001,-0.0001,0.0063,-0.0004
28823.0,91.2601,42.987,91.2602,42.9871,91.2642,42.9817,0.0,0.0001,0.0044,0.0125
28686.0,90.8578,11.6831,90.8578,11.6831,90.8529,11.6808,0.0,0.0002,0.0054,0.0191
28734.0,91.0333,23.268,91.0333,23.268,91.03,23.2633,0.0,0.0001,0.0036,0.0202
28716.0,90.9794,20.1402,90.9794,20.1402,90.98,20.1383,0.0,0.0001,0.0006,0.0092
28622.0,90.6405,-14.5009,90.6404,-14.5009,90.6408,-14.4972,0.0001,-0.0002,0.0004,-0.0255
28820.0,91.2634,37.9706,91.2635,37.9706,91.2608,37.9642,0.0,0.0001,0.0028,0.017
28861.0,91.387,33.5974,91.387,33.5974,91.3917,33.5992,0.0,0.0001,0.0051,0.0053
28675.0,90.8134,-26.2829,90.8133,-26.2828,90.8146,-26.2844,0.0001,-0.0001,0.0013,-0.006
28908.0,91.538,35.3963,91.538,35.3963,91.5354,35.3875,0.0,0.0001,0.0028,0.0249
28744.0,91.0534,-6.7101,91.0534,-6.7101,91.0562,-6.7092,0.0,-0.0003,0.0031,-0.014
28946.0,91.6515,38.4818,91.6515,38.4818,91.6462,38.4828,0.0,0.0001,0.0057,0.0026
28812.0,91.2408,5.42,91.2408,5.42,91.2425,5.42,0.0,0.0004,0.0018,0.0009
28814.0,91.2382,4.1592,91.2382,4.1592,91.2433,4.1586,0.0,0.0005,0.0056,0.0131
28930.0,91.5902,29.5088,91.5902,29.5088,91.5937,29.5125,0.0,0.0001,0.0039,0.0124
29025.0,91.8608,41.8536,91.8608,41.8536,91.8621,41.8542,0.0,0.0001,0.0014,0.0015
28816.0,91.2462,-16.4877,91.2462,-16.4877,91.2462,-16.4844,0.0001,-0.0001,0.0,-0.0197
28756.0,91.0876,-32.1759,91.0875,-32.1759,91.0846,-32.1725,0.0001,-0.0001,0.0033,-0.0105
28854.0,91.3625,-10.2385,91.3624,-10.2385,91.3625,-10.2428,0.0001,-0.0002,0.0,-0.0418
28596.0,90.5347,-60.1011,90.5346,-60.1011,90.5383,-60.0969,0.0002,-0.0,0.004,-0.0069
29246.0,92.504,58.9324,92.5041,58.9324,92.4962,58.9358,0.0001,0.0,0.0084,0.0058
29114.0,92.0955,41.0577,92.0956,41.0578,92.0958,41.0556,0.0,0.0001,0.0003,0.0053
28949.0,91.6622,-4.1916,91.6621,-4.1916,91.6612,-4.1939,0.0,-0.0005,0.001,-0.0549
28910.0,91.5375,-14.9374,91.5374,-14.9374,91.5387,-14.9353,0.0001,-0.0001,0.0014,-0.0142
28874.0,91.4411,-24.1937,91.441,-24.1937,91.4404,-24.1956,0.0001,-0.0001,0.0007,-0.0076
28764.0,91.1238,-45.0397,91.1237,-45.0397,91.1183,-45.0367,0.0001,-0.0,0.006,-0.0068
28790.0,91.1652,-45.079,91.1651,-45.0789,91.1675,-45.0789,0.0001,-0.0,0.0025,-0.0002
29038.0,91.8959,14.7659,91.8959,14.766,91.8929,14.7683,0.0,0.0001,0.0033,0.0162
28855.0,91.3615,-35.5142,91.3614,-35.5141,91.3629,-35.5136,0.0001,-0.0001,0.0016,-0.0016
28973.0,91.7154,-11.176,91.7154,-11.176,91.7162,-11.1736,0.0001,-0.0002,0.0009,-0.0218
28796.0,91.1905,-48.4576,91.1904,-48.4576,91.1954,-48.4586,0.0001,-0.0,0.0054,-0.0021
28943.0,91.6296,-23.1139,91.6296,-23.1138,91.6333,-23.1106,0.0001,-0.0001,0.004,-0.0143
28899.0,91.525,-29.7567,91.525,-29.7567,91.5229,-29.7586,0.0001,-0.0001,0.0023,-0.0065
29490.0,93.206,65.7212,93.2061,65.7212,93.2129,65.7183,0.0002,0.0,0.0074,0.0044
28984.0,91.7439,-21.8087,91.7439,-21.8087,91.74,-21.8128,0.0001,-0.0001,0.0043,-0.0187
29138.0,92.1945,8.6676,92.1945,8.6676,92.1967,8.67,0.0,0.0002,0.0024,0.0276
29048.0,91.9242,-19.1672,91.9242,-19.1671,91.9233,-19.1658,0.0001,-0.0001,0.001,-0.007
29196.0,92.3821,22.1874,92.3821,22.1875,92.385,22.19,0.0,0.0001,0.0032,0.0116
28992.0,91.7681,-34.3067,91.7681,-34.3067,91.7654,-34.3119,0.0001,-0.0001,0.003,-0.0153
28957.0,91.6718,-42.3,91.6717,-42.3,91.6708,-42.2986,0.0001,-0.0001,0.001,-0.0033
29404.0,92.9361,52.6485,92.9362,52.6485,92.9417,52.6472,0.0001,0.0,0.0059,0.0024
29225.0,92.4335,23.1156,92.4335,23.1156,92.4333,23.1133,0.0,0.0001,0.0002,0.0098
29151.0,92.24,2.4946,92.2399,2.4946,92.2413,2.4994,0.0,0.0008,0.0014,0.1953
29388.0,92.8999,48.714,92.9,48.714,92.9021,48.7131,0.0001,0.0,0.0023,0.0019
,92.8999,48.714,92.9,48.714,92.9025,48.7111,0.0001,0.0,0.0028,0.0059
29034.0,91.8859,-37.2541,91.8858,-37.2541,91.8817,-37.2531,0.0001,-0.0001,0.0046,-0.0027
28988.0,91.7513,-45.0954,91.7512,-45.0954,91.7579,-45.0914,0.0001,-0.0,0.0072,-0.0089
29210.0,92.3947,-5.7086,92.3947,-5.7086,92.4008,-5.7111,0.0,-0.0004,0.0066,-0.0445
29150.0,92.24,-22.4269,92.2399,-22.4269,92.2413,-22.4275,0.0001,-0.0001,0.0014,-0.0025
29064.0,91.9688,-42.1508,91.9687,-42.1508,91.9704,-42.1539,0.0001,-0.0001,0.0018,-0.0074
29178.0,92.3338,-18.1264,92.3337,-18.1264,92.3346,-18.1261,0.0001,-0.0001,0.0008,-0.0016
29205.0,92.3927,-14.5818,92.3926,-14.5818,92.3929,-14.5842,0.0001,-0.0001,0.0003,-0.0162
29326.0,92.756,18.1333,92.756,18.1333,92.7575,18.1294,0.0,0.0001,0.0016,0.0213
29379.0,92.8827,24.4241,92.8827,24.4241,92.8846,24.4203,0.0,0.0001,0.0021,0.0157
29234.0,92.4532,-22.7755,92.4532,-22.7755,92.4496,-22.7742,0.0001,-0.0001,0.0039,-0.0059
29129.0,92.1432,-44.3568,92.1431,-44.3568,92.1442,-44.3561,0.0001,-0.0,0.0011,-0.0015
29569.0,93.4387,51.1696,93.4388,51.1696,93.4388,51.1725,0.0001,0.0,0.0,0.0057
29451.0,93.0826,32.6919,93.0826,32.6919,93.0838,32.6933,0.0,0.0001,0.0013,0.0044
29416.0,92.9652,21.8686,92.9652,21.8686,92.9642,21.8686,0.0,0.0001,0.0011,0.0
29371.0,92.8646,13.6408,92.8646,13.6408,92.8662,13.6386,0.0,0.0001,0.0018,0.0159
29233.0,92.4466,-26.6972,92.4465,-26.6972,92.4467,-26.7008,0.0001,-0.0001,0.0001,-0.0134
29433.0,93.0008,19.7892,93.0008,19.7892,93.0054,19.7906,0.0,0.0001,0.0049,0.0069
28909.0,91.5282,-66.0436,91.528,-66.0436,91.5392,-66.0397,0.0002,-0.0,0.012,-0.0058
29323.0,92.7509,-6.7562,92.7509,-6.7562,92.7554,-6.7542,0.0,-0.0003,0.0049,-0.03
28991.0,91.7716,-62.1519,91.7715,-62.1519,91.7642,-62.1547,0.0002,-0.0,0.0081,-0.0046
29450.0,93.079,22.9058,93.079,22.9058,93.0796,22.9083,0.0,0.0001,0.0006,0.0109
29434.0,93.0096,16.1333,93.0096,16.1333,93.0138,16.1306,0.0,0.0001,0.0045,0.017
29426.0,92.9907,14.2089,92.9907,14.2089,92.985,14.2089,0.0,0.0001,0.0061,0.0002
29294.0,92.6416,-27.1526,92.6415,-27.1525,92.6442,-27.1542,0.0001,-0.0001,0.0028,-0.0059
29730.0,93.9208,59.9968,93.9209,59.9968,93.9192,59.9992,0.0001,0.0,0.0017,0.004
29401.0,92.9336,-4.6603,92.9335,-4.6603,92.9321,-4.6656,0.0,-0.0004,0.0016,-0.1119
29263.0,92.5403,-40.3568,92.5402,-40.3567,92.5429,-40.3536,0.0001,-0.0001,0.0028,-0.0078
29185.0,92.341,-49.5616,92.3409,-49.5616,92.3471,-49.5628,0.0001,-0.0,0.0066,-0.0023
29417.0,92.964,-6.5528,92.964,-6.5528,92.9658,-6.5503,0.0,-0.0003,0.002,-0.039
29347.0,92.8093,-26.482,92.8092,-26.4819,92.8062,-26.4822,0.0001,-0.0001,0.0032,-0.001
29545.0,93.39,18.6795,93.39,18.6795,93.3892,18.6803,0.0,0.0001,0.0009,0.0043
29525.0,93.3045,10.6343,93.3045,10.6343,93.3025,10.6275,0.0,0.0002,0.0021,0.0636
29997.0,94.7087,69.3188,94.7089,69.3189,94.7117,69.3197,0.0002,0.0,0.0031,0.0013
29487.0,93.184,-2.5031,93.184,-2.5031,93.185,-2.5044,0.0,-0.0008,0.001,-0.0541
29304.0,92.674,-45.2846,92.6738,-45.2846,92.6662,-45.2819,0.0001,-0.0,0.0083,-0.0058
29276.0,92.5804,-54.9656,92.5803,-54.9656,92.5746,-54.9686,0.0002,-0.0,0.0063,-0.0055
29488.0,93.19,-17.7678,93.19,-17.7678,93.1929,-17.7631,0.0001,-0.0001,0.0031,-0.0268
29616.0,93.6165,17.9084,93.6165,17.9084,93.6192,17.9064,0.0,0.0001,0.0028,0.0113
29919.0,94.4751,61.5167,94.4752,61.5168,94.4783,61.5153,0.0001,0.0,0.0034,0.0024
29655.0,93.7192,22.5103,93.7192,22.5104,93.7192,22.5067,0.0,0.0001,0.0,0.0163
29725.0,93.921,36.1461,93.921,36.1461,93.9125,36.1486,0.0,0.0001,0.009,0.007
29575.0,93.4763,-3.7364,93.4763,-3.7364,93.4762,-3.7414,0.0,-0.0005,0.0,-0.1324
29696.0,93.8404,29.5039,93.8404,29.5039,93.8446,29.4981,0.0,0.0001,0.0044,0.0199
29650.0,93.7179,19.1556,93.7179,19.1556,93.7121,19.1564,0.0,0.0001,0.0062,0.004
29134.0,92.1739,-68.844,92.1737,-68.8439,92.1842,-68.8433,0.0003,-0.0,0.0111,-0.0009
29678.0,93.7874,13.8558,93.7874,13.8558,93.7854,13.8511,0.0,0.0001,0.0021,0.0337
29704.0,93.857,16.1442,93.857,16.1443,93.8546,16.1431,0.0,0.0001,0.0026,0.0074
29629.0,93.6537,-4.5735,93.6537,-4.5735,93.6529,-4.5683,0.0,-0.0004,0.0009,-0.1138
29568.0,93.4444,-23.8666,93.4443,-23.8666,93.4379,-23.8619,0.0001,-0.0001,0.0069,-0.0194
29546.0,93.3926,-29.3958,93.3926,-29.3958,93.3888,-29.3961,0.0001,-0.0001,0.0042,-0.001
29651.0,93.7109,-6.2712,93.7109,-6.2711,93.7137,-6.2747,0.0,-0.0003,0.003,-0.0568
29884.0,94.3981,46.4219,94.3982,46.4219,94.3946,46.4242,0.0001,0.0,0.0037,0.0048
29736.0,93.9408,12.5501,93.9408,12.5501,93.9375,12.5511,0.0,0.0001,0.0036,0.0078
29789.0,94.0756,23.9686,94.0756,23.9686,94.0792,23.97,0.0,0.0001,0.0038,0.0059
29728.0,93.9136,6.0682,93.9136,6.0682,93.9171,6.0661,0.0,0.0003,0.0037,0.0338
29739.0,93.9448,4.2817,93.9448,4.2818,93.9458,4.2836,0.0,0.0004,0.0011,0.0436
29711.0,93.8717,-4.9158,93.8717,-4.9158,93.8738,-4.9153,0.0,-0.0004,0.0021,-0.0114
29798.0,94.1019,17.1811,94.1019,17.1811,94.0992,17.1814,0.0,0.0001,0.0029,0.0019
29746.0,93.9766,1.1681,93.9766,1.1681,93.975,1.1692,0.0,0.0016,0.0017,0.0896
29705.0,93.8609,-9.0381,93.8608,-9.0381,93.8583,-9.0353,0.0,-0.0002,0.0027,-0.0311
29949.0,94.5684,46.3587,94.5685,46.3587,94.5704,46.3606,0.0001,0.0,0.0021,0.0039
29840.0,94.2437,23.7452,94.2437,23.7453,94.2446,23.7408,0.0,0.0001,0.0009,0.0185
29800.0,94.1103,12.2647,94.1102,12.2647,94.1108,12.2722,0.0,0.0001,0.0006,0.0616
29679.0,93.783,-20.2735,93.783,-20.2735,93.785,-20.2722,0.0001,-0.0001,0.0021,-0.0063
29692.0,93.8203,-18.4793,93.8202,-18.4793,93.8229,-18.4767,0.0001,-0.0001,0.0028,-0.0144
29735.0,93.936,-13.7198,93.9359,-13.7198,93.9371,-13.7183,0.0001,-0.0001,0.0012,-0.0108
29353.0,92.8021,-65.5928,92.8019,-65.5927,92.8125,-65.5894,0.0002,-0.0,0.0112,-0.005
29791.0,94.0895,1.0815,94.0894,1.0816,94.0883,1.0803,0.0,0.0017,0.0012,0.1161
29850.0,94.2711,9.9447,94.2711,9.9447,94.2775,9.9425,0.0,0.0002,0.0067,0.0219
29839.0,94.2404,7.054,94.2404,7.0541,94.2433,7.0531,0.0,0.0003,0.0031,0.0139
29771.0,94.0278,-16.6186,94.0277,-16.6186,94.0321,-16.6178,0.0001,-0.0001,0.0046,-0.0052
29881.0,94.3893,14.0578,94.3893,14.0578,94.3887,14.0583,0.0,0.0001,0.0006,0.0039
29860.0,94.3176,5.0976,94.3175,5.0977,94.3171,5.1003,0.0,0.0004,0.0005,0.0516
29756.0,93.9915,-29.7923,93.9914,-29.7923,93.9883,-29.7883,0.0001,-0.0001,0.0033,-0.0132
29931.0,94.527,14.3795,94.527,14.3795,94.5233,14.3828,0.0,0.0001,0.0039,0.023
29843.0,94.2665,-22.7099,94.2664,-22.7099,94.2646,-22.715,0.0001,-0.0001,0.002,-0.0225
29885.0,94.3975,-10.726,94.3974,-10.726,94.3967,-10.7253,0.0001,-0.0002,0.0008,-0.007
29807.0,94.1382,-35.1437,94.1381,-35.1436,94.1379,-35.1406,0.0001,-0.0001,0.0003,-0.0088
30272.0,95.5187,59.3765,95.5188,59.3766,95.515,59.3722,0.0001,0.0,0.0039,0.0073
30019.0,94.7579,17.3254,94.7578,17.3254,94.7575,17.325,0.0,0.0001,0.0004,0.0023
29982.0,94.6678,9.0441,94.6678,9.0441,94.6688,9.0472,0.0,0.0002,0.001,0.0347
29895.0,94.4206,-16.8194,94.4206,-16.8194,94.4238,-16.8158,0.0001,-0.0001,0.0033,-0.0212
29271.0,92.568,-74.7459,92.5676,-74.7459,92.56,-74.7531,0.0004,-0.0,0.0086,-0.0095
29808.0,94.1459,-39.2637,94.1458,-39.2636,94.1483,-39.2644,0.0001,-0.0,0.0026,-0.002
29842.0,94.2511,-37.7426,94.251,-37.7426,94.255,-37.7375,0.0001,-0.0,0.0041,-0.0136
30247.0,95.4362,53.4566,95.4363,53.4566,95.4421,53.4522,0.0001,0.0,0.0062,0.0081
29852.0,94.2938,-37.2567,94.2937,-37.2567,94.2896,-37.2531,0.0001,-0.0,0.0045,-0.0098
29941.0,94.5589,-19.9677,94.5588,-19.9677,94.5571,-19.9669,0.0001,-0.0001,0.0019,-0.0039
29996.0,94.7114,-9.3913,94.7114,-9.3912,94.7108,-9.3903,0.0,-0.0002,0.0006,-0.0105
29993.0,94.6984,-15.0246,94.6983,-15.0246,94.7033,-15.0247,0.0001,-0.0001,0.0052,-0.0007
30099.0,95.0228,14.6483,95.0227,14.6483,95.0175,14.6511,0.0,0.0001,0.0055,0.019
30028.0,94.7838,-8.5812,94.7837,-8.5812,94.7829,-8.5864,0.0,-0.0002,0.0009,-0.0602
30011.0,94.7481,-20.9275,94.748,-20.9275,94.7458,-20.9261,0.0001,-0.0001,0.0023,-0.0066
30200.0,95.2977,29.5386,95.2977,29.5386,95.3004,29.5411,0.0,0.0001,0.0029,0.0086
30073.0,94.9248,-7.8229,94.9247,-7.8229,94.9283,-7.8231,0.0,-0.0002,0.0037,-0.0018
29788.0,94.0757,-59.2104,94.0756,-59.2104,94.0771,-59.2136,0.0002,-0.0,0.0014,-0.0053
30093.0,94.9942,-2.9438,94.9942,-2.9438,94.9983,-2.9444,0.0,-0.0006,0.0043,-0.0221
30169.0,95.2136,11.7546,95.2136,11.7546,95.2179,11.7564,0.0,0.0001,0.0045,0.0153
30218.0,95.3553,17.7658,95.3553,17.7658,95.3579,17.7636,0.0,0.0001,0.0027,0.0125
29913.0,94.4717,-52.7363,94.4716,-52.7363,94.4654,-52.7331,0.0001,-0.0,0.0067,-0.0062
30069.0,94.9195,-34.3932,94.9194,-34.3932,94.9208,-34.3967,0.0001,-0.0,0.0015,-0.0101
30217.0,95.3549,2.2678,95.3548,2.2678,95.3575,2.2686,0.0,0.0007,0.0028,0.0361
29990.0,94.6936,-50.3553,94.6935,-50.3553,94.695,-50.3592,0.0001,-0.0,0.0015,-0.0077
30122.0,95.0815,-30.0604,95.0814,-30.0603,95.0783,-30.0633,0.0001,-0.0001,0.0033,-0.0099
29673.0,93.7837,-71.705,93.7834,-71.705,93.7746,-71.7028,0.0003,-0.0,0.0097,-0.0031
30214.0,95.3513,-11.7735,95.3512,-11.7735,95.3529,-11.7733,0.0001,-0.0001,0.0017,-0.0014
30794.0,97.0751,70.534,97.0753,70.534,97.0608,70.5356,0.0002,0.0,0.0147,0.0022
30343.0,95.7376,22.5198,95.7376,22.5198,95.74,22.5136,0.0,0.0001,0.0025,0.0274
30318.0,95.6498,12.5707,95.6498,12.5707,95.6521,12.57,0.0,0.0001,0.0023,0.0058
30143.0,95.1492,-34.1486,95.1491,-34.1486,95.1512,-34.1439,0.0001,-0.0,0.0022,-0.0138
30520.0,96.2158,49.29,96.2159,49.29,96.2246,49.2881,0.0001,0.0,0.0091,0.004
30104.0,95.0249,-48.7387,95.0248,-48.7387,95.0254,-48.7411,0.0001,-0.0,0.0005,-0.0049
30651.0,96.6139,56.2881,96.614,56.2881,96.6075,56.285,0.0001,0.0,0.0066,0.0055
30382.0,95.8274,3.7617,95.8273,3.7618,95.8271,3.7644,0.0,0.0004,0.0003,0.0718
30679.0,96.6974,58.4165,96.6975,58.4165,96.7038,58.4172,0.0001,0.0,0.0065,0.0012
30324.0,95.6732,-17.9569,95.6731,-17.9569,95.675,-17.9558,0.0001,-0.0001,0.0019,-0.0058
30387.0,95.8461,-4.687,95.8461,-4.687,95.8446,-4.6872,0.0,-0.0003,0.0016,-0.004
30277.0,95.5345,-33.438,95.5344,-33.438,95.5283,-33.4364,0.0001,-0.0,0.0065,-0.005
30518.0,96.2212,29.7034,96.2212,29.7034,96.2192,29.7072,0.0,0.0001,0.0021,0.0128
30419.0,95.9472,4.5898,95.9471,4.5898,95.9421,4.5928,0.0,0.0003,0.0053,0.0652
30422.0,95.9425,4.5986,95.9425,4.5986,95.9438,4.5956,0.0,0.0003,0.0013,0.0666
30448.0,96.0118,8.8895,96.0118,8.8895,96.0096,8.8847,0.0,0.0002,0.0023,0.0533
30407.0,95.9004,-9.879,95.9003,-9.879,95.9,-9.8744,0.0,-0.0002,0.0004,-0.0465
30517.0,96.2204,16.0549,96.2204,16.055,96.2204,16.0569,0.0,0.0001,0.0,0.0124
30420.0,95.9409,-15.0677,95.9409,-15.0677,95.9417,-15.0717,0.0001,-0.0001,0.0008,-0.0261
30570.0,96.3838,23.3249,96.3838,23.3249,96.3871,23.3269,0.0,0.0001,0.0034,0.0089
30457.0,96.0486,-11.5324,96.0486,-11.5324,96.0429,-11.5303,0.0001,-0.0001,0.0059,-0.0183
30426.0,95.9476,-19.7819,95.9475,-19.7819,95.9483,-19.7853,0.0001,-0.0001,0.0008,-0.0168
30376.0,95.8148,-31.7884,95.8147,-31.7883,95.81,-31.79,0.0001,-0.0,0.005,-0.0051
30564.0,96.3667,14.7164,96.3667,14.7164,96.3671,14.7219,0.0,0.0001,0.0004,0.0378
30468.0,96.0894,-12.9583,96.0894,-12.9583,96.0854,-12.9625,0.0001,-0.0001,0.0042,-0.0323
30541.0,96.3078,7.0898,96.3078,7.0898,96.3046,7.0858,0.0,0.0002,0.0033,0.0561
30436.0,95.9786,-25.5775,95.9786,-25.5775,95.9829,-25.5778,0.0001,-0.0001,0.0045,-0.0011
30547.0,96.3269,1.5049,96.3269,1.505,96.3267,1.5011,0.0,0.001,0.0002,0.2553
30762.0,96.9642,47.4024,96.9643,47.4024,96.9629,47.4053,0.0001,0.0,0.0014,0.006
30594.0,96.446,2.274,96.446,2.274,96.4442,2.2722,0.0,0.0007,0.002,0.078
30444.0,96.0039,-36.7059,96.0038,-36.7059,96.0042,-36.7078,0.0001,-0.0,0.0003,-0.0051
30595.0,96.4409,-3.8877,96.4409,-3.8877,96.4463,-3.8892,0.0,-0.0004,0.0055,-0.0378
30503.0,96.1838,-28.7743,96.1837,-28.7743,96.1829,-28.78,0.0001,-0.0001,0.0009,-0.0199
30741.0,96.8933,32.5628,96.8933,32.5628,96.8979,32.5631,0.0,0.0,0.0048,0.0008
30342.0,95.7259,-56.3708,95.7258,-56.3708,95.7325,-56.37,0.0002,-0.0,0.0069,-0.0014
30608.0,96.4948,-7.9001,96.4948,-7.9001,96.495,-7.8942,0.0,-0.0002,0.0002,-0.0756
,95.9066,-52.1769,95.9064,-52.1769,95.9071,-52.1811,0.0001,-0.0,0.0005,-0.008
30505.0,96.181,-40.2862,96.1809,-40.2862,96.1854,-40.2842,0.0001,-0.0,0.0045,-0.005
30666.0,96.6664,-1.5107,96.6664,-1.5107,96.665,-1.5072,0.0,-0.001,0.0015,-0.2331
30660.0,96.6432,-4.5966,96.6432,-4.5966,96.6438,-4.5972,0.0,-0.0003,0.0005,-0.0127
30438.0,95.991,-52.6934,95.9908,-52.6933,95.9879,-52.6958,0.0001,-0.0,0.0032,-0.0047
30675.0,96.6826,-7.5102,96.6826,-7.5102,96.6871,-7.5114,0.0,-0.0002,0.0046,-0.016
30566.0,96.3802,-35.062,96.3801,-35.0619,96.3746,-35.0639,0.0001,-0.0,0.0058,-0.0055
30769.0,96.9834,20.4922,96.9834,20.4923,96.9858,20.4961,0.0,0.0001,0.0025,0.0189
31039.0,97.6957,58.164,97.6958,58.164,97.6967,58.1628,0.0001,0.0,0.001,0.002
30827.0,97.1483,30.4917,97.1483,30.4917,97.1421,30.4931,0.0,0.0,0.0064,0.0045
30728.0,96.8396,2.9054,96.8395,2.9054,96.835,2.9081,0.0,0.0005,0.0047,0.0926
30423.0,95.9374,-58.5441,95.9372,-58.5441,95.9454,-58.5439,0.0002,-0.0,0.0084,-0.0003
30352.0,95.7497,-63.6847,95.7495,-63.6847,95.7554,-63.6831,0.0002,-0.0,0.006,-0.0026
30972.0,97.5071,46.6818,97.5071,46.6818,97.5125,46.6856,0.0001,0.0,0.0056,0.008
30880.0,97.2309,26.9656,97.2309,26.9656,97.2358,26.9678,0.0,0.0001,0.0051,0.0081
30815.0,97.1199,16.2378,97.1199,16.2378,97.1167,16.2383,0.0,0.0001,0.0033,0.0032
,96.2001,-52.8046,96.2,-52.8046,96.2008,-52.8064,0.0001,-0.0,0.0007,-0.0033
30804.0,97.0795,10.3027,97.0795,10.3027,97.0783,10.3039,0.0,0.0001,0.0012,0.012
30883.0,97.2447,20.2148,97.2447,20.2148,97.2408,20.2122,0.0,0.0001,0.004,0.0129
30772.0,96.9882,-4.7673,96.9882,-4.7673,96.99,-4.7622,0.0,-0.0003,0.0018,-0.1075
30463.0,96.0628,-60.2825,96.0626,-60.2824,96.0571,-60.2811,0.0002,-0.0,0.0059,-0.0022
31922.0,100.0872,79.5997,100.0876,79.5997,100.07,79.5994,0.0004,0.0,0.0172,0.0003
30798.0,97.0727,1.9138,97.0727,1.9138,97.07,1.9122,0.0,0.0007,0.0028,0.082
30591.0,96.4309,-48.1786,96.4308,-48.1786,96.4317,-48.1772,0.0001,-0.0,0.0008,-0.0028
30711.0,96.8015,-25.8502,96.8014,-25.8502,96.7967,-25.8567,0.0001,-0.0001,0.005,-0.0249
32296.0,101.0927,82.1185,101.0933,82.1185,101.1258,82.1153,0.0006,0.0,0.0327,0.0039
30321.0,95.6451,-69.9811,95.6449,-69.9811,95.6592,-69.9842,0.0003,-0.0,0.0147,-0.0044
30706.0,96.781,-37.897,96.7809,-37.897,96.7812,-37.8956,0.0001,-0.0,0.0003,-0.0038
30480.0,96.1084,-63.4233,96.1082,-63.4233,96.1096,-63.4289,0.0002,-0.0,0.0013,-0.0088
30906.0,97.3133,2.6452,97.3133,2.6452,97.3121,2.6461,0.0,0.0005,0.0012,0.0358
30867.0,97.2074,-7.0301,97.2074,-7.0301,97.2042,-7.0328,0.0,-0.0002,0.0034,-0.0382
,97.2074,-7.0301,97.2074,-7.0301,97.2062,-7.0344,0.0,-0.0002,0.0012,-0.0619
,97.2074,-7.0301,97.2074,-7.0301,97.2062,-7.0344,0.0,-0.0002,0.0012,-0.0619
30836.0,97.1553,-17.4616,97.1552,-17.4616,97.1554,-17.4661,0.0001,-0.0001,0.0001,-0.0259
30524.0,96.2219,-63.8299,96.2217,-63.8299,96.2317,-63.8278,0.0002,-0.0,0.0102,-0.0033
30788.0,97.0379,-32.58,97.0378,-32.58,97.0421,-32.58,0.0001,-0.0,0.0043,-0.0001
30977.0,97.5258,9.0317,97.5258,9.0318,97.5229,9.0292,0.0,0.0001,0.003,0.0285
31940.0,100.1064,77.9928,100.1068,77.9928,100.12,77.9958,0.0004,0.0,0.0135,0.0039
30840.0,97.1584,-32.3691,97.1583,-32.3691,97.1633,-32.3711,0.0001,-0.0,0.005,-0.0062
31703.0,99.4853,73.6934,99.4856,73.6934,99.4788,73.6956,0.0003,0.0,0.0066,0.003
,97.7943,16.9456,97.7943,16.9456,97.7921,16.9386,0.0,0.0001,0.0023,0.041
30986.0,97.5498,-10.0825,97.5497,-10.0825,97.5471,-10.0814,0.0,-0.0001,0.0028,-0.0113
30849.0,97.1799,-41.0777,97.1798,-41.0777,97.1763,-41.0744,0.0001,-0.0,0.0038,-0.0079
31066.0,97.7902,11.2549,97.7901,11.2549,97.7896,11.2508,0.0,0.0001,0.0006,0.0358
31105.0,97.9119,15.9019,97.9119,15.9019,97.9058,15.9033,0.0,0.0001,0.0062,0.0091
31173.0,98.1124,32.4591,98.1124,32.4591,98.1133,32.4547,0.0,0.0,0.001,0.0134
31024.0,97.649,-13.1453,97.649,-13.1453,97.6446,-13.1481,0.0001,-0.0001,0.0045,-0.0209
31107.0,97.9178,11.7937,97.9178,11.7937,97.9133,11.7922,0.0,0.0001,0.0045,0.0123
31119.0,97.9495,11.5393,97.9495,11.5393,97.9512,11.5444,0.0,0.0001,0.0018,0.0447
31359.0,98.6395,55.3575,98.6396,55.3575,98.6367,55.3531,0.0001,0.0,0.0028,0.008
30565.0,96.375,-69.6896,96.3747,-69.6896,96.3692,-69.6903,0.0003,-0.0,0.006,-0.001
31168.0,98.098,11.6714,98.098,11.6714,98.0971,11.6736,0.0,0.0001,0.0009,0.0192
31084.0,97.8437,-12.3875,97.8436,-12.3875,97.8458,-12.3917,0.0001,-0.0001,0.0022,-0.0336
31037.0,97.6956,-27.7722,97.6955,-27.7722,97.6929,-27.7694,0.0001,-0.0,0.0027,-0.01
31121.0,97.9573,-8.164,97.9572,-8.164,97.9588,-8.1581,0.0,-0.0002,0.0015,-0.0732
31159.0,98.0829,4.8555,98.0828,4.8555,98.08,4.8558,0.0,0.0003,0.0029,0.0061
31290.0,98.427,33.0201,98.427,33.0201,98.4279,33.0242,0.0,0.0,0.0009,0.0122
30953.0,97.4488,-50.2352,97.4487,-50.2352,97.4546,-50.2392,0.0001,-0.0,0.0059,-0.0078
31216.0,98.2284,7.3306,98.2283,7.3306,98.2258,7.3331,0.0,0.0002,0.0026,0.0332
31167.0,98.0957,-5.8673,98.0957,-5.8672,98.0962,-5.8689,0.0,-0.0002,0.0005,-0.0279
31125.0,97.9657,-23.4167,97.9656,-23.4167,97.9637,-23.4183,0.0001,-0.0001,0.002,-0.007
31072.0,97.8082,-35.2596,97.8081,-35.2596,97.8042,-35.2592,0.0001,-0.0,0.0041,-0.0013
30932.0,97.3721,-56.8485,97.3719,-56.8485,97.3688,-56.8528,0.0002,-0.0,0.0034,-0.0075
31056.0,97.7517,-40.9172,97.7516,-40.9172,97.7492,-40.9164,0.0001,-0.0,0.0025,-0.002
31277.0,98.4043,14.1572,98.4042,14.1572,98.4004,14.1553,0.0,0.0001,0.0039,0.0134
31205.0,98.1927,-11.169,98.1927,-11.169,98.1954,-11.1664,0.0001,-0.0001,0.0027,-0.0231
31099.0,97.8939,-36.9412,97.8938,-36.9412,97.8958,-36.94,0.0001,-0.0,0.002,-0.0033
31676.0,99.4302,61.4845,99.4303,61.4845,99.4225,61.4811,0.0001,0.0,0.0077,0.0056
31278.0,98.4073,-1.2234,98.4073,-1.2233,98.4079,-1.2203,0.0,-0.001,0.0006,-0.252
31946.0,100.1274,71.7517,100.1276,71.7517,100.1342,71.7489,0.0002,0.0,0.0067,0.0039
31190.0,98.1574,-32.0319,98.1573,-32.0319,98.1625,-32.0306,0.0001,-0.0,0.0052,-0.0043
31434.0,98.8052,28.0215,98.8052,28.0215,98.8004,28.0222,0.0,0.0,0.0048,0.0026
31165.0,98.0863,-37.6965,98.0862,-37.6965,98.0888,-37.6967,0.0001,-0.0,0.0025,-0.0004
31079.0,97.8249,-51.8254,97.8247,-51.8254,97.8262,-51.8261,0.0001,-0.0,0.0014,-0.0013
32439.0,101.5579,79.5703,101.5583,79.5704,101.5588,79.5647,0.0004,0.0,0.0008,0.0071
31665.0,99.409,56.8532,99.4091,56.8532,99.4104,56.8575,0.0001,0.0,0.0014,0.0076
31266.0,98.3641,-20.9253,98.364,-20.9253,98.3608,-20.9239,0.0001,-0.0001,0.0033,-0.0066
31385.0,98.6937,7.5703,98.6937,7.5704,98.6933,7.5725,0.0,0.0002,0.0004,0.0285
31579.0,99.1346,38.4398,99.1346,38.4398,99.1371,38.4453,0.0,0.0,0.0025,0.0142
31448.0,98.8252,9.9919,98.8251,9.9919,98.8233,9.9883,0.0,0.0001,0.0019,0.0353
31241.0,98.2895,-38.628,98.2894,-38.628,98.2929,-38.6253,0.0001,-0.0,0.0035,-0.0072
30973.0,97.5096,-65.568,97.5093,-65.568,97.5125,-65.5683,0.0002,-0.0,0.003,-0.0006
31068.0,97.8008,-61.8826,97.8006,-61.8826,97.7942,-61.8797,0.0002,-0.0,0.0068,-0.0046
31299.0,98.4609,-36.2331,98.4608,-36.2331,98.4562,-36.2322,0.0001,-0.0,0.0047,-0.0024
31137.0,98.0016,-58.7531,98.0015,-58.753,97.9933,-58.7542,0.0002,-0.0,0.0085,-0.0019
31416.0,98.7605,-22.967,98.7604,-22.967,98.7642,-22.9647,0.0001,-0.0001,0.0037,-0.0098
31362.0,98.6538,-32.7173,98.6537,-32.7172,98.6471,-32.7164,0.0001,-0.0,0.0068,-0.0026
31265.0,98.3644,-52.3267,98.3643,-52.3267,98.3588,-52.3289,0.0001,-0.0,0.0058,-0.0041
31650.0,99.3629,24.5894,99.3629,24.5894,99.3633,24.5908,0.0,0.0,0.0005,0.006
31583.0,99.1452,-5.207,99.1452,-5.207,99.1471,-5.2111,0.0,-0.0002,0.0019,-0.0791
31771.0,99.665,39.3928,99.665,39.3929,99.6646,39.3908,0.0,0.0,0.0004,0.0051
31789.0,99.7059,39.9014,99.7059,39.9014,99.705,39.9025,0.0,0.0,0.0009,0.0027
31681.0,99.4239,16.4013,99.4239,16.4013,99.4279,16.3992,0.0,0.0001,0.0041,0.013
31646.0,99.3494,6.1394,99.3493,6.1394,99.3504,6.1353,0.0,0.0002,0.0011,0.0674
31564.0,99.0973,-18.6639,99.0972,-18.6639,99.095,-18.66,0.0001,-0.0001,0.0023,-0.0207
31457.0,98.8467,-36.7843,98.8466,-36.7843,98.8504,-36.78,0.0001,-0.0,0.0038,-0.0116
31737.0,99.5939,28.9791,99.5939,28.9791,99.5958,28.9842,0.0,0.0,0.002,0.0176
31662.0,99.4048,10.8491,99.4048,10.8491,99.4038,10.8531,0.0,0.0001,0.001,0.0364
31832.0,99.8306,42.4845,99.8307,42.4845,99.8329,42.4889,0.0,0.0,0.0023,0.0104
31599.0,99.1939,-13.3166,99.1938,-13.3166,99.1946,-13.3208,0.0001,-0.0001,0.0007,-0.0315
31592.0,99.168,-19.259,99.1679,-19.259,99.1708,-19.2558,0.0001,-0.0001,0.0028,-0.0164
31672.0,99.4208,2.7105,99.4207,2.7105,99.4179,2.7042,0.0,0.0004,0.0029,0.2331
31509.0,98.9758,-36.0886,98.9757,-36.0886,98.975,-36.0889,0.0001,-0.0,0.0008,-0.0009
31697.0,99.4685,4.9513,99.4685,4.9513,99.4696,4.9572,0.0,0.0002,0.0011,0.1187
31593.0,99.1725,-22.616,99.1725,-22.616,99.1704,-22.615,0.0001,-0.0,0.0021,-0.0046
31407.0,98.7527,-52.9753,98.7526,-52.9752,98.7442,-52.9756,0.0001,-0.0,0.0087,-0.0006
31813.0,99.7674,22.0315,99.7674,22.0315,99.7721,22.0308,0.0,0.0,0.0047,0.0029
31674.0,99.4149,-12.9815,99.4149,-12.9815,99.4204,-12.985,0.0001,-0.0001,0.0055,-0.0266
31852.0,99.8933,28.2647,99.8933,28.2647,99.8879,28.2631,0.0,0.0,0.0054,0.0058
31733.0,99.5892,-2.5459,99.5892,-2.5458,99.5854,-2.5436,0.0,-0.0004,0.0038,-0.088
31790.0,99.7096,4.704,99.7096,4.704,99.7062,4.7006,0.0,0.0002,0.0034,0.073
31766.0,99.6573,1.6181,99.6573,1.6181,99.6587,1.6136,0.0,0.0006,0.0014,0.2791
31700.0,99.4698,-18.239,99.4698,-18.239,99.4725,-18.2375,0.0001,-0.0001,0.0027,-0.0085
31617.0,99.2612,-38.1448,99.2611,-38.1448,99.2579,-38.1467,0.0001,-0.0,0.0033,-0.0049
31603.0,99.2149,-41.5548,99.2148,-41.5548,99.2137,-41.5569,0.0001,-0.0,0.0012,-0.0052
31637.0,99.3032,-36.9923,99.3031,-36.9923,99.3075,-36.9906,0.0001,-0.0,0.0043,-0.0047
31688.0,99.4456,-32.3391,99.4455,-32.3391,99.4483,-32.3397,0.0001,-0.0,0.0028,-0.002
31758.0,99.6528,-16.8748,99.6528,-16.8748,99.6475,-16.8736,0.0001,-0.0001,0.0054,-0.007
31876.0,99.949,12.9866,99.9489,12.9866,99.9483,12.9831,0.0,0.0001,0.0006,0.027
31827.0,99.8221,-14.14,99.822,-14.14,99.8196,-14.1458,0.0001,-0.0001,0.0025,-0.0412
31685.0,99.4386,-43.201,99.4385,-43.201,99.4404,-43.1961,0.0001,-0.0,0.0018,-0.0113
32040.0,100.4003,35.9329,100.4003,35.933,100.4071,35.9319,0.0,0.0,0.0068,0.0028
32019.0,100.3316,28.1974,100.3316,28.1974,100.3375,28.1964,0.0,0.0,0.0059,0.0037
31945.0,100.1338,6.3729,100.1337,6.373,100.1325,6.3717,0.0,0.0001,0.0013,0.0201
31859.0,99.901,-23.6925,99.9009,-23.6925,99.9012,-23.6956,0.0001,-0.0,0.0003,-0.0127
31978.0,100.2475,9.8932,100.2475,9.8932,100.2446,9.8956,0.0,0.0001,0.0029,0.0242
32020.0,100.3369,16.3984,100.3369,16.3984,100.3408,16.3975,0.0,0.0001,0.0039,0.0057
32173.0,100.7772,44.5278,100.7773,44.5278,100.7708,44.5244,0.0,0.0,0.0064,0.0075
31870.0,99.9292,-30.469,99.9291,-30.469,99.9279,-30.4703,0.0001,-0.0,0.0012,-0.0041
31765.0,99.6568,-48.2175,99.6566,-48.2175,99.6567,-48.2203,0.0001,-0.0,0.0001,-0.0057
32261.0,101.045,53.2959,101.0451,53.2959,101.0483,53.2964,0.0001,0.0,0.0033,0.0009
32190.0,100.8036,37.1425,100.8037,37.1425,100.8075,37.1469,0.0,0.0,0.0038,0.0119
31886.0,99.9852,-38.157,99.9851,-38.157,99.9871,-38.1589,0.0001,-0.0,0.0019,-0.005
32104.0,100.6032,17.6513,100.6032,17.6513,100.6013,17.6453,0.0,0.0001,0.0019,0.0339
32067.0,100.4986,6.3459,100.4986,6.3459,100.4971,6.345,0.0,0.0001,0.0015,0.0137
31711.0,99.5135,-61.536,99.5133,-61.536,99.5025,-61.5331,0.0002,-0.0,0.011,-0.0047
32064.0,100.4864,-9.1689,100.4863,-9.1689,100.485,-9.1672,0.0,-0.0001,0.0014,-0.0185
32438.0,101.5586,59.4369,101.5587,59.4369,101.5588,59.4417,0.0001,0.0,0.0001,0.0081
32268.0,101.0475,36.1085,101.0475,36.1086,101.0525,36.1097,0.0,0.0,0.0049,0.0033
32246.0,100.9858,25.128,100.9858,25.128,100.9829,25.1311,0.0,0.0,0.0029,0.0124
32007.0,100.3076,-40.3454,100.3075,-40.3453,100.3088,-40.3497,0.0001,-0.0,0.0012,-0.0108
31966.0,100.2065,-47.6774,100.2063,-47.6774,100.2054,-47.6747,0.0001,-0.0,0.001,-0.0056
32489.0,101.7111,57.1672,101.7112,57.1672,101.7062,57.1692,0.0001,0.0,0.0048,0.0034
32249.0,100.9985,13.2269,100.9985,13.2269,100.9971,13.2278,0.0,0.0001,0.0014,0.0069
32226.0,100.9072,3.9354,100.9072,3.9354,100.9112,3.9322,0.0,0.0002,0.004,0.0802
32311.0,101.1887,28.9722,101.1887,28.9722,101.1896,28.9708,0.0,0.0,0.0009,0.0047
32144.0,100.6956,-22.4488,100.6955,-22.4487,100.6908,-22.4492,0.0001,-0.0,0.0047,-0.0018
32091.0,100.5648,-38.4022,100.5647,-38.4022,100.5683,-38.3986,0.0001,-0.0,0.0035,-0.0094
32480.0,101.6815,43.5721,101.6815,43.5721,101.6846,43.5775,0.0,0.0,0.0031,0.0124
32362.0,101.3209,12.8941,101.3209,12.8942,101.3225,12.8956,0.0,0.0001,0.0016,0.0109
,102.047,55.7017,102.0471,55.7017,102.0537,55.7044,0.0001,0.0,0.0066,0.0049
32609.0,102.047,55.7017,102.0471,55.7017,102.0512,55.7044,0.0001,0.0,0.0042,0.0049
32562.0,101.9123,48.7841,101.9124,48.7841,101.915,48.7894,0.0001,0.0,0.0026,0.0109
32208.0,100.8498,-39.1917,100.8497,-39.1917,100.8471,-39.1933,0.0001,-0.0,0.0026,-0.0041
32404.0,101.4728,12.6898,101.4728,12.6898,101.4758,12.6936,0.0,0.0001,0.003,0.0303
32864.0,102.7281,67.5732,102.7283,67.5732,102.7379,67.5719,0.0002,0.0,0.0096,0.0019
32349.0,101.2923,-16.7025,101.2922,-16.7025,101.2871,-16.7161,0.0001,-0.0,0.0051,-0.0815
32292.0,101.1212,-31.0746,101.1211,-31.0746,101.1183,-31.0706,0.0001,-0.0,0.0028,-0.013
32322.0,101.2171,-27.3412,101.217,-27.3412,101.2162,-27.3414,0.0001,-0.0,0.0008,-0.0008
32463.0,101.6317,8.5833,101.6317,8.5833,101.635,8.5872,0.0,0.0001,0.0032,0.0455
32368.0,101.3467,-23.4661,101.3466,-23.4661,101.3471,-23.4619,0.0001,-0.0,0.0004,-0.0176
32339.0,101.2577,-30.5836,101.2576,-30.5836,101.26,-30.5861,0.0001,-0.0,0.0023,-0.0083
32411.0,101.4943,-14.7928,101.4942,-14.7928,101.4971,-14.7961,0.0001,-0.0001,0.0028,-0.0224
32539.0,101.8455,18.1938,101.8455,18.1938,101.8479,18.1933,0.0,0.0,0.0023,0.0023
32366.0,101.348,-31.7896,101.348,-31.7896,101.345,-31.7936,0.0001,-0.0,0.003,-0.0125
32385.0,101.3764,-30.9502,101.3763,-30.9501,101.3804,-30.9489,0.0001,-0.0,0.0039,-0.0041
32474.0,101.6671,-10.1102,101.6671,-10.1102,101.6625,-10.1072,0.0,-0.0001,0.0045,-0.0298
32533.0,101.8347,8.0354,101.8346,8.0354,101.8325,8.0372,0.0,0.0001,0.0021,0.0223
32492.0,101.7108,-14.4251,101.7107,-14.4251,101.7129,-14.4258,0.0001,-0.0001,0.0021,-0.0048
31977.0,100.2279,-71.7719,100.2276,-71.7719,100.2408,-71.7756,0.0003,-0.0,0.0129,-0.0051
32578.0,101.9624,2.4079,101.9624,2.4079,101.965,2.4122,0.0,0.0003,0.0025,0.1794
32418.0,101.5157,-39.536,101.5156,-39.536,101.5138,-39.54,0.0001,-0.0,0.0019,-0.0101
32558.0,101.9072,-8.9996,101.9072,-8.9996,101.9046,-8.9983,0.0,-0.0001,0.0026,-0.0146
32434.0,101.5527,-37.777,101.5526,-37.777,101.5504,-37.7756,0.0001,-0.0,0.0023,-0.0038
33104.0,103.4364,68.8931,103.4366,68.8931,103.4258,68.8883,0.0002,0.0,0.0102,0.0069
32740.0,102.4276,32.6057,102.4276,32.6058,102.4221,32.6067,0.0,0.0,0.0054,0.0028
32375.0,101.3565,-52.2001,101.3564,-52.2001,101.3588,-52.2011,0.0001,-0.0,0.0022,-0.002
32617.0,102.0842,-1.3162,102.0842,-1.3162,102.0792,-1.3192,0.0,-0.0005,0.0049,-0.2282
32402.0,101.4747,-52.4108,101.4745,-52.4108,101.4738,-52.41,0.0001,-0.0,0.0009,-0.0015
32844.0,102.6902,41.7835,102.6903,41.7835,102.6912,41.7814,0.0,0.0,0.001,0.0051
32537.0,101.8474,-37.9321,101.8473,-37.9321,101.8392,-37.9297,0.0001,-0.0,0.0081,-0.0063
32753.0,102.454,16.2013,102.4539,16.2013,102.4575,16.2028,0.0,0.0,0.0035,0.0091
33048.0,103.2625,59.449,103.2626,59.449,103.2712,59.4486,0.0001,0.0,0.0085,0.0007
32698.0,102.3168,-2.2753,102.3168,-2.2753,102.3183,-2.2719,0.0,-0.0003,0.0015,-0.1464
32677.0,102.2388,-15.1465,102.2388,-15.1465,102.2408,-15.1447,0.0001,-0.0,0.002,-0.0116
32494.0,101.7121,-51.2617,101.712,-51.2617,101.72,-51.2658,0.0001,-0.0,0.0078,-0.0081
32477.0,101.6834,-54.6956,101.6832,-54.6956,101.6729,-54.6947,0.0001,-0.0,0.0103,-0.0016
32814.0,102.6056,13.4113,102.6056,13.4113,102.6062,13.4133,0.0,0.0,0.0007,0.0149
32531.0,101.8231,-55.5454,101.823,-55.5454,101.8279,-55.54,0.0002,-0.0,0.0047,-0.0097
32744.0,102.4363,-24.0743,102.4362,-24.0743,102.4333,-24.0758,0.0001,-0.0,0.0029,-0.0062
32921.0,102.8891,21.767,102.8891,21.767,102.8875,21.7611,0.0,0.0,0.0016,0.0269
32222.0,100.9149,-73.1178,100.9146,-73.1178,100.9033,-73.1181,0.0003,-0.0,0.0115,-0.0003
33056.0,103.2859,44.8405,103.286,44.8405,103.2817,44.8394,0.0,0.0,0.0041,0.0024
32838.0,102.6771,-8.0452,102.6771,-8.0452,102.6762,-8.0411,0.0,-0.0001,0.0009,-0.0512
32809.0,102.5919,-17.0883,102.5918,-17.0883,102.5912,-17.0839,0.0001,-0.0,0.0006,-0.0261
32332.0,101.2445,-70.4351,101.2442,-70.4351,101.2338,-70.4339,0.0003,-0.0,0.0106,-0.0017
32782.0,102.5214,-27.3355,102.5214,-27.3355,102.525,-27.3339,0.0001,-0.0,0.0035,-0.006
32759.0,102.4674,-32.511,102.4673,-32.511,102.4604,-32.5086,0.0001,-0.0,0.0068,-0.0073
33041.0,103.2517,38.8652,103.2517,38.8652,103.2562,38.8692,0.0,0.0,0.0045,0.0101
33018.0,103.2,33.9677,103.2,33.9677,103.1971,33.9611,0.0,0.0,0.0028,0.0193
33064.0,103.3026,38.4384,103.3026,38.4384,103.3058,38.4381,0.0,0.0,0.0031,0.0009
33044.0,103.2666,35.7868,103.2666,35.7868,103.2642,35.7886,0.0,0.0,0.0023,0.0049
32931.0,102.919,3.0432,102.9189,3.0432,102.9137,3.0417,0.0,0.0002,0.0051,0.0514
32827.0,102.6489,-25.7783,102.6488,-25.7783,102.6538,-25.7781,0.0001,-0.0,0.0047,-0.0009
32810.0,102.5967,-31.704,102.5966,-31.704,102.5971,-31.7061,0.0001,-0.0,0.0004,-0.0067
33133.0,103.4882,38.5061,103.4882,38.5061,103.4875,38.505,0.0,0.0,0.0006,0.0029
32765.0,102.4795,-46.6164,102.4794,-46.6164,102.4775,-46.6147,0.0001,-0.0,0.0019,-0.0036
32855.0,102.7214,-34.3648,102.7213,-34.3647,102.7183,-34.3672,0.0001,-0.0,0.003,-0.0072
32607.0,102.0473,-61.9427,102.0471,-61.9427,102.0475,-61.9414,0.0002,-0.0,0.0002,-0.0021
33024.0,103.2104,8.38,103.2103,8.38,103.2058,8.3803,0.0,0.0001,0.0044,0.0036
32990.0,103.096,-5.3126,103.0959,-5.3126,103.0954,-5.3161,0.0,-0.0001,0.0005,-0.066
32768.0,102.4866,-50.6109,102.4865,-50.6109,102.4842,-50.6147,0.0001,-0.0,0.0024,-0.0076
32761.0,102.4672,-53.618,102.467,-53.618,102.4637,-53.6222,0.0001,-0.0,0.0033,-0.0078
33082.0,103.3466,11.0029,103.3466,11.0029,103.3437,10.9964,0.0,0.0,0.0028,0.0589
33271.0,103.8157,45.8314,103.8158,45.8314,103.8133,45.8264,0.0001,0.0,0.0023,0.011
33269.0,103.8109,43.9107,103.8109,43.9107,103.8112,43.91,0.0,0.0,0.0004,0.0016
32938.0,102.9312,-36.2271,102.9311,-36.2271,102.9262,-36.2303,0.0001,-0.0,0.0048,-0.0087
31897.0,99.9879,-80.8103,99.9874,-80.8103,100.0112,-80.8136,0.0005,-0.0,0.0233,-0.0041
33449.0,104.3202,58.4225,104.3203,58.4225,104.3188,58.4225,0.0001,0.0,0.0014,0.0001
33444.0,104.2997,57.5595,104.2998,57.5595,104.305,57.5633,0.0001,0.0,0.005,0.0066
32775.0,102.51,-60.2525,102.5099,-60.2525,102.5046,-60.2492,0.0002,-0.0,0.0053,-0.0055
32918.0,102.8802,-48.2949,102.8801,-48.2949,102.8867,-48.2925,0.0001,-0.0,0.0063,-0.005
33202.0,103.6648,13.1803,103.6648,13.1803,103.6612,13.1778,0.0,0.0,0.0034,0.0193
33077.0,103.3335,-19.0359,103.3334,-19.0359,103.3283,-19.0328,0.0001,-0.0,0.005,-0.0166
33040.0,103.2518,-26.9531,103.2517,-26.9531,103.2504,-26.9575,0.0001,-0.0,0.0013,-0.0164
33377.0,104.1309,46.2738,104.131,46.2738,104.1346,46.2742,0.0001,0.0,0.0035,0.0008
33277.0,103.8246,25.3727,103.8246,25.3728,103.8275,25.3756,0.0,0.0,0.0028,0.0111
33154.0,103.5318,-5.8541,103.5318,-5.8541,103.5354,-5.8525,0.0,-0.0001,0.0035,-0.0273
33092.0,103.3892,-20.2202,103.3892,-20.2202,103.3871,-20.2242,0.0001,-0.0,0.0021,-0.0198
33184.0,103.6033,-1.1224,103.6032,-1.1224,103.6025,-1.1269,0.0,-0.0004,0.0007,-0.4008
33415.0,104.242,46.7055,104.2421,46.7055,104.2333,46.705,0.0001,0.0,0.0083,0.0011
33160.0,103.5521,-12.034,103.5521,-12.034,103.5475,-12.0386,0.0,-0.0,0.0045,-0.0382
33006.0,103.17,-42.5048,103.1699,-42.5048,103.1654,-42.5044,0.0001,-0.0,0.0044,-0.0008
33094.0,103.3854,-28.5345,103.3853,-28.5345,103.3912,-28.5397,0.0001,-0.0,0.0057,-0.0183
33210.0,103.6723,-1.7613,103.6723,-1.7613,103.6754,-1.7564,0.0,-0.0002,0.003,-0.2788
33126.0,103.4859,-24.5381,103.4858,-24.5381,103.4804,-24.5392,0.0001,-0.0,0.0053,-0.0044
33015.0,103.1958,-43.9717,103.1957,-43.9717,103.1963,-43.9758,0.0001,-0.0,0.0004,-0.0094
33152.0,103.5318,-24.1812,103.5317,-24.1812,103.5329,-24.1839,0.0001,-0.0,0.0011,-0.0112
33827.0,105.3233,70.8122,105.3235,70.8122,105.3396,70.8081,0.0002,0.0,0.0155,0.0059
33243.0,103.7454,-2.8026,103.7453,-2.8026,103.745,-2.8036,0.0,-0.0002,0.0004,-0.0357
33165.0,103.5591,-23.9298,103.559,-23.9298,103.5542,-23.9283,0.0001,-0.0,0.0048,-0.0063
33297.0,103.8972,8.3211,103.8972,8.3211,103.8942,8.3247,0.0,0.0,0.0029,0.043
33485.0,104.4019,45.0972,104.402,45.0972,104.4046,45.0942,0.0,0.0,0.0026,0.0067
33421.0,104.2547,33.6855,104.2548,33.6855,104.2521,33.6811,0.0,0.0,0.0025,0.013
33016.0,103.204,-54.0889,103.2039,-54.0889,103.1954,-54.09,0.0001,-0.0,0.0083,-0.002
33248.0,103.7571,-20.4046,103.7571,-20.4046,103.7612,-20.4047,0.0001,-0.0,0.004,-0.0006
33372.0,104.109,9.9534,104.1089,9.9534,104.1075,9.9564,0.0,0.0,0.0014,0.0297
33302.0,103.9041,-20.1394,103.904,-20.1394,103.9058,-20.1364,0.0001,-0.0,0.0017,-0.015
33189.0,103.608,-42.3703,103.6079,-42.3703,103.6113,-42.3656,0.0001,-0.0,0.0031,-0.0113
33012.0,103.1915,-59.3385,103.1913,-59.3385,103.1892,-59.3411,0.0002,-0.0,0.0023,-0.0044
33345.0,104.0261,-14.0428,104.026,-14.0428,104.0275,-14.0436,0.0001,-0.0,0.0014,-0.0059
33139.0,103.5162,-50.614,103.516,-50.614,103.5096,-50.6117,0.0001,-0.0,0.0064,-0.0046
33316.0,103.9506,-22.9399,103.9505,-22.9399,103.945,-22.9414,0.0001,-0.0,0.0054,-0.0065
33347.0,104.0308,-17.0526,104.0308,-17.0526,104.0342,-17.0542,0.0001,-0.0,0.0032,-0.0093
33465.0,104.3569,11.9079,104.3569,11.9079,104.3571,11.9075,0.0,0.0,0.0001,0.0031
33330.0,103.9786,-31.7927,103.9785,-31.7927,103.9783,-31.79,0.0001,-0.0,0.0002,-0.0085
33420.0,104.2541,-8.1808,104.2541,-8.1808,104.2504,-8.1789,0.0,-0.0,0.0035,-0.0229
33614.0,104.7637,38.0554,104.7637,38.0554,104.7617,38.0522,0.0,0.0,0.0019,0.0084
33595.0,104.6996,26.0816,104.6996,26.0816,104.6975,26.0811,0.0,0.0,0.002,0.002
32912.0,102.8713,-70.9619,102.8711,-70.9619,102.8625,-70.9633,0.0003,-0.0,0.0086,-0.002
33447.0,104.3095,-22.1992,104.3094,-22.1992,104.3117,-22.2033,0.0001,-0.0,0.0021,-0.0185
33394.0,104.1964,-35.3421,104.1963,-35.3421,104.1904,-35.3417,0.0001,-0.0,0.0057,-0.0012
33650.0,104.8678,25.9145,104.8678,25.9145,104.8662,25.9142,0.0,0.0,0.0015,0.0011
33584.0,104.6611,7.6202,104.6611,7.6202,104.6625,7.6219,0.0,0.0,0.0013,0.0231
33478.0,104.3855,-24.6299,104.3854,-24.6299,104.3912,-24.6306,0.0001,-0.0,0.0055,-0.0027
33357.0,104.0624,-48.721,104.0622,-48.7209,104.0667,-48.7211,0.0001,-0.0,0.0041,-0.0003
37391.0,115.0737,87.0222,115.0753,87.0222,115.1271,87.02,0.0014,0.0,0.0464,0.0025
33603.0,104.7374,3.5999,104.7374,3.5999,104.7375,3.6022,0.0,0.0001,0.0001,0.0634
33492.0,104.4253,-27.5397,104.4253,-27.5397,104.4267,-27.5375,0.0001,-0.0,0.0013,-0.008
33451.0,104.3245,-35.5081,104.3244,-35.5081,104.3233,-35.5075,0.0001,-0.0,0.0011,-0.0018
33644.0,104.8374,7.3179,104.8373,7.3179,104.8338,7.3169,0.0,0.0,0.0034,0.0125
33532.0,104.5294,-27.171,104.5293,-27.171,104.5317,-27.1647,0.0001,-0.0,0.0022,-0.0232
33575.0,104.6497,-25.411,104.6497,-25.411,104.6496,-25.4139,0.0001,-0.0,0.0002,-0.0114
34238.0,106.4537,70.7303,106.4539,70.7303,106.4658,70.7319,0.0002,0.0,0.0114,0.0023
33579.0,104.6558,-28.9712,104.6557,-28.9712,104.6562,-28.9722,0.0001,-0.0,0.0005,-0.0034
33558.0,104.6065,-34.1145,104.6064,-34.1145,104.6046,-34.1117,0.0001,-0.0,0.0018,-0.0084
33823.0,105.3196,32.4095,105.3196,32.4095,105.3217,32.4144,0.0,0.0,0.002,0.0153
33591.0,104.6775,-30.9992,104.6774,-30.9992,104.6825,-30.9978,0.0001,-0.0,0.0048,-0.0046
33666.0,104.9202,-21.6041,104.9201,-21.6041,104.9138,-21.6033,0.0001,-0.0,0.0061,-0.0036
33590.0,104.6791,-45.7704,104.679,-45.7704,104.6742,-45.7681,0.0001,-0.0,0.0047,-0.0051
33854.0,105.4206,4.8194,105.4205,4.8194,105.4225,4.8181,0.0,0.0,0.0018,0.0274
33927.0,105.6076,24.219,105.6076,24.219,105.6033,24.2153,0.0,0.0,0.004,0.0153
33929.0,105.604,17.7584,105.604,17.7584,105.6062,17.7556,0.0,0.0,0.0022,0.0161
33914.0,105.5723,15.3412,105.5723,15.3412,105.5725,15.3361,0.0,0.0,0.0002,0.0329
33875.0,105.4849,5.5558,105.4849,5.5558,105.4792,5.5575,0.0,0.0,0.0055,0.0313
33588.0,104.6715,-55.7293,104.6713,-55.7293,104.665,-55.7294,0.0001,-0.0,0.0062,-0.0002
33937.0,105.6351,16.6716,105.6351,16.6716,105.6396,16.6742,0.0,0.0,0.0042,0.0156
33873.0,105.4709,-1.3443,105.4709,-1.3443,105.4704,-1.3456,0.0,-0.0001,0.0005,-0.093
33577.0,104.6508,-56.3968,104.6506,-56.3968,104.6508,-56.3947,0.0002,-0.0,0.0001,-0.0037
33878.0,105.4858,-5.7222,105.4858,-5.7222,105.485,-5.7222,0.0,-0.0,0.0008,-0.0004
33804.0,105.2713,-25.2183,105.2713,-25.2183,105.2746,-25.2153,0.0001,-0.0,0.0031,-0.012
34250.0,106.51,59.8057,106.5101,59.8057,106.5054,59.8019,0.0001,0.0,0.0043,0.0063
34017.0,105.8712,29.3429,105.8712,29.3429,105.8767,29.3372,0.0,0.0,0.0052,0.0195
34217.0,106.4239,52.7624,106.424,52.7624,106.4158,52.7581,0.0001,0.0,0.0076,0.0083
34168.0,106.2927,47.7736,106.2928,47.7736,106.2875,47.775,0.0001,0.0,0.0049,0.003
33856.0,105.4343,-27.9342,105.4342,-27.9342,105.4296,-27.9347,0.0001,-0.0,0.0045,-0.0018
34002.0,105.8235,9.1422,105.8234,9.1422,105.8246,9.1383,0.0,0.0,0.0011,0.0424
33971.0,105.7238,-4.239,105.7237,-4.239,105.7283,-4.2392,0.0,-0.0,0.0043,-0.0044
34033.0,105.9078,10.9553,105.9078,10.9553,105.9083,10.9517,0.0,0.0,0.0005,0.0328
34088.0,106.0257,20.5659,106.0257,20.5659,106.0271,20.5703,0.0,0.0,0.0013,0.0214
34055.0,105.9626,12.5923,105.9625,12.5923,105.965,12.5944,0.0,0.0,0.0023,0.017
34107.0,106.0871,1.4863,106.0871,1.4863,106.0842,1.4883,0.0,0.0001,0.0028,0.1339
34086.0,106.0245,-5.322,106.0245,-5.322,106.0217,-5.3236,0.0,-0.0,0.0027,-0.0299
34066.0,105.9899,-10.1209,105.9899,-10.1209,105.9888,-10.1242,0.0,-0.0,0.0011,-0.0325
33909.0,105.5638,-43.4082,105.5637,-43.4082,105.565,-43.4042,0.0001,-0.0,0.0011,-0.0093
34182.0,106.3237,22.6344,106.3237,22.6344,106.3267,22.6372,0.0,0.0,0.0028,0.0123
34267.0,106.5514,34.477,106.5514,34.477,106.5483,34.4739,0.0,0.0,0.0029,0.009
33800.0,105.2806,-58.9385,105.2804,-58.9385,105.2712,-58.94,0.0002,-0.0,0.0088,-0.0025
33682.0,104.9682,-67.9223,104.968,-67.9223,104.9604,-67.9161,0.0002,-0.0,0.0074,-0.0091
34215.0,106.4117,9.1873,106.4117,9.1873,106.4129,9.1858,0.0,0.0,0.0011,0.0158
34142.0,106.1954,-22.0368,106.1954,-22.0368,106.1962,-22.0322,0.0001,-0.0,0.0008,-0.021
34081.0,106.0116,-42.3385,106.0115,-42.3385,106.0117,-42.3372,0.0001,-0.0,0.0,-0.003
34065.0,105.9917,-43.6134,105.9916,-43.6134,105.9888,-43.6081,0.0001,-0.0,0.0028,-0.0123
34069.0,105.9917,-43.6134,105.9916,-43.6134,105.995,-43.6117,0.0001,-0.0,0.0031,-0.0041
34367.0,106.8509,28.1778,106.851,28.1778,106.8542,28.1772,0.0,0.0,0.003,0.0021
34234.0,106.4558,-10.6606,106.4557,-10.6606,106.4571,-10.6611,0.0,-0.0,0.0012,-0.0048
34356.0,106.839,22.6984,106.839,22.6984,106.8392,22.7036,0.0,0.0,0.0002,0.0229
34059.0,105.975,-49.5851,105.9748,-49.5851,105.9738,-49.5839,0.0001,-0.0,0.0011,-0.0024
34428.0,107.0591,33.8332,107.0592,33.8332,107.0554,33.8322,0.0,0.0,0.0035,0.0029
34000.0,105.8075,-59.1767,105.8074,-59.1767,105.815,-59.1781,0.0002,-0.0,0.0071,-0.0024
34462.0,107.1569,37.4448,107.1569,37.4448,107.1512,37.445,0.0,0.0,0.0053,0.0005
34338.0,106.7791,4.9133,106.7791,4.9133,106.7767,4.9103,0.0,0.0,0.0023,0.0611
34200.0,106.3905,-34.7786,106.3904,-34.7786,106.3833,-34.7778,0.0001,-0.0,0.0067,-0.0024
34301.0,106.6736,-11.2926,106.6735,-11.2926,106.6696,-11.2942,0.0,-0.0,0.0037,-0.0135
34297.0,106.6467,-12.3971,106.6466,-12.3971,106.6496,-12.3939,0.0,-0.0,0.0027,-0.0262
34248.0,106.5087,-30.6573,106.5086,-30.6573,106.5025,-30.6556,0.0001,-0.0,0.0058,-0.0058
34387.0,106.9591,7.4729,106.9591,7.4729,106.9562,7.4711,0.0,0.0,0.0027,0.0235
34105.0,106.0769,-56.7536,106.0768,-56.7536,106.0762,-56.7497,0.0002,-0.0,0.0006,-0.0068
34440.0,107.0967,15.9336,107.0967,15.9336,107.0917,15.9308,0.0,0.0,0.0047,0.0175
34253.0,106.5124,-38.3864,106.5123,-38.3864,106.5096,-38.3828,0.0001,-0.0,0.0027,-0.0093
34318.0,106.7191,-24.9637,106.719,-24.9637,106.7179,-24.9606,0.0001,-0.0,0.0011,-0.0124
34177.0,106.3269,-50.3614,106.3268,-50.3614,106.3188,-50.3603,0.0001,-0.0,0.0077,-0.0022
34331.0,106.7532,-26.6577,106.7532,-26.6577,106.7504,-26.6578,0.0001,-0.0,0.0026,-0.0002
33384.0,104.1233,-79.4234,104.1228,-79.4234,104.1433,-79.4203,0.0005,-0.0,0.0192,-0.004
34360.0,106.8451,-23.8447,106.845,-23.8447,106.8442,-23.8403,0.0001,-0.0,0.0009,-0.0184
34339.0,106.7732,-40.8908,106.7731,-40.8908,106.7796,-40.8933,0.0001,-0.0,0.006,-0.0062
34608.0,107.5283,21.2478,107.5283,21.2478,107.5279,21.2469,0.0,0.0,0.0003,0.004
34444.0,107.0957,-26.397,107.0956,-26.397,107.0979,-26.3933,0.0001,-0.0,0.0021,-0.0138
34536.0,107.3337,-10.3487,107.3337,-10.3487,107.3346,-10.3472,0.0,-0.0,0.0008,-0.0139
34489.0,107.2106,-24.0438,107.2106,-24.0438,107.2054,-24.0442,0.0001,-0.0,0.0049,-0.0015
34752.0,107.9113,39.3181,107.9114,39.3181,107.9138,39.3206,0.0,0.0,0.0023,0.0062
34693.0,107.7865,30.2443,107.7865,30.2443,107.785,30.2453,0.0,0.0,0.0014,0.0031
34349.0,106.8051,-51.9689,106.805,-51.9689,106.8054,-51.9678,0.0001,-0.0,0.0003,-0.0021
34561.0,107.3863,-16.2302,107.3863,-16.2302,107.3883,-16.2347,0.0001,-0.0,0.0019,-0.0276
34722.0,107.8429,26.8565,107.8429,26.8565,107.8462,26.8567,0.0,0.0,0.0031,0.0005
34622.0,107.5535,-4.241,107.5534,-4.241,107.5571,-4.2372,0.0,-0.0,0.0033,-0.0881
34495.0,107.2079,-39.6552,107.2078,-39.6552,107.2129,-39.6558,0.0001,-0.0,0.0047,-0.0017
34912.0,108.3507,51.4289,108.3508,51.4289,108.3475,51.4289,0.0001,0.0,0.003,0.0
34579.0,107.432,-25.2295,107.4319,-25.2295,107.4288,-25.2311,0.0001,-0.0,0.003,-0.0064
34617.0,107.5448,-18.688,107.5447,-18.688,107.5388,-18.6853,0.0001,-0.0,0.0056,-0.0147
34819.0,108.1054,24.1302,108.1054,24.1301,108.11,24.1283,0.0,0.0,0.0043,0.0075
34624.0,107.5798,-27.4971,107.5797,-27.4971,107.5808,-27.4914,0.0001,-0.0,0.001,-0.0207
36019.0,111.3696,81.2589,111.3701,81.2589,111.3412,81.2575,0.0005,0.0,0.0255,0.0017
34768.0,107.967,5.6547,107.967,5.6547,107.9638,5.6547,0.0,0.0,0.003,0.0008
34860.0,108.2033,27.2298,108.2033,27.2298,108.2042,27.2247,0.0,0.0,0.0008,0.0186
34270.0,106.5572,-68.8351,106.5569,-68.8351,106.5588,-68.8372,0.0002,-0.0,0.0015,-0.0031
34789.0,108.0342,5.4773,108.0342,5.4773,108.0308,5.4747,0.0,0.0,0.0031,0.0465
35146.0,108.9906,59.6431,108.9907,59.6431,108.9788,59.6375,0.0001,0.0,0.0109,0.0094
34758.0,107.9261,-20.8782,107.926,-20.8782,107.9233,-20.8831,0.0001,-0.0,0.0026,-0.0232
34909.0,108.3423,16.1612,108.3423,16.1612,108.3429,16.1589,0.0,0.0,0.0006,0.0144
34798.0,108.0535,-25.947,108.0534,-25.947,108.0508,-25.9425,0.0001,-0.0,0.0024,-0.0173
34670.0,107.6929,-48.9358,107.6927,-48.9358,107.6979,-48.9322,0.0001,-0.0,0.0047,-0.0074
34782.0,108.0196,-30.8194,108.0195,-30.8194,108.0171,-30.8217,0.0001,-0.0,0.0023,-0.0075
35136.0,108.9651,47.2437,108.9652,47.2437,108.9588,47.24,0.0001,0.0,0.0058,0.0079
34995.0,108.6071,24.7141,108.6071,24.7141,108.6108,24.7108,0.0,0.0,0.0034,0.0133
34888.0,108.2827,-11.2497,108.2827,-11.2497,108.28,-11.2514,0.0,-0.0,0.0025,-0.0151
34814.0,108.0981,-27.4788,108.0981,-27.4788,108.1004,-27.4742,0.0001,-0.0,0.0021,-0.0168
35025.0,108.6707,24.885,108.6707,24.885,108.6746,24.885,0.0,0.0,0.0036,0.0001
34817.0,108.1137,-36.5439,108.1136,-36.5439,108.1071,-36.5444,0.0001,-0.0,0.0061,-0.0016
34802.0,108.0727,-40.498,108.0726,-40.498,108.0658,-40.4989,0.0001,-0.0,0.0064,-0.0023
35005.0,108.6344,12.1162,108.6344,12.1162,108.6358,12.1158,0.0,0.0,0.0013,0.0027
34987.0,108.5809,3.1156,108.5809,3.1156,108.5833,3.1114,0.0,0.0001,0.0022,0.1364
34914.0,108.3455,-22.6699,108.3454,-22.6699,108.3496,-22.6733,0.0001,-0.0,0.0038,-0.0151
34975.0,108.5525,-3.9032,108.5525,-3.9032,108.5458,-3.9014,0.0,-0.0001,0.0062,-0.0475
34982.0,108.5672,-9.9517,108.5671,-9.9517,108.5646,-9.9475,0.0,-0.0,0.0024,-0.0425
34940.0,108.4541,-22.9093,108.454,-22.9093,108.4512,-22.9064,0.0001,-0.0,0.0026,-0.0129
34924.0,108.4054,-27.3534,108.4053,-27.3534,108.4012,-27.3564,0.0001,-0.0,0.0038,-0.0109
34473.0,107.1608,-70.4959,107.1605,-70.4959,107.1758,-70.4972,0.0003,-0.0,0.0141,-0.0018
34481.0,107.1963,-70.5024,107.1961,-70.5024,107.1871,-70.4989,0.0003,-0.0,0.0086,-0.005
35304.0,109.3944,52.1325,109.3945,52.1325,109.3904,52.1308,0.0001,0.0,0.0036,0.0033
35152.0,108.9912,27.8988,108.9912,27.8988,108.9879,27.8975,0.0,0.0,0.003,0.0048
34834.0,108.1484,-46.7587,108.1483,-46.7587,108.14,-46.7594,0.0001,-0.0,0.0077,-0.0016
34937.0,108.4419,-31.0814,108.4418,-31.0814,108.4462,-31.0839,0.0001,-0.0,0.004,-0.0079
36547.0,112.7805,82.41,112.7811,82.41,112.7683,82.4114,0.0005,0.0,0.0108,0.0017
34954.0,108.4825,-30.3377,108.4824,-30.3377,108.4883,-30.34,0.0001,-0.0,0.0054,-0.0075
34981.0,108.5658,-26.3485,108.5657,-26.3485,108.5633,-26.3525,0.0001,-0.0,0.0023,-0.0153
34899.0,108.3102,-45.1833,108.3101,-45.1833,108.3058,-45.1831,0.0001,-0.0,0.004,-0.0005
35120.0,108.9168,7.9739,108.9168,7.9739,108.9142,7.9778,0.0,0.0,0.0025,0.0481
34922.0,108.3822,-44.646,108.3821,-44.646,108.385,-44.6397,0.0001,-0.0,0.0026,-0.0141
35037.0,108.7063,-26.7742,108.7063,-26.7742,108.7029,-26.7728,0.0001,-0.0,0.0032,-0.0052
35044.0,108.7168,-27.0363,108.7167,-27.0363,108.7129,-27.0381,0.0001,-0.0,0.0035,-0.0065
35384.0,109.6414,49.4635,109.6415,49.4635,109.6329,49.465,0.0001,0.0,0.0077,0.0031
35127.0,108.9301,-10.5887,108.9301,-10.5887,108.9296,-10.5839,0.0,-0.0,0.0005,-0.0453
34780.0,108.0149,-63.1862,108.0147,-63.1862,108.0083,-63.19,0.0002,-0.0,0.0061,-0.006
35132.0,108.9438,-23.7413,108.9437,-23.7413,108.9479,-23.7406,0.0001,-0.0,0.0038,-0.0031
35083.0,108.8363,-30.6829,108.8362,-30.6829,108.8375,-30.6864,0.0001,-0.0,0.0011,-0.0113
35345.0,109.5192,30.9611,109.5192,30.9611,109.5171,30.9558,0.0,0.0,0.0019,0.0169
35180.0,109.0635,-15.582,109.0634,-15.582,109.0604,-15.5858,0.0001,-0.0,0.0028,-0.0248
35054.0,108.7424,-41.4217,108.7423,-41.4217,108.7379,-41.4258,0.0001,-0.0,0.0041,-0.01
35278.0,109.326,6.6861,109.326,6.6861,109.3242,6.6806,0.0,0.0001,0.0017,0.0835
35029.0,108.6969,-46.8504,108.6968,-46.8504,108.6912,-46.8497,0.0001,-0.0,0.0052,-0.0015
35020.0,108.6539,-48.2716,108.6538,-48.2716,108.6592,-48.2717,0.0001,-0.0,0.0048,-0.0002
35350.0,109.527,16.5386,109.527,16.5386,109.5233,16.5403,0.0,0.0,0.0034,0.0102
35210.0,109.1581,-23.3151,109.158,-23.3151,109.1533,-23.3156,0.0001,-0.0,0.0043,-0.002
35301.0,109.3878,-6.6802,109.3877,-6.6802,109.3821,-6.68,0.0,-0.0001,0.0052,-0.0024
35205.0,109.1461,-27.8774,109.146,-27.8774,109.1458,-27.8811,0.0001,-0.0,0.0002,-0.0133
35084.0,108.8337,-52.4993,108.8336,-52.4993,108.8375,-52.4997,0.0001,-0.0,0.0035,-0.0008
35241.0,109.2347,-30.899,109.2346,-30.899,109.2383,-30.8967,0.0001,-0.0,0.0033,-0.0075
35202.0,109.1346,-38.3145,109.1345,-38.3145,109.1325,-38.3189,0.0001,-0.0,0.0019,-0.0115
35226.0,109.2048,-36.5947,109.2047,-36.5947,109.2062,-36.5928,0.0001,-0.0,0.0013,-0.0053
35181.0,109.0627,-46.7744,109.0625,-46.7744,109.0646,-46.7744,0.0001,-0.0,0.0018,-0.0001
35735.0,110.5792,59.9026,110.5793,59.9026,110.5717,59.9019,0.0001,0.0,0.0068,0.0012
35264.0,109.2843,-37.0973,109.2842,-37.0973,109.2858,-37.0975,0.0001,-0.0,0.0014,-0.0005
35326.0,109.4468,-26.7941,109.4467,-26.7941,109.4496,-26.7975,0.0001,-0.0,0.0025,-0.0126
35623.0,110.2617,42.6565,110.2617,42.6565,110.2629,42.6556,0.0,0.0,0.0011,0.0022
35643.0,110.323,45.231,110.323,45.231,110.3229,45.2281,0.0,0.0,0.0001,0.0065
35550.0,110.0336,21.9886,110.0336,21.9886,110.0308,21.9822,0.0,0.0,0.0025,0.029
35476.0,109.839,2.7418,109.839,2.7418,109.8433,2.7406,0.0,0.0002,0.004,0.0449
35509.0,109.9493,7.1486,109.9492,7.1486,109.9483,7.1428,0.0,0.0001,0.0008,0.0813
35548.0,110.0282,15.1414,110.0282,15.1414,110.0287,15.1428,0.0,0.0,0.0005,0.0089
35412.0,109.664,-24.5558,109.664,-24.5558,109.6679,-24.5589,0.0001,-0.0,0.0035,-0.0126
35415.0,109.6795,-24.9522,109.6795,-24.9522,109.6767,-24.9542,0.0001,-0.0,0.0026,-0.0079
35783.0,110.7073,55.2804,110.7074,55.2804,110.7121,55.2844,0.0001,0.0,0.0044,0.0073
35785.0,110.7245,55.2822,110.7246,55.2822,110.7171,55.2814,0.0001,0.0,0.0067,0.0015
35442.0,109.7527,-19.2783,109.7526,-19.2783,109.7583,-19.2803,0.0001,-0.0,0.0051,-0.0101
35427.0,109.7147,-26.5817,109.7147,-26.5817,109.7133,-26.5858,0.0001,-0.0,0.0013,-0.0154
35363.0,109.5788,-36.7334,109.5787,-36.7334,109.5767,-36.7342,0.0001,-0.0,0.0019,-0.002
35487.0,109.8636,-16.3968,109.8636,-16.3968,109.8671,-16.395,0.0001,-0.0,0.0031,-0.0107
35347.0,109.5193,-43.989,109.5192,-43.989,109.5175,-43.9867,0.0001,-0.0,0.0017,-0.0052
35406.0,109.6563,-36.747,109.6562,-36.747,109.6592,-36.7428,0.0001,-0.0,0.0026,-0.0115
35393.0,109.637,-39.2115,109.6369,-39.2115,109.64,-39.2103,0.0001,-0.0,0.0027,-0.0032
35725.0,110.5605,38.9945,110.5606,38.9945,110.5558,38.9961,0.0,0.0,0.0043,0.0042
35710.0,110.5098,36.7576,110.5099,36.7576,110.5108,36.7606,0.0,0.0,0.0009,0.008
35463.0,109.8049,-33.7266,109.8048,-33.7266,109.8071,-33.7272,0.0001,-0.0,0.002,-0.0017
35699.0,110.4863,20.4407,110.4863,20.4407,110.4867,20.4436,0.0,0.0,0.0004,0.0144
35615.0,110.2428,-14.3569,110.2428,-14.3569,110.2425,-14.36,0.0,-0.0,0.0003,-0.0216
36858.0,113.6915,80.9001,113.692,80.9001,113.6654,80.8967,0.0004,0.0,0.0229,0.0042
35642.0,110.3209,-8.8806,110.3209,-8.8806,110.3204,-8.8783,0.0,-0.0001,0.0005,-0.0256
35609.0,110.219,-22.8509,110.2189,-22.8509,110.2217,-22.8517,0.0001,-0.0,0.0024,-0.0032
35611.0,110.2249,-26.9618,110.2249,-26.9618,110.2292,-26.9636,0.0001,-0.0,0.0038,-0.0067
35626.0,110.2679,-25.8875,110.2678,-25.8875,110.2679,-25.8914,0.0001,-0.0,0.0,-0.015
35228.0,109.2072,-67.9614,109.2069,-67.9614,109.2075,-67.9572,0.0002,-0.0,0.0003,-0.0062
35984.0,111.2414,51.8875,111.2414,51.8875,111.2383,51.8872,0.0001,0.0,0.0027,0.0006
35907.0,111.0334,40.6697,111.0335,40.6697,111.0354,40.6722,0.0,0.0,0.0018,0.0063
35707.0,110.5088,-8.9743,110.5088,-8.9743,110.5083,-8.9792,0.0,-0.0001,0.0005,-0.0542
35737.0,110.5796,-2.982,110.5796,-2.982,110.5771,-2.9789,0.0,-0.0002,0.0023,-0.1052
35846.0,110.8653,25.0505,110.8653,25.0504,110.8688,25.0506,0.0,0.0,0.0031,0.0004
36211.0,111.8524,66.3282,111.8526,66.3282,111.8575,66.3317,0.0001,0.0,0.0045,0.0052
35842.0,110.8641,22.9418,110.8641,22.9418,110.8675,22.9453,0.0,0.0,0.0031,0.0152
35749.0,110.6105,-5.9833,110.6104,-5.9833,110.6058,-5.9828,0.0,-0.0001,0.0042,-0.0086
35564.0,110.0889,-52.3118,110.0888,-52.3118,110.0892,-52.3117,0.0001,-0.0,0.0002,-0.0002
,110.0889,-52.3118,110.0888,-52.3118,110.0904,-52.3097,0.0001,-0.0,0.0014,-0.0039
35589.0,110.1644,-52.0851,110.1643,-52.0851,110.1612,-52.0861,0.0001,-0.0,0.0029,-0.0019
35941.0,111.1419,27.6336,111.1419,27.6336,111.1392,27.6381,0.0,0.0,0.0024,0.0163
35933.0,111.115,15.5195,111.115,15.5194,111.1154,15.5172,0.0,0.0,0.0003,0.0144
36145.0,111.6841,49.2158,111.6841,49.2158,111.6783,49.2114,0.0001,0.0,0.0051,0.0089
35795.0,110.7519,-31.9298,110.7518,-31.9298,110.7525,-31.9239,0.0001,-0.0,0.0005,-0.0184
35987.0,111.2453,11.6687,111.2453,11.6687,111.2425,11.6697,0.0,0.0001,0.0025,0.0086
36046.0,111.4344,27.7953,111.4344,27.7953,111.4317,27.7981,0.0,0.0,0.0024,0.0099
35848.0,110.8732,-27.8282,110.8731,-27.8282,110.8712,-27.8342,0.0001,-0.0,0.0018,-0.0213
35855.0,110.8803,-32.2079,110.8803,-32.2079,110.8829,-32.2022,0.0001,-0.0,0.0023,-0.0176
35887.0,110.9786,-30.2118,110.9785,-30.2119,110.9762,-30.2169,0.0001,-0.0,0.0021,-0.0169
35951.0,111.1726,-16.202,111.1726,-16.202,111.1671,-16.2011,0.0001,-0.0,0.005,-0.0056
35920.0,111.0745,-22.9077,111.0745,-22.9077,111.0717,-22.9128,0.0001,-0.0,0.0026,-0.0221
35904.0,111.0213,-29.3081,111.0212,-29.3081,111.0238,-29.3031,0.0001,-0.0,0.0022,-0.0173
36041.0,111.4144,9.2751,111.4144,9.2751,111.4121,9.2761,0.0,0.0001,0.0021,0.0114
35893.0,110.9963,-35.8401,110.9963,-35.8401,110.9929,-35.8378,0.0001,-0.0,0.0031,-0.0066
36528.0,112.7149,68.4643,112.715,68.4643,112.7196,68.4656,0.0002,0.0,0.0042,0.0018
35998.0,111.2908,-13.7558,111.2908,-13.7558,111.2846,-13.7519,0.0,-0.0,0.0056,-0.0278
36055.0,111.4641,-5.7705,111.4641,-5.7705,111.4625,-5.775,0.0,-0.0001,0.0014,-0.0785
35957.0,111.1818,-31.8087,111.1817,-31.8087,111.1825,-31.8089,0.0001,-0.0,0.0006,-0.0005
36152.0,111.7156,21.5418,111.7156,21.5418,111.7092,21.5358,0.0,0.0,0.0058,0.0275
36123.0,111.6159,10.6093,111.6159,10.6093,111.6162,10.6083,0.0,0.0001,0.0003,0.0089
36156.0,111.734,20.2583,111.734,20.2582,111.7346,20.2572,0.0,0.0,0.0005,0.0051
36080.0,111.5134,-4.5387,111.5134,-4.5387,111.5146,-4.5375,0.0,-0.0002,0.001,-0.0271
36017.0,111.3382,-21.9849,111.3381,-21.9849,111.3329,-21.9828,0.0001,-0.0,0.0048,-0.0095
36024.0,111.3529,-25.214,111.3528,-25.214,111.3554,-25.2178,0.0001,-0.0,0.0023,-0.0149
35960.0,111.1941,-37.2933,111.194,-37.2933,111.1967,-37.29,0.0001,-0.0,0.0023,-0.0088
,111.1941,-37.2933,111.194,-37.2933,111.1971,-37.2908,0.0001,-0.0,0.0027,-0.0065
36348.0,112.2167,48.1872,112.2167,48.1872,112.215,48.1839,0.0001,0.0,0.0015,0.007
36188.0,111.7891,8.2899,111.7891,8.2899,111.7875,8.2894,0.0,0.0001,0.0014,0.0057
36238.0,111.9362,21.4422,111.9362,21.4422,111.935,21.445,0.0,0.0,0.0011,0.0132
36045.0,111.433,-31.7427,111.4329,-31.7427,111.4292,-31.7386,0.0001,-0.0,0.0034,-0.0128
32500.0,101.6799,-87.026,101.6782,-87.026,101.7446,-87.025,0.0016,-0.0,0.0636,-0.0012
36439.0,112.4765,49.6752,112.4766,49.6752,112.4833,49.6725,0.0001,0.0,0.0061,0.0055
36140.0,111.6679,-23.7143,111.6678,-23.7143,111.6696,-23.7122,0.0001,-0.0,0.0015,-0.0088
36265.0,112.0087,6.944,112.0087,6.944,112.0088,6.9419,0.0,0.0001,0.0,0.03
36366.0,112.275,31.7774,112.275,31.7774,112.2779,31.7844,0.0,0.0,0.0026,0.0221
36186.0,111.7794,-17.8661,111.7794,-17.8661,111.7833,-17.8644,0.0001,-0.0,0.0035,-0.0094
36284.0,112.039,8.9227,112.039,8.9227,112.0408,8.9256,0.0,0.0001,0.0016,0.0321
36168.0,111.7455,-23.0865,111.7454,-23.0865,111.7475,-23.0861,0.0001,-0.0,0.0018,-0.0018
36143.0,111.6763,-34.1366,111.6762,-34.1366,111.6762,-34.1408,0.0001,-0.0,0.0,-0.0125
36393.0,112.3358,28.121,112.3358,28.121,112.335,28.1181,0.0,0.0,0.0007,0.0104
36340.0,112.1975,15.1149,112.1975,15.1149,112.1971,15.1094,0.0,0.0001,0.0004,0.0364
36251.0,111.9593,-11.5528,111.9593,-11.5528,111.9654,-11.5569,0.0,-0.0001,0.0054,-0.0357
36236.0,111.9323,-22.8576,111.9322,-22.8577,111.9288,-22.8597,0.0001,-0.0,0.0031,-0.0091
36429.0,112.4476,27.9174,112.4476,27.9174,112.4529,27.9161,0.0,0.0,0.0048,0.0048
36114.0,111.5971,-51.0204,111.597,-51.0204,111.5912,-51.0183,0.0001,-0.0,0.0053,-0.0041
36258.0,111.9908,-29.1549,111.9907,-29.1549,111.9967,-29.1558,0.0001,-0.0,0.0052,-0.0033
36388.0,112.3324,-1.9072,112.3324,-1.9072,112.3279,-1.9053,0.0,-0.0004,0.004,-0.0999
36399.0,112.3556,-7.5565,112.3555,-7.5565,112.3571,-7.5511,0.0,-0.0001,0.0013,-0.0717
36396.0,112.3392,-10.3295,112.3392,-10.3295,112.3421,-10.3267,0.0,-0.0001,0.0025,-0.0273
36395.0,112.3489,-14.9971,112.3488,-14.9971,112.3412,-14.9992,0.0,-0.0001,0.0068,-0.0135
36304.0,112.0985,-37.8032,112.0984,-37.8032,112.095,-37.8103,0.0001,-0.0,0.0031,-0.0187
36345.0,112.2125,-31.8437,112.2125,-31.8437,112.2138,-31.8483,0.0001,-0.0,0.0011,-0.0146
,112.2125,-31.8437,112.2125,-31.8437,112.2146,-31.8469,0.0001,-0.0,0.0018,-0.0102
36624.0,112.9787,38.8951,112.9787,38.8951,112.9821,38.8964,0.0,0.0,0.003,0.0034
36362.0,112.2665,-31.4599,112.2664,-31.4599,112.2704,-31.4564,0.0001,-0.0,0.0035,-0.0111
36431.0,112.4629,-23.0245,112.4628,-23.0245,112.4642,-23.0244,0.0001,-0.0,0.0011,-0.0003
36363.0,112.2709,-38.8182,112.2708,-38.8182,112.2738,-38.8122,0.0001,-0.0,0.0026,-0.0153
36526.0,112.7083,-5.224,112.7083,-5.224,112.7129,-5.2264,0.0,-0.0002,0.0041,-0.045
36616.0,112.9482,17.0887,112.9482,17.0887,112.9517,17.0861,0.0,0.0001,0.003,0.0154
36377.0,112.3126,-43.3041,112.3124,-43.3042,112.3075,-43.3014,0.0001,-0.0,0.0045,-0.0064
36690.0,113.2138,22.8927,113.2138,22.8927,113.2108,22.8878,0.0,0.0,0.0026,0.0214
36641.0,113.0267,1.9178,113.0266,1.9178,113.0246,1.9144,0.0,0.0005,0.0019,0.174
36514.0,112.671,-30.9605,112.6709,-30.9605,112.6771,-30.9622,0.0001,-0.0,0.0054,-0.0056
36515.0,112.6803,-37.3442,112.6802,-37.3442,112.6767,-37.3397,0.0001,-0.0,0.0032,-0.012
36640.0,113.0274,-8.8733,113.0273,-8.8734,113.0242,-8.8808,0.0,-0.0001,0.0028,-0.0844
36444.0,112.4943,-52.6497,112.4942,-52.6497,112.4983,-52.6511,0.0001,-0.0,0.0036,-0.0027
36582.0,112.8625,-36.1532,112.8624,-36.1532,112.8575,-36.1528,0.0001,-0.0,0.0044,-0.001
36760.0,113.4024,15.8226,113.4024,15.8226,113.4021,15.8267,0.0,0.0001,0.0003,0.0256
36723.0,113.2993,3.2949,113.2993,3.2949,113.2983,3.2903,0.0,0.0003,0.0009,0.1414
36346.0,112.2051,-64.5076,112.2049,-64.5076,112.2138,-64.51,0.0002,-0.0,0.0077,-0.0037
36608.0,112.9292,-35.8901,112.9291,-35.8901,112.9283,-35.8878,0.0001,-0.0,0.0007,-0.0065
,113.6499,31.8894,113.6499,31.8894,113.65,31.8886,0.0,0.0,0.0001,0.0025
36850.0,113.6499,31.8894,113.6499,31.8894,113.65,31.8883,0.0,0.0,0.0001,0.0034
36496.0,112.6313,-54.4019,112.6312,-54.402,112.6288,-54.3994,0.0001,-0.0,0.0023,-0.0046
36796.0,113.5201,10.5682,113.5201,10.5682,113.5212,10.5683,0.0,0.0001,0.001,0.0013
37046.0,114.1881,55.7563,114.1882,55.7563,114.1958,55.7553,0.0001,0.0,0.0068,0.0018
36657.0,113.0906,-35.9667,113.0905,-35.9667,113.0929,-35.9614,0.0001,-0.0,0.002,-0.0148
36896.0,113.7894,30.9621,113.7894,30.9621,113.7862,30.9611,0.0,0.0,0.0028,0.0032
36736.0,113.3409,-14.3346,113.3409,-14.3346,113.3421,-14.3383,0.0,-0.0001,0.001,-0.026
36965.0,113.9797,43.0335,113.9798,43.0335,113.9833,43.0311,0.0,0.0,0.0031,0.0055
36732.0,113.3322,-19.4093,113.3322,-19.4093,113.3312,-19.4125,0.0001,-0.0001,0.0009,-0.0167
36721.0,113.284,-24.7091,113.284,-24.7092,113.2904,-24.7108,0.0001,-0.0,0.0056,-0.0068
36812.0,113.5627,3.3738,113.5626,3.3737,113.5658,3.3714,0.0,0.0003,0.0028,0.0701
36773.0,113.4505,-14.5271,113.4504,-14.5271,113.4496,-14.5239,0.0,-0.0001,0.0008,-0.0222
37023.0,114.1338,46.1792,114.1339,46.1792,114.1317,46.1803,0.0,0.0,0.0019,0.0023
36869.0,113.6928,2.7236,113.6927,2.7236,113.6917,2.725,0.0,0.0004,0.001,0.052
36962.0,113.9771,26.9,113.9771,26.9,113.9804,26.8958,0.0,0.0,0.0029,0.0153
36795.0,113.5141,-22.298,113.5141,-22.298,113.5133,-22.2961,0.0001,-0.0,0.0007,-0.0085
36728.0,113.3112,-40.0559,113.3111,-40.0559,113.3062,-40.0589,0.0001,-0.0,0.0044,-0.0075
36729.0,113.311,-43.083,113.3109,-43.0831,113.3054,-43.0864,0.0001,-0.0,0.0049,-0.0078
36817.0,113.5775,-23.4769,113.5774,-23.4769,113.5775,-23.4736,0.0001,-0.0,0.0,-0.0141
,113.5775,-23.4769,113.5774,-23.4769,113.5796,-23.4747,0.0001,-0.0,0.0018,-0.0094
36778.0,113.4587,-36.336,113.4586,-36.336,113.4625,-36.3383,0.0001,-0.0,0.0033,-0.0063
36807.0,113.5475,-33.462,113.5474,-33.462,113.5533,-33.4633,0.0001,-0.0,0.0052,-0.0041
37140.0,114.469,48.7698,114.469,48.7698,114.4746,48.7736,0.0001,0.0,0.0049,0.0078
37091.0,114.3284,40.0281,114.3284,40.0281,114.3242,40.0253,0.0,0.0,0.0037,0.007
36787.0,113.4899,-39.9071,113.4898,-39.9071,113.4938,-39.9058,0.0001,-0.0,0.0034,-0.0033
37031.0,114.1473,5.8598,114.1472,5.8598,114.1446,5.8617,0.0,0.0002,0.0023,0.0324
36039.0,111.3924,-79.097,111.3919,-79.097,111.4083,-79.0942,0.0004,-0.0,0.0143,-0.0035
37000.0,114.0669,-8.3145,114.0669,-8.3145,114.0692,-8.3114,0.0,-0.0001,0.002,-0.0368
36981.0,114.0223,-14.4948,114.0222,-14.4948,114.0162,-14.4928,0.0,-0.0001,0.0053,-0.0141
36917.0,113.8398,-28.3679,113.8397,-28.3679,113.845,-28.3694,0.0001,-0.0,0.0046,-0.0054
36986.0,114.0345,-22.156,114.0344,-22.156,114.0325,-22.1606,0.0001,-0.0,0.0017,-0.0204
37204.0,114.6374,35.0442,114.6375,35.0442,114.6367,35.0486,0.0,0.0,0.0007,0.0126
36856.0,113.672,-51.4752,113.6718,-51.4752,113.6646,-51.4747,0.0001,-0.0,0.0065,-0.0009
37165.0,114.5603,24.359,114.5603,24.359,114.5604,24.3603,0.0,0.0,0.0001,0.0051
37088.0,114.3167,-4.1079,114.3167,-4.1079,114.3196,-4.1111,0.0,-0.0003,0.0025,-0.0785
37036.0,114.1724,-19.7013,114.1724,-19.7013,114.1708,-19.7022,0.0001,-0.0001,0.0014,-0.0047
37406.0,115.2046,57.083,115.2047,57.083,115.2062,57.0828,0.0001,0.0,0.0014,0.0005
37265.0,114.7968,34.5883,114.7968,34.5883,114.7912,34.5842,0.0,0.0,0.0048,0.012
37269.0,114.7958,24.222,114.7958,24.222,114.7996,24.2225,0.0,0.0,0.0033,0.002
37119.0,114.4173,-14.442,114.4173,-14.442,114.4121,-14.4411,0.0,-0.0001,0.0046,-0.0061
37089.0,114.3198,-23.7733,114.3198,-23.7733,114.32,-23.775,0.0001,-0.0,0.0001,-0.0073
36942.0,113.9145,-52.5384,113.9144,-52.5384,113.9154,-52.5339,0.0001,-0.0,0.0008,-0.0085
37369.0,115.0551,38.3472,115.0551,38.3472,115.0608,38.3444,0.0,0.0,0.005,0.0071
37096.0,114.343,-34.9697,114.3429,-34.9697,114.3421,-34.9686,0.0001,-0.0,0.0008,-0.0032
37300.0,114.8648,17.6743,114.8648,17.6743,114.8692,17.6747,0.0,0.0001,0.0038,0.0023
37441.0,115.3084,48.1355,115.3085,48.1355,115.3017,48.1317,0.0001,0.0,0.0059,0.0079
37043.0,114.1824,-48.8251,114.1823,-48.8251,114.1829,-48.8303,0.0001,-0.0,0.0004,-0.0106
36977.0,114.011,-55.8885,114.0109,-55.8885,114.0071,-55.8875,0.0001,-0.0,0.0035,-0.0017
37127.0,114.4373,-35.2784,114.4372,-35.2784,114.4367,-35.2772,0.0001,-0.0,0.0005,-0.0032
37279.0,114.8297,5.2404,114.8296,5.2404,114.8254,5.225,0.0,0.0002,0.0037,0.2946
37173.0,114.5702,-25.3648,114.5701,-25.3648,114.575,-25.3647,0.0001,-0.0,0.0042,-0.0002
37609.0,115.7623,58.7116,115.7624,58.7116,115.7517,58.7103,0.0001,0.0,0.0092,0.0022
37261.0,114.7795,-18.6799,114.7794,-18.6799,114.7796,-18.6792,0.0001,-0.0001,0.0001,-0.0039
37229.0,114.7015,-26.8,114.7015,-26.8,114.7054,-26.8017,0.0001,-0.0,0.0034,-0.0063
,114.707,-26.8087,114.7069,-26.8087,114.7075,-26.8036,0.0001,-0.0,0.0004,-0.0189
,115.0261,5.2297,115.0261,5.2297,115.0292,5.2308,0.0,0.0002,0.0027,0.022
37428.0,115.2435,23.0168,115.2435,23.0168,115.2438,23.0186,0.0,0.0001,0.0002,0.0079
37184.0,114.5974,-39.995,114.5973,-39.995,114.6008,-39.9914,0.0001,-0.0,0.003,-0.0091
37404.0,115.1955,13.7692,115.1955,13.7691,115.1971,13.7708,0.0,0.0001,0.0014,0.0122
37223.0,114.6793,-36.4943,114.6792,-36.4943,114.6829,-36.4969,0.0001,-0.0,0.0032,-0.0073
37202.0,114.6343,-38.7791,114.6342,-38.7791,114.6358,-38.7811,0.0001,-0.0,0.0014,-0.0053
37293.0,114.8608,-26.869,114.8607,-26.8691,114.8621,-26.8631,0.0001,-0.0,0.0011,-0.0223
37174.0,114.5708,-48.5995,114.5707,-48.5995,114.5758,-48.6011,0.0001,-0.0,0.0044,-0.0033
37394.0,115.146,-8.1826,115.146,-8.1826,115.1479,-8.1858,0.0,-0.0002,0.0016,-0.0396
37379.0,115.0956,-15.2646,115.0956,-15.2646,115.0967,-15.2636,0.0,-0.0001,0.0009,-0.0066
37364.0,115.0592,-19.6558,115.0592,-19.6558,115.0567,-19.6608,0.0001,-0.0001,0.0022,-0.0256
37297.0,114.863,-38.3109,114.8629,-38.3109,114.8642,-38.3083,0.0001,-0.0,0.001,-0.0068
37322.0,114.9301,-38.1357,114.93,-38.1357,114.9325,-38.1394,0.0001,-0.0,0.0021,-0.0098
37329.0,114.9465,-38.264,114.9464,-38.264,114.9492,-38.2608,0.0001,-0.0,0.0023,-0.0083
37508.0,115.4675,13.4802,115.4674,13.4802,115.4658,13.4806,0.0,0.0001,0.0014,0.0026
37478.0,115.4007,3.6278,115.4007,3.6278,115.3967,3.6247,0.0,0.0004,0.0035,0.0852
37521.0,115.5127,14.2032,115.5127,14.2032,115.5133,14.2083,0.0,0.0001,0.0006,0.0362
37345.0,114.9923,-37.5783,114.9922,-37.5783,114.9917,-37.5794,0.0001,-0.0,0.0006,-0.0031
37701.0,116.0134,50.4378,116.0134,50.4378,116.0175,50.4339,0.0001,0.0,0.0036,0.0077
37447.0,115.3119,-9.5553,115.3118,-9.5554,115.3117,-9.5511,0.0,-0.0001,0.0002,-0.0443
37248.0,114.752,-53.2718,114.7519,-53.2718,114.7517,-53.2733,0.0001,-0.0,0.0003,-0.0029
37399.0,115.1836,-27.9463,115.1835,-27.9463,115.1808,-27.9458,0.0001,-0.0,0.0024,-0.0017
37629.0,115.8234,28.8816,115.8234,28.8815,115.8279,28.8836,0.0,0.0,0.0039,0.0071
37415.0,115.218,-31.6646,115.2179,-31.6646,115.2196,-31.6608,0.0001,-0.0,0.0014,-0.0118
37949.0,116.6678,65.4512,116.6679,65.4512,116.6671,65.4558,0.0001,0.0,0.0006,0.0071
37465.0,115.3454,-22.3329,115.3453,-22.3329,115.3483,-22.3372,0.0001,-0.0001,0.0026,-0.0192
37934.0,116.6096,62.8315,116.6097,62.8315,116.6142,62.8306,0.0001,0.0,0.0039,0.0015
37636.0,115.8462,22.4033,115.8462,22.4033,115.8425,22.3994,0.0,0.0001,0.0032,0.0171
36914.0,113.8353,-74.2718,113.835,-74.2718,113.8404,-74.2756,0.0003,-0.0,0.0045,-0.005
,113.8353,-74.2718,113.835,-74.2718,113.8408,-74.2756,0.0003,-0.0,0.0048,-0.005
37450.0,115.3224,-38.5322,115.3223,-38.5322,115.3158,-38.5336,0.0001,-0.0,0.0057,-0.0037
37704.0,116.0284,25.7827,116.0284,25.7827,116.0288,25.7842,0.0,0.0001,0.0003,0.0057
37461.0,115.3463,-44.6348,115.3462,-44.6348,115.3408,-44.6322,0.0001,-0.0,0.0047,-0.0057
37740.0,116.1103,24.3955,116.1103,24.3955,116.1117,24.3981,0.0,0.0001,0.0011,0.0105
37514.0,115.4934,-38.5265,115.4933,-38.5266,115.4917,-38.5289,0.0001,-0.0,0.0015,-0.0061
37723.0,116.0541,12.8601,116.054,12.8601,116.0583,12.8594,0.0,0.0001,0.0037,0.0049
37590.0,115.7018,-26.3502,115.7017,-26.3503,115.7004,-26.3511,0.0001,-0.0,0.0012,-0.0033
37705.0,116.029,2.4044,116.0289,2.4044,116.0308,2.405,0.0,0.0006,0.0016,0.0254
37826.0,116.3332,28.0268,116.3332,28.0268,116.3288,28.0261,0.0,0.0001,0.0038,0.0026
37811.0,116.2914,20.3124,116.2914,20.3124,116.2888,20.3164,0.0,0.0001,0.0023,0.0196
37660.0,115.917,-25.5017,115.917,-25.5017,115.9129,-25.5039,0.0001,-0.0001,0.0035,-0.0087
37648.0,115.8873,-28.4095,115.8872,-28.4095,115.885,-28.4111,0.0001,-0.0,0.002,-0.0058
37623.0,115.8055,-36.0491,115.8054,-36.0491,115.8,-36.0503,0.0001,-0.0,0.0047,-0.0032
37616.0,115.7787,-38.8679,115.7786,-38.8679,115.7792,-38.8642,0.0001,-0.0,0.0004,-0.0096
37677.0,115.9527,-28.9523,115.9526,-28.9523,115.9521,-28.9547,0.0001,-0.0,0.0005,-0.0084
38784.0,119.0977,80.2611,119.0981,80.2611,119.0721,80.2656,0.0004,0.0,0.0215,0.0055
37606.0,115.7432,-45.1644,115.7431,-45.1644,115.7383,-45.1733,0.0001,-0.0,0.0042,-0.0197
37946.0,116.6684,37.5204,116.6684,37.5204,116.6638,37.5175,0.0,0.0,0.004,0.0077
36982.0,114.0224,-77.6303,114.022,-77.6303,114.0175,-77.6342,0.0004,-0.0,0.0043,-0.005
37666.0,115.9331,-38.1996,115.933,-38.1996,115.9288,-38.2019,0.0001,-0.0,0.0038,-0.0061
37664.0,115.923,-40.9328,115.9229,-40.9328,115.9246,-40.9339,0.0001,-0.0,0.0013,-0.0027
37908.0,116.5369,18.5097,116.5369,18.5097,116.5308,18.51,0.0,0.0001,0.0052,0.0014
37751.0,116.14,-24.67,116.14,-24.67,116.1417,-24.6739,0.0001,-0.0001,0.0014,-0.0157
37617.0,115.7763,-49.9938,115.7761,-49.9938,115.7788,-49.9928,0.0001,-0.0,0.0021,-0.0021
37530.0,115.535,-58.6334,115.5348,-58.6334,115.5425,-58.6308,0.0001,-0.0,0.0065,-0.0044
37710.0,116.0443,-36.0661,116.0442,-36.0661,116.04,-36.0628,0.0001,-0.0,0.0037,-0.0093
37921.0,116.568,10.7653,116.568,10.7653,116.5675,10.7683,0.0,0.0001,0.0005,0.0281
37842.0,116.3713,-14.6808,116.3712,-14.6808,116.3696,-14.6861,0.0,-0.0001,0.0015,-0.0362
37843.0,116.3764,-14.6894,116.3764,-14.6895,116.3712,-14.6908,0.0,-0.0001,0.0044,-0.0094
37752.0,116.1465,-37.9466,116.1464,-37.9466,116.1425,-37.9431,0.0001,-0.0,0.0034,-0.0093
37599.0,115.7209,-58.2281,115.7207,-58.2281,115.7221,-58.23,0.0001,-0.0,0.001,-0.0033
38016.0,116.8709,33.4176,116.8709,33.4176,116.8762,33.4156,0.0,0.0,0.0046,0.0062
37901.0,116.5045,-6.773,116.5045,-6.773,116.5092,-6.7725,0.0,-0.0002,0.004,-0.0078
37891.0,116.4894,-14.5582,116.4893,-14.5582,116.4871,-14.5639,0.0,-0.0001,0.002,-0.039
37803.0,116.2681,-37.8928,116.268,-37.8928,116.2692,-37.8878,0.0001,-0.0,0.0009,-0.0132
37819.0,116.3064,-37.9669,116.3063,-37.9669,116.3138,-37.9686,0.0001,-0.0,0.0063,-0.0045
37853.0,116.4042,-34.1936,116.4041,-34.1937,116.3958,-34.1731,0.0001,-0.0,0.0072,-0.0602
37951.0,116.6866,-12.6734,116.6866,-12.6734,116.6871,-12.6753,0.0,-0.0001,0.0004,-0.0151
37823.0,116.3312,-43.752,116.3311,-43.752,116.3254,-43.7522,0.0001,-0.0,0.005,-0.0004
38106.0,117.1402,23.1407,117.1403,23.1407,117.14,23.1411,0.0,0.0001,0.0002,0.0019
37915.0,116.5423,-37.9304,116.5422,-37.9304,116.5433,-37.9339,0.0001,-0.0,0.0009,-0.0092
37995.0,116.7965,-22.518,116.7965,-22.518,116.8021,-22.5197,0.0001,-0.0001,0.0048,-0.0079
37504.0,115.439,-72.607,115.4387,-72.607,115.455,-72.6061,0.0003,-0.0,0.0139,-0.0012
37938.0,116.6414,-40.0629,116.6413,-40.0629,116.6392,-40.0597,0.0001,-0.0,0.002,-0.0079
38031.0,116.9112,-15.9904,116.9112,-15.9904,116.9104,-15.9908,0.0,-0.0001,0.0007,-0.0026
38325.0,117.7802,54.1257,117.7803,54.1257,117.7738,54.1292,0.0001,0.0,0.0055,0.0063
38048.0,116.9868,-12.1978,116.9867,-12.1978,116.9862,-12.1931,0.0,-0.0001,0.0005,-0.0388
38147.0,117.2571,13.3758,117.2571,13.3758,117.2583,13.3708,0.0,0.0001,0.0011,0.0375
37854.0,116.3954,-56.7204,116.3953,-56.7204,116.3983,-56.7225,0.0001,-0.0,0.0025,-0.0037
37982.0,116.7776,-39.3322,116.7775,-39.3322,116.7742,-39.3314,0.0001,-0.0,0.0029,-0.002
38140.0,117.2445,4.335,117.2445,4.335,117.2454,4.3328,0.0,0.0004,0.0008,0.0522
38070.0,117.0216,-25.9418,117.0215,-25.9418,117.0217,-25.9372,0.0001,-0.0001,0.0001,-0.0175
38010.0,116.8577,-38.5093,116.8576,-38.5094,116.8542,-38.5111,0.0001,-0.0,0.003,-0.0046
37773.0,116.1767,-66.0709,116.1765,-66.0709,116.1829,-66.0719,0.0002,-0.0,0.0053,-0.0016
38020.0,116.8808,-46.6138,116.8807,-46.6138,116.8812,-46.6086,0.0001,-0.0,0.0004,-0.0112
37720.0,116.0592,-69.8186,116.0589,-69.8186,116.0542,-69.8214,0.0002,-0.0,0.0043,-0.004
38449.0,118.1559,55.2094,118.156,55.2094,118.1525,55.2094,0.0001,0.0,0.0029,0.0001
38319.0,117.7606,33.2369,117.7607,33.2369,117.7596,33.2336,0.0,0.0,0.0009,0.01
38074.0,117.0351,-40.6563,117.035,-40.6563,117.0354,-40.6522,0.0001,-0.0,0.0003,-0.0099
38184.0,117.3714,-13.3567,117.3713,-13.3568,117.3692,-13.3533,0.0,-0.0001,0.0019,-0.0256
38146.0,117.2531,-24.9148,117.253,-24.9148,117.2571,-24.9122,0.0001,-0.0001,0.0034,-0.0103
38211.0,117.4191,-17.2291,117.4191,-17.2291,117.4217,-17.2283,0.0,-0.0001,0.0021,-0.0042
38170.0,117.3235,-24.8656,117.3234,-24.8656,117.3238,-24.8597,0.0001,-0.0001,0.0002,-0.0237
38089.0,117.0825,-47.076,117.0823,-47.076,117.0846,-47.0778,0.0001,-0.0,0.0018,-0.0039
38216.0,117.433,-20.2035,117.4329,-20.2035,117.4383,-20.2069,0.0001,-0.0001,0.0045,-0.0171
38167.0,117.3114,-35.2477,117.3113,-35.2478,117.3112,-35.2433,0.0001,-0.0,0.0001,-0.0125
38300.0,117.698,3.2738,117.6979,3.2738,117.6975,3.2772,0.0,0.0005,0.0004,0.1044
38246.0,117.5281,-19.5259,117.5281,-19.526,117.5238,-19.5236,0.0001,-0.0001,0.0037,-0.012
38200.0,117.4002,-33.2886,117.4001,-33.2886,117.3975,-33.2889,0.0001,-0.0,0.0023,-0.0008
38394.0,117.9872,19.3249,117.9872,19.3249,117.9862,19.3253,0.0,0.0001,0.0008,0.0021
38307.0,117.7295,-11.1318,117.7294,-11.1318,117.73,-11.1286,0.0,-0.0001,0.0004,-0.0288
38164.0,117.3041,-46.3757,117.304,-46.3757,117.3096,-46.3733,0.0001,-0.0,0.0047,-0.005
38087.0,117.0806,-56.4683,117.0805,-56.4683,117.08,-56.4711,0.0001,-0.0,0.0006,-0.0049
38183.0,117.3711,-44.7493,117.3709,-44.7494,117.3675,-44.7519,0.0001,-0.0,0.003,-0.0058
38159.0,117.3079,-46.8572,117.3078,-46.8572,117.3038,-46.8578,0.0001,-0.0,0.0035,-0.0012
38373.0,117.9268,1.7672,117.9268,1.7672,117.925,1.7669,0.0,0.0009,0.0015,0.0162
38406.0,118.0316,3.2821,118.0316,3.282,118.03,3.2772,0.0,0.0005,0.0014,0.1473
38152.0,117.2744,-56.4142,117.2743,-56.4143,117.2779,-56.4106,0.0001,-0.0,0.003,-0.0065
38372.0,117.9191,-12.8203,117.919,-12.8204,117.9204,-12.8194,0.0,-0.0001,0.0011,-0.0069
38382.0,117.9418,-13.8971,117.9418,-13.8971,117.9429,-13.8981,0.0,-0.0001,0.0009,-0.0068
38623.0,118.6205,47.3844,118.6206,47.3844,118.6221,47.3861,0.0,0.0,0.0013,0.0036
38639.0,118.6846,47.5661,118.6846,47.5661,118.6779,47.5647,0.0,0.0,0.0056,0.003
38538.0,118.3718,26.7653,118.3718,26.7653,118.3742,26.7658,0.0,0.0001,0.002,0.0021
38375.0,117.93,-21.1698,117.93,-21.1698,117.9288,-21.1739,0.0001,-0.0001,0.0011,-0.0194
38292.0,117.6751,-44.5829,117.6749,-44.5829,117.6767,-44.5797,0.0001,-0.0,0.0014,-0.0071
38160.0,117.2997,-60.2863,117.2995,-60.2863,117.3038,-60.2836,0.0002,-0.0,0.0035,-0.0044
38267.0,117.5954,-50.5072,117.5953,-50.5072,117.5996,-50.5097,0.0001,-0.0,0.0035,-0.005
38474.0,118.2012,-5.4226,118.2011,-5.4226,118.1996,-5.4281,0.0,-0.0003,0.0013,-0.1009
38427.0,118.0794,-14.8426,118.0794,-14.8426,118.0788,-14.8464,0.0,-0.0001,0.0006,-0.0254
38355.0,117.8317,-43.0986,117.8316,-43.0986,117.8354,-43.0956,0.0001,-0.0,0.0031,-0.0071
38226.0,117.4727,-60.0522,117.4726,-60.0523,117.4783,-60.0511,0.0001,-0.0,0.0048,-0.0019
38800.0,119.1126,56.5087,119.1127,56.5087,119.1117,56.5044,0.0001,0.0,0.0008,0.0075
38370.0,117.9211,-42.8903,117.9209,-42.8903,117.9179,-42.8883,0.0001,-0.0,0.0027,-0.0047
38423.0,118.072,-34.7091,118.0719,-34.7091,118.0654,-34.7053,0.0001,-0.0,0.0055,-0.0111
38414.0,118.0546,-40.5789,118.0545,-40.5789,118.0542,-40.5758,0.0001,-0.0,0.0004,-0.0076
38210.0,117.4239,-66.1993,117.4237,-66.1993,117.4208,-66.1958,0.0002,-0.0,0.0027,-0.0052
39538.0,121.1817,79.4819,121.1821,79.4819,121.1962,79.4797,0.0003,0.0,0.012,0.0028
38723.0,118.9152,35.4148,118.9152,35.4148,118.92,35.4128,0.0,0.0001,0.0041,0.0058
38455.0,118.1563,-38.8657,118.1562,-38.8657,118.1612,-38.8631,0.0001,-0.0,0.0042,-0.0068
38497.0,118.2629,-36.3667,118.2628,-36.3667,118.2646,-36.3639,0.0001,-0.0,0.0014,-0.0078
38722.0,118.9158,19.8812,118.9158,19.8812,118.9162,19.8839,0.0,0.0001,0.0004,0.0135
38712.0,118.8828,8.8652,118.8827,8.8652,118.8808,8.8628,0.0,0.0002,0.0016,0.0271
38438.0,118.126,-54.3721,118.1259,-54.3722,118.1238,-54.3672,0.0001,-0.0,0.0019,-0.009
38500.0,118.2702,-49.6114,118.2701,-49.6114,118.2654,-49.6131,0.0001,-0.0,0.004,-0.0034
38518.0,118.3324,-48.1039,118.3323,-48.104,118.3258,-48.1031,0.0001,-0.0,0.0056,-0.0019
38593.0,118.5529,-35.8798,118.5528,-35.8798,118.5458,-35.8775,0.0001,-0.0,0.006,-0.0064
38635.0,118.668,-34.8474,118.6679,-34.8475,118.6662,-34.8469,0.0001,-0.0,0.0015,-0.0014
38794.0,119.1018,4.4882,119.1017,4.4882,119.0996,4.4858,0.0,0.0004,0.0018,0.0521
38959.0,119.5689,43.9741,119.569,43.974,119.5692,43.9775,0.0,0.0,0.0002,0.0078
38848.0,119.2447,15.7936,119.2447,15.7936,119.2475,15.7903,0.0,0.0001,0.0023,0.0211
38686.0,118.8114,-30.9159,118.8113,-30.9159,118.8071,-30.9175,0.0001,-0.0001,0.0036,-0.0051
38868.0,119.3182,8.641,119.3182,8.641,119.3162,8.6414,0.0,0.0002,0.0016,0.0045
38870.0,119.3262,1.1251,119.3262,1.1251,119.3175,1.1269,0.0,0.0016,0.0073,0.1646
38792.0,119.1012,-30.2855,119.1011,-30.2855,119.095,-30.2853,0.0001,-0.0001,0.0052,-0.0007
38667.0,118.7567,-52.585,118.7565,-52.5851,118.7521,-52.5831,0.0001,-0.0,0.0039,-0.0038
38732.0,118.9484,-43.8426,118.9483,-43.8426,118.9438,-43.845,0.0001,-0.0,0.0039,-0.0055
38835.0,119.2109,-22.8799,119.2109,-22.8799,119.2146,-22.88,0.0001,-0.0001,0.0031,-0.0006
38945.0,119.529,7.211,119.529,7.211,119.5242,7.2136,0.0,0.0003,0.004,0.0366
38975.0,119.633,16.5204,119.633,16.5204,119.6312,16.5186,0.0,0.0001,0.0015,0.0111
38656.0,118.7282,-57.2988,118.7281,-57.2989,118.7217,-57.3031,0.0001,-0.0,0.0055,-0.0074
39221.0,120.3451,59.0428,120.3452,59.0427,120.3363,59.0475,0.0001,0.0,0.0074,0.008
38795.0,119.0947,-40.7378,119.0946,-40.7378,119.1012,-40.7364,0.0001,-0.0,0.0055,-0.0034
40559.0,124.2222,84.0577,124.2229,84.0577,124.2242,84.0578,0.0006,0.0,0.0016,0.0
39261.0,120.428,60.3242,120.4281,60.3242,120.4267,60.3244,0.0001,0.0,0.0011,0.0004
38962.0,119.5868,2.22,119.5867,2.22,119.5858,2.2247,0.0,0.0008,0.0008,0.2135
38845.0,119.2375,-42.4069,119.2374,-42.4069,119.2412,-42.4061,0.0001,-0.0,0.0031,-0.0019
39340.0,120.6192,63.0885,120.6193,63.0885,120.6283,63.0903,0.0001,0.0,0.0076,0.0027
38901.0,119.4174,-30.3299,119.4173,-30.3299,119.4171,-30.3347,0.0001,-0.0001,0.0003,-0.016
38846.0,119.2458,-43.498,119.2457,-43.498,119.2412,-43.5003,0.0001,-0.0,0.0038,-0.0053
39067.0,119.8938,13.2377,119.8937,13.2377,119.8962,13.2422,0.0,0.0001,0.0021,0.034
38872.0,119.326,-44.1081,119.3259,-44.1081,119.3267,-44.1097,0.0001,-0.0,0.0006,-0.0037
38827.0,119.1974,-52.9846,119.1973,-52.9847,119.1946,-52.9822,0.0001,-0.0,0.0024,-0.0046
38879.0,119.3377,-47.8909,119.3376,-47.8909,119.3333,-47.8903,0.0001,-0.0,0.0037,-0.0013
39348.0,120.6559,57.272,120.656,57.272,120.6492,57.2736,0.0001,0.0,0.0055,0.0028
38783.0,119.0791,-60.5226,119.079,-60.5226,119.0775,-60.5264,0.0001,-0.0,0.0014,-0.0063
38917.0,119.4652,-45.5775,119.4651,-45.5775,119.4658,-45.5778,0.0001,-0.0,0.0005,-0.0007
39079.0,119.9384,-3.6793,119.9384,-3.6794,119.9338,-3.6797,0.0,-0.0005,0.0039,-0.0102
39023.0,119.7766,-23.3112,119.7765,-23.3112,119.7738,-23.3106,0.0001,-0.0001,0.0023,-0.0026
38834.0,119.2079,-59.1314,119.2077,-59.1314,119.2112,-59.1264,0.0001,-0.0,0.0028,-0.0084
39194.0,120.2536,23.5811,120.2536,23.5811,120.2529,23.5831,0.0,0.0001,0.0005,0.0082
38957.0,119.5626,-49.249,119.5624,-49.2491,119.56,-49.245,0.0001,-0.0,0.0022,-0.0082
39279.0,120.4764,35.4102,120.4764,35.4101,120.4796,35.4131,0.0,0.0001,0.0027,0.0082
39095.0,119.9665,-18.3946,119.9664,-18.3946,119.9667,-18.3992,0.0001,-0.0001,0.0002,-0.0247
39263.0,120.4292,25.0863,120.4293,25.0863,120.4325,25.0897,0.0,0.0001,0.0027,0.0137
38963.0,119.5851,-51.4478,119.585,-51.4478,119.5892,-51.4486,0.0001,-0.0,0.0034,-0.0016
39236.0,120.3773,16.453,120.3773,16.453,120.3763,16.4553,0.0,0.0001,0.0009,0.0139
39213.0,120.3109,4.8762,120.3109,4.8761,120.3075,4.8797,0.0,0.0004,0.0028,0.073
39014.0,119.7564,-45.2156,119.7563,-45.2156,119.7575,-45.2161,0.0001,-0.0,0.0009,-0.0012
38908.0,119.4207,-60.3049,119.4205,-60.3049,119.4454,-60.3033,0.0001,-0.0,0.0207,-0.0025
38863.0,119.2974,-63.3002,119.2972,-63.3002,119.3021,-63.2969,0.0002,-0.0,0.004,-0.0052
39061.0,119.8706,-39.3004,119.8705,-39.3004,119.8683,-39.2972,0.0001,-0.0,0.0019,-0.0081
39211.0,120.3002,-1.389,120.3002,-1.389,120.3054,-1.3925,0.0,-0.0014,0.0043,-0.2504
39035.0,119.8014,-49.9774,119.8013,-49.9774,119.8012,-49.9767,0.0001,-0.0,0.0002,-0.0014
39038.0,119.8014,-49.9774,119.8013,-49.9774,119.8058,-49.9736,0.0001,-0.0,0.0037,-0.0075
39271.0,120.4651,8.9154,120.465,8.9154,120.4613,8.9139,0.0,0.0002,0.0032,0.0172
39311.0,120.5673,2.3322,120.5672,2.3322,120.5662,2.3344,0.0,0.0009,0.0008,0.0947
38994.0,119.7227,-60.8248,119.7225,-60.8248,119.7104,-60.8244,0.0001,-0.0,0.0103,-0.0005
39424.0,120.8793,27.7925,120.8793,27.7925,120.8796,27.7942,0.0,0.0001,0.0002,0.0061
39326.0,120.6074,-6.3336,120.6073,-6.3336,120.6083,-6.3372,0.0,-0.0003,0.0008,-0.0575
39073.0,119.9114,-60.2091,119.9112,-60.2091,119.9175,-60.2075,0.0001,-0.0,0.0051,-0.0026
39070.0,119.9099,-60.5913,119.9098,-60.5913,119.9067,-60.5869,0.0001,-0.0,0.0027,-0.0072
39251.0,120.4048,-37.2881,120.4047,-37.2881,120.4058,-37.2836,0.0001,-0.0001,0.0009,-0.0119
39299.0,120.5297,-37.0501,120.5297,-37.0502,120.5258,-37.0506,0.0001,-0.0001,0.0032,-0.0011
39225.0,120.3451,-54.5191,120.345,-54.5191,120.3454,-54.515,0.0001,-0.0,0.0003,-0.0075
39535.0,121.1902,18.8391,121.1902,18.8391,121.1883,18.8422,0.0,0.0001,0.0016,0.0165
39380.0,120.771,-32.4607,120.771,-32.4607,120.7671,-32.4639,0.0001,-0.0001,0.0033,-0.0099
39238.0,120.3903,-55.4574,120.3902,-55.4575,120.3812,-55.455,0.0001,-0.0,0.0076,-0.0044
39360.0,120.6872,-41.3128,120.6871,-41.3128,120.6867,-41.31,0.0001,-0.0,0.0005,-0.0068
39567.0,121.2679,13.1167,121.2679,13.1167,121.2688,13.1181,0.0,0.0002,0.0007,0.0101
39607.0,121.4021,27.5318,121.4022,27.5318,121.4042,27.5297,0.0,0.0001,0.0017,0.0075
39420.0,120.8722,-42.9458,120.8721,-42.9459,120.8729,-42.9486,0.0001,-0.0,0.0006,-0.0064
39722.0,121.7934,43.26,121.7935,43.26,121.7913,43.2603,0.0,0.0001,0.0018,0.0006
39524.0,121.1753,-19.7235,121.1752,-19.7235,121.1729,-19.7281,0.0001,-0.0001,0.002,-0.023
39659.0,121.5809,22.6372,121.5809,22.6372,121.5767,22.6356,0.0,0.0001,0.0034,0.0074
39487.0,121.0674,-32.6697,121.0673,-32.6697,121.0675,-32.675,0.0001,-0.0001,0.0001,-0.0163
39041.0,119.8222,-73.247,119.8219,-73.247,119.8171,-73.2447,0.0003,-0.0,0.0042,-0.0031
39847.0,122.1075,51.5081,122.1076,51.5081,122.1142,51.5067,0.0001,0.0,0.0054,0.0028
39675.0,121.6103,-9.2461,121.6103,-9.2461,121.6146,-9.245,0.0,-0.0002,0.0035,-0.0115
39995.0,122.5085,58.2517,122.5086,58.2517,122.5158,58.2481,0.0001,0.0,0.006,0.0063
39780.0,121.937,21.5806,121.937,21.5806,121.9408,21.5817,0.0,0.0001,0.0031,0.0049
39617.0,121.44,-33.5729,121.44,-33.5729,121.4371,-33.5692,0.0001,-0.0001,0.0024,-0.011
39527.0,121.1812,-50.589,121.1811,-50.589,121.1767,-50.5906,0.0001,-0.0,0.0038,-0.0031
39584.0,121.3412,-46.9807,121.3411,-46.9807,121.335,-46.9789,0.0001,-0.0,0.0051,-0.0039
39566.0,121.2686,-53.1062,121.2684,-53.1063,121.2667,-53.1081,0.0001,-0.0,0.0016,-0.0034
39938.0,122.3488,42.4289,122.3488,42.4288,122.3462,42.4306,0.0,0.0001,0.002,0.004
40215.0,123.2105,68.4771,123.2107,68.4771,123.2033,68.4742,0.0001,0.0,0.0058,0.0043
39734.0,121.8247,-20.5498,121.8247,-20.5498,121.825,-20.5547,0.0001,-0.0001,0.0002,-0.0241
39874.0,122.1745,13.643,122.1745,13.643,122.1767,13.6408,0.0,0.0002,0.0018,0.0157
39757.0,121.8853,-24.3067,121.8853,-24.3067,121.8858,-24.3042,0.0001,-0.0001,0.0004,-0.0105
39530.0,121.1762,-62.8342,121.176,-62.8342,121.1788,-62.8361,0.0002,-0.0,0.0021,-0.003
39690.0,121.6641,-45.2693,121.664,-45.2693,121.6683,-45.2664,0.0001,-0.0,0.0035,-0.0064
39863.0,122.1511,-2.9799,122.1511,-2.9799,122.1483,-2.9839,0.0,-0.0008,0.0023,-0.1342
39898.0,122.2377,-11.3392,122.2376,-11.3392,122.2371,-11.3397,0.0,-0.0002,0.0005,-0.0049
39876.0,122.1793,-20.3642,122.1792,-20.3642,122.1812,-20.3631,0.0001,-0.0001,0.0016,-0.0054
40023.0,122.618,25.5134,122.618,25.5134,122.6133,25.5072,0.0,0.0001,0.0038,0.0242
39906.0,122.2612,-19.2483,122.2611,-19.2483,122.2567,-19.245,0.0001,-0.0001,0.0037,-0.017
40093.0,122.837,38.7331,122.837,38.7331,122.84,38.7314,0.0,0.0001,0.0024,0.0044
39943.0,122.3744,-16.2514,122.3743,-16.2515,122.3688,-16.2489,0.0,-0.0001,0.0046,-0.0157
39866.0,122.164,-37.6822,122.1639,-37.6822,122.1567,-37.6814,0.0001,-0.0001,0.006,-0.0021
39914.0,122.2751,-30.326,122.275,-30.326,122.2779,-30.3225,0.0001,-0.0001,0.0023,-0.0115
41208.0,126.1454,82.4347,126.146,82.4347,126.1371,82.4308,0.0004,0.0,0.0066,0.0047
40058.0,122.7421,14.6262,122.7421,14.6261,122.745,14.6294,0.0,0.0002,0.0024,0.0224
39920.0,122.2852,-35.4544,122.2851,-35.4544,122.2925,-35.455,0.0001,-0.0001,0.006,-0.0017
40305.0,123.4624,56.4558,123.4625,56.4558,123.4592,56.4522,0.0001,0.0,0.0027,0.0064
40085.0,122.8232,9.8218,122.8232,9.8218,122.8192,9.8211,0.0,0.0002,0.0033,0.0068
40035.0,122.6708,-13.8044,122.6707,-13.8044,122.6658,-13.7992,0.0,-0.0002,0.004,-0.0379
39919.0,122.2932,-48.6798,122.2931,-48.6799,122.29,-48.6844,0.0001,-0.0,0.0026,-0.0094
39961.0,122.3923,-44.1211,122.3922,-44.1211,122.3996,-44.1228,0.0001,-0.0001,0.006,-0.0038
39974.0,122.4473,-42.6426,122.4472,-42.6426,122.4488,-42.6406,0.0001,-0.0001,0.0012,-0.0047
,122.3713,-47.3504,122.3712,-47.3504,122.3721,-47.3458,0.0001,-0.0,0.0006,-0.0096
39953.0,122.376,-47.3366,122.3759,-47.3367,122.3833,-47.3367,0.0001,-0.0,0.006,-0.0
,123.0517,17.6487,123.0517,17.6486,123.0529,17.6478,0.0,0.0001,0.001,0.005
,123.0517,17.6487,123.0517,17.6486,123.0529,17.6478,0.0,0.0001,0.001,0.005
40167.0,123.0517,17.6487,123.0517,17.6486,123.0554,17.6478,0.0,0.0001,0.003,0.005
40084.0,122.8199,-12.9319,122.8198,-12.9319,122.8179,-12.9269,0.0,-0.0002,0.0016,-0.0385
40107.0,122.8932,-7.7747,122.8931,-7.7747,122.8875,-7.7725,0.0,-0.0003,0.0046,-0.0285
39970.0,122.4263,-47.9355,122.4262,-47.9355,122.43,-47.9375,0.0001,-0.0,0.003,-0.0042
40240.0,123.2906,29.6583,123.2907,29.6583,123.2871,29.6567,0.0,0.0001,0.0029,0.0056
40793.0,124.8941,75.7525,124.8943,75.7524,124.8842,75.7569,0.0002,0.0,0.0079,0.0059
39843.0,122.0992,-63.8006,122.099,-63.8007,122.1021,-63.8011,0.0002,-0.0,0.0023,-0.0007
39957.0,122.3988,-56.0878,122.3987,-56.0878,122.39,-56.0856,0.0001,-0.0,0.0072,-0.004
40063.0,122.7611,-37.2916,122.761,-37.2917,122.7567,-37.2922,0.0001,-0.0001,0.0036,-0.0016
39903.0,122.2588,-61.2963,122.2586,-61.2963,122.2529,-61.3025,0.0001,-0.0,0.0048,-0.0102
40474.0,123.9521,60.3785,123.9522,60.3785,123.9604,60.3806,0.0001,0.0,0.0067,0.0034
40231.0,123.2482,16.5142,123.2482,16.5142,123.2492,16.5142,0.0,0.0001,0.0008,0.0001
39794.0,121.9773,-68.6137,121.9771,-68.6137,121.9825,-68.6172,0.0002,-0.0,0.0043,-0.0051
40293.0,123.4268,23.1396,123.4268,23.1396,123.4238,23.1378,0.0,0.0001,0.0025,0.0079
40091.0,122.8363,-39.6148,122.8362,-39.6148,122.8396,-39.6186,0.0001,-0.0001,0.0027,-0.0097
40096.0,122.8584,-42.9815,122.8583,-42.9815,122.8579,-42.9872,0.0001,-0.0001,0.0004,-0.0133
40077.0,122.7971,-48.4587,122.797,-48.4587,122.7962,-48.4619,0.0001,-0.0,0.0007,-0.0068
40342.0,123.5497,17.6768,123.5497,17.6768,123.5462,17.6758,0.0,0.0001,0.0028,0.0057
40259.0,123.3377,-15.7895,123.3376,-15.7895,123.3333,-15.7883,0.0,-0.0002,0.0035,-0.0074
40211.0,123.1936,-29.9149,123.1935,-29.9149,123.1917,-29.9108,0.0001,-0.0001,0.0016,-0.0135
40354.0,123.5866,13.043,123.5866,13.043,123.5875,13.0483,0.0,0.0002,0.0007,0.0408
40220.0,123.2134,-37.9291,123.2133,-37.9291,123.2146,-37.9244,0.0001,-0.0001,0.001,-0.0122
40183.0,123.1302,-46.2669,123.1301,-46.2669,123.1288,-46.2642,0.0001,-0.0001,0.0012,-0.006
40646.0,124.4513,59.5721,124.4514,59.5721,124.46,59.5711,0.0001,0.0,0.007,0.0017
40889.0,125.1535,72.4054,125.1537,72.4054,125.1679,72.4072,0.0002,0.0,0.0116,0.0025
40274.0,123.38,-35.8999,123.3799,-35.8999,123.3733,-35.8997,0.0001,-0.0001,0.0054,-0.0004
40291.0,123.4275,-33.5702,123.4274,-33.5703,123.4213,-33.5692,0.0001,-0.0001,0.0051,-0.0032
40341.0,123.5397,-32.1394,123.5396,-32.1394,123.5458,-32.1408,0.0001,-0.0001,0.005,-0.0044
40321.0,123.4886,-36.3216,123.4885,-36.3216,123.4933,-36.3225,0.0001,-0.0001,0.0038,-0.0025
40324.0,123.492,-36.3438,123.4919,-36.3438,123.495,-36.3411,0.0001,-0.0001,0.0024,-0.0073
40344.0,123.5619,-35.4897,123.5619,-35.4897,123.555,-35.4906,0.0001,-0.0001,0.0056,-0.0025
40326.0,123.5126,-40.3495,123.5125,-40.3495,123.5121,-40.3481,0.0001,-0.0001,0.0004,-0.0035
40285.0,123.3935,-46.9894,123.3934,-46.9894,123.4008,-46.9919,0.0001,-0.0001,0.0059,-0.0055
40772.0,124.8258,62.5032,124.8259,62.5031,124.8221,62.5072,0.0001,0.0,0.003,0.0065
40677.0,124.5651,54.145,124.5652,54.145,124.5658,54.1436,0.0001,0.0,0.0006,0.0027
40282.0,123.3962,-50.1917,123.396,-50.1917,123.3921,-50.1961,0.0001,-0.0,0.0033,-0.0088
40534.0,124.1421,11.7262,124.1421,11.7262,124.1413,11.7264,0.0,0.0002,0.0007,0.0014
40526.0,124.1298,9.1893,124.1298,9.1892,124.1288,9.1856,0.0,0.0003,0.0008,0.0402
40357.0,123.5985,-45.8309,123.5984,-45.831,123.5996,-45.8344,0.0001,-0.0001,0.0008,-0.0077
40476.0,123.9691,-30.9221,123.969,-30.9221,123.9687,-30.9258,0.0001,-0.0001,0.0003,-0.0121
40617.0,124.3766,8.8677,124.3766,8.8676,124.3821,8.8661,0.0,0.0003,0.0044,0.0175
40485.0,123.9929,-35.9052,123.9928,-35.9053,123.9954,-35.9028,0.0001,-0.0001,0.002,-0.0068
40875.0,125.1001,57.7392,125.1002,57.7391,125.1088,57.7433,0.0001,0.0,0.0069,0.0072
40561.0,124.222,-21.3186,124.2219,-21.3187,124.2258,-21.3203,0.0001,-0.0001,0.0031,-0.0077
40433.0,123.8458,-50.4539,123.8456,-50.454,123.8471,-50.4494,0.0001,-0.0,0.0011,-0.0089
40604.0,124.3413,-16.2847,124.3413,-16.2847,124.3462,-16.285,0.0,-0.0002,0.0039,-0.0021
40878.0,125.1245,53.5756,125.1245,53.5755,125.1212,53.5744,0.0001,0.0,0.0026,0.0021
40693.0,124.5982,-12.6177,124.5981,-12.6178,124.5996,-12.6319,0.0,-0.0002,0.0011,-0.1125
40429.0,123.822,-62.9153,123.8218,-62.9154,123.8162,-62.9158,0.0002,-0.0,0.0047,-0.0008
40843.0,125.0183,27.222,125.0183,27.222,125.0163,27.2178,0.0,0.0001,0.0017,0.0156
41060.0,125.6845,60.635,125.6846,60.635,125.6838,60.6311,0.0001,0.0,0.0006,0.0065
40866.0,125.0897,20.745,125.0897,20.745,125.0875,20.7478,0.0,0.0001,0.0017,0.0132
40766.0,124.8115,-10.166,124.8115,-10.166,124.8129,-10.1658,0.0,-0.0003,0.0011,-0.0015
40678.0,124.5698,-35.4557,124.5698,-35.4557,124.5725,-35.4517,0.0001,-0.0001,0.0021,-0.0114
40673.0,124.5538,-37.3751,124.5537,-37.3752,124.5525,-37.3742,0.0001,-0.0001,0.001,-0.0026
40881.0,125.135,24.027,125.135,24.0269,125.1338,24.0222,0.0,0.0001,0.001,0.0197
40818.0,124.9554,3.9464,124.9554,3.9463,124.9579,3.9478,0.0,0.0007,0.002,0.0357
40706.0,124.6426,-36.6617,124.6425,-36.6617,124.6388,-36.6594,0.0001,-0.0001,0.0031,-0.0061
40859.0,125.0727,-5.3236,125.0726,-5.3236,125.0712,-5.3292,0.0,-0.0005,0.0012,-0.1053
40787.0,124.8736,-34.596,124.8735,-34.596,124.8725,-34.5903,0.0001,-0.0001,0.0008,-0.0165
40655.0,124.4869,-59.1676,124.4867,-59.1676,124.4825,-59.1669,0.0001,-0.0,0.0035,-0.0011
41075.0,125.714,43.1884,125.7141,43.1884,125.7088,43.1881,0.0,0.0001,0.0042,0.0008
40876.0,125.1106,-22.9246,125.1105,-22.9247,125.1142,-22.9247,0.0001,-0.0001,0.0028,-0.0004
41152.0,125.9604,53.2202,125.9605,53.2202,125.9521,53.2197,0.0001,0.0001,0.0066,0.001
40941.0,125.3377,-1.6029,125.3377,-1.6029,125.3342,-1.6022,0.0,-0.0017,0.0028,-0.0423
40944.0,125.3324,-20.0778,125.3323,-20.0779,125.3383,-20.0792,0.0,-0.0001,0.0047,-0.0066
40680.0,124.582,-65.6167,124.5818,-65.6168,124.5788,-65.6133,0.0002,-0.0,0.0026,-0.0052
40990.0,125.4794,-17.5812,125.4794,-17.5812,125.4775,-17.5864,0.0,-0.0002,0.0015,-0.0297
40945.0,125.348,-33.0512,125.3479,-33.0512,125.3458,-33.0544,0.0001,-0.0001,0.0017,-0.0098
40943.0,125.3373,-36.4849,125.3372,-36.4849,125.3375,-36.4844,0.0001,-0.0001,0.0002,-0.0012
41117.0,125.8452,18.3318,125.8452,18.3317,125.8408,18.3322,0.0,0.0002,0.0035,0.0024
41036.0,125.627,-6.1748,125.6269,-6.1748,125.6258,-6.1792,0.0,-0.0004,0.0009,-0.0709
40947.0,125.3489,-39.6273,125.3488,-39.6273,125.3508,-39.6208,0.0001,-0.0001,0.0015,-0.0163
41080.0,125.7288,-7.5446,125.7287,-7.5447,125.725,-7.5433,0.0,-0.0004,0.003,-0.0172
41067.0,125.6963,-13.059,125.6962,-13.059,125.695,-13.0547,0.0,-0.0002,0.001,-0.0327
41163.0,125.9851,10.6325,125.9851,10.6325,125.98,10.6319,0.0,0.0003,0.0041,0.0054
41074.0,125.707,-26.3464,125.707,-26.3464,125.7079,-26.3481,0.0001,-0.0001,0.0007,-0.0064
40932.0,125.305,-57.9724,125.3048,-57.9724,125.3,-57.9731,0.0001,-0.0,0.004,-0.0011
41039.0,125.6305,-48.4941,125.6303,-48.4941,125.6317,-48.4903,0.0001,-0.0001,0.001,-0.0078
41214.0,126.1458,-4.7149,126.1458,-4.7149,126.1517,-4.7169,0.0,-0.0006,0.0046,-0.0443
41107.0,125.8255,-38.2859,125.8254,-38.2859,125.8217,-38.2858,0.0001,-0.0001,0.003,-0.0001
41211.0,126.15,-3.7553,126.1499,-3.7553,126.1458,-3.7511,0.0,-0.0007,0.0033,-0.1108
40926.0,125.2691,-64.1041,125.2689,-64.1041,125.2821,-64.1061,0.0002,-0.0,0.0104,-0.0031
41319.0,126.4634,17.0499,126.4634,17.0499,126.4579,17.0461,0.0,0.0002,0.0043,0.0223
41081.0,125.7284,-52.13,125.7283,-52.13,125.73,-52.1239,0.0001,-0.0001,0.0013,-0.0116
40817.0,124.9491,-71.521,124.9489,-71.521,124.9542,-71.515,0.0002,-0.0,0.004,-0.0083
40834.0,124.9896,-71.5029,124.9893,-71.503,125.0029,-71.5053,0.0002,-0.0,0.0107,-0.0033
41676.0,127.4396,67.3005,127.4398,67.3005,127.4425,67.2975,0.0001,0.0,0.0022,0.0045
41377.0,126.6173,27.8931,126.6173,27.8931,126.6154,27.8936,0.0,0.0001,0.0015,0.0017
41299.0,126.3947,2.1,126.3947,2.1,126.3979,2.1022,0.0,0.0013,0.0025,0.1034
41325.0,126.4836,7.5659,126.4835,7.5659,126.4783,7.5644,0.0,0.0004,0.0041,0.0195
41037.0,125.6349,-59.5126,125.6348,-59.5127,125.6283,-59.5097,0.0001,-0.0,0.0053,-0.0049
41242.0,126.2319,-23.1474,126.2318,-23.1475,126.2296,-23.1536,0.0001,-0.0001,0.0018,-0.0266
41484.0,126.9042,45.6589,126.9043,45.6588,126.9033,45.6531,0.0,0.0001,0.0007,0.0127
41404.0,126.7005,26.9328,126.7006,26.9328,126.695,26.9344,0.0,0.0001,0.0044,0.006
,126.7005,26.9328,126.7006,26.9328,126.6958,26.9353,0.0,0.0001,0.0037,0.0091
41389.0,126.6712,24.5381,126.6712,24.5381,126.6658,24.5342,0.0,0.0001,0.0042,0.016
,126.6712,24.5381,126.6712,24.5381,126.6671,24.5353,0.0,0.0001,0.0032,0.0115
41307.0,126.414,-3.9081,126.4139,-3.9081,126.415,-3.9064,0.0,-0.0007,0.0008,-0.0434
41260.0,126.2696,-24.0476,126.2695,-24.0476,126.2654,-24.0461,0.0001,-0.0001,0.0033,-0.0062
41282.0,126.331,-21.0423,126.3309,-21.0423,126.3296,-21.0458,0.0001,-0.0001,0.0011,-0.0169
41306.0,126.4124,-17.4409,126.4123,-17.4409,126.4142,-17.4394,0.0,-0.0002,0.0014,-0.0081
40702.0,124.637,-76.9191,124.6366,-76.9191,124.6317,-76.9197,0.0003,-0.0,0.0043,-0.0009
41400.0,126.6868,12.6583,126.6867,12.6583,126.6829,12.6544,0.0,0.0002,0.003,0.0308
41328.0,126.4845,-14.9279,126.4845,-14.9279,126.4817,-14.9297,0.0,-0.0002,0.0023,-0.0123
41375.0,126.6128,-3.9889,126.6128,-3.9889,126.6133,-3.9875,0.0,-0.0007,0.0004,-0.0355
41250.0,126.2344,-42.7684,126.2343,-42.7684,126.2383,-42.7694,0.0001,-0.0001,0.0031,-0.0025
41704.0,127.5738,60.723,127.5739,60.723,127.5662,60.7181,0.0001,0.0,0.0059,0.0081
41395.0,126.6754,-12.5289,126.6754,-12.5289,126.6746,-12.5344,0.0,-0.0002,0.0006,-0.0443
41452.0,126.8233,-6.405,126.8233,-6.405,126.8217,-6.4097,0.0,-0.0005,0.0013,-0.074
41323.0,126.4649,-42.1594,126.4648,-42.1594,126.4662,-42.1533,0.0001,-0.0001,0.001,-0.0144
41361.0,126.5729,-39.0612,126.5728,-39.0613,126.5733,-39.0594,0.0001,-0.0001,0.0003,-0.0046
,126.5729,-39.0612,126.5728,-39.0613,126.5758,-39.0603,0.0001,-0.0001,0.0023,-0.0024
41574.0,127.1592,24.1438,127.1593,24.1438,127.1533,24.1447,0.0,0.0001,0.0047,0.0039
41296.0,126.3796,-51.7247,126.3795,-51.7248,126.3792,-51.7281,0.0001,-0.0001,0.0003,-0.0064
41413.0,126.7109,-29.219,126.7109,-29.219,126.7117,-29.2153,0.0001,-0.0001,0.0006,-0.0126
41927.0,128.2193,69.3205,128.2195,69.3205,128.2225,69.32,0.0001,0.0,0.0025,0.0007
41578.0,127.1515,14.2084,127.1514,14.2084,127.1554,14.2108,0.0,0.0002,0.0031,0.0172
41475.0,126.8862,-20.8445,126.8862,-20.8445,126.8887,-20.8439,0.0,-0.0001,0.002,-0.003
41449.0,126.8181,-31.6691,126.818,-31.6692,126.8183,-31.6731,0.0001,-0.0001,0.0002,-0.0124
41564.0,127.1183,-2.5149,127.1182,-2.5149,127.1217,-2.5172,0.0,-0.0012,0.0027,-0.0922
41547.0,127.0765,-8.8159,127.0764,-8.8159,127.0821,-8.8161,0.0,-0.0003,0.0044,-0.0022
41504.0,126.9747,-26.1262,126.9747,-26.1262,126.9729,-26.1325,0.0001,-0.0001,0.0014,-0.0242
40888.0,125.1509,-77.4875,125.1505,-77.4876,125.1604,-77.4844,0.0003,-0.0,0.0076,-0.004
41373.0,126.6053,-52.8073,126.6052,-52.8073,126.605,-52.8075,0.0001,-0.0001,0.0002,-0.0004
41597.0,127.2145,-9.748,127.2145,-9.748,127.2121,-9.7483,0.0,-0.0003,0.0019,-0.0034
41515.0,126.9939,-35.1103,126.9938,-35.1104,126.9971,-35.1139,0.0001,-0.0001,0.0025,-0.0101
41572.0,127.1505,-23.0697,127.1504,-23.0697,127.1496,-23.0717,0.0001,-0.0001,0.0007,-0.0085
41603.0,127.2236,-20.9507,127.2235,-20.9507,127.2221,-20.9503,0.0,-0.0001,0.0012,-0.0019
41321.0,126.4719,-64.5986,126.4717,-64.5987,126.465,-64.6008,0.0002,-0.0,0.0054,-0.0034
41312.0,126.4391,-66.134,126.4389,-66.134,126.4342,-66.1369,0.0002,-0.0,0.0039,-0.0045
41798.0,127.8332,37.2676,127.8332,37.2676,127.8329,37.2658,0.0,0.0001,0.0002,0.0048
41483.0,126.9091,-53.0896,126.9089,-53.0896,126.9021,-53.0886,0.0001,-0.0001,0.0055,-0.0019
41894.0,128.1424,53.1171,128.1425,53.1171,128.1396,53.1147,0.0001,0.0001,0.0022,0.0045
42249.0,129.202,74.7276,129.2023,74.7276,129.2029,74.7236,0.0002,0.0,0.0007,0.0053
41640.0,127.3682,-27.3358,127.3682,-27.3358,127.365,-27.3325,0.0001,-0.0001,0.0025,-0.0119
42080.0,128.6628,65.1472,128.663,65.1472,128.6508,65.145,0.0001,0.0,0.0093,0.0034
41816.0,127.8739,24.0796,127.8739,24.0795,127.8771,24.0811,0.0,0.0001,0.0025,0.0065
41621.0,127.2816,-44.1642,127.2815,-44.1642,127.2817,-44.1606,0.0001,-0.0001,0.0001,-0.0082
41822.0,127.9003,18.0956,127.9003,18.0955,127.8988,18.0944,0.0,0.0002,0.0012,0.0062
41616.0,127.2683,-47.9262,127.2682,-47.9262,127.2696,-47.9292,0.0001,-0.0001,0.001,-0.0063
41639.0,127.3639,-44.7248,127.3638,-44.7248,127.365,-44.725,0.0001,-0.0001,0.0008,-0.0005
41843.0,127.9766,9.8103,127.9766,9.8102,127.9775,9.8144,0.0,0.0003,0.0007,0.0426
41723.0,127.6243,-32.1604,127.6242,-32.1605,127.6192,-32.1594,0.0001,-0.0001,0.004,-0.0031
41674.0,127.4371,-46.3357,127.437,-46.3357,127.44,-46.3319,0.0001,-0.0001,0.0023,-0.0081
41726.0,127.6272,-36.7251,127.6271,-36.7251,127.6233,-36.7211,0.0001,-0.0001,0.003,-0.0109
41975.0,128.3406,36.4338,128.3407,36.4338,128.3408,36.4364,0.0,0.0001,0.0001,0.0071
41909.0,128.1806,20.4438,128.1806,20.4437,128.1771,20.4411,0.0,0.0002,0.0028,0.013
41817.0,127.8818,-19.5725,127.8817,-19.5725,127.8788,-19.5775,0.0,-0.0002,0.0024,-0.0258
41653.0,127.402,-55.1869,127.4018,-55.1869,127.4012,-55.1911,0.0001,-0.0001,0.0006,-0.0076
41940.0,128.252,24.0849,128.252,24.0849,128.2504,24.0847,0.0,0.0001,0.0013,0.0007
41451.0,126.8202,-70.0956,126.8199,-70.0956,126.8204,-70.0933,0.0002,-0.0,0.0002,-0.0033
41737.0,127.6731,-44.7384,127.673,-44.7384,127.6633,-44.7372,0.0001,-0.0001,0.0077,-0.0025
41904.0,128.167,10.0676,128.167,10.0676,128.1662,10.0661,0.0,0.0003,0.0006,0.0148
41806.0,127.8455,-39.0633,127.8454,-39.0633,127.8525,-39.0642,0.0001,-0.0001,0.0055,-0.0023
41893.0,128.1443,-15.032,128.1443,-15.032,128.1387,-15.0294,0.0,-0.0002,0.0043,-0.0167
42010.0,128.4363,13.2547,128.4363,13.2547,128.4379,13.2572,0.0,0.0002,0.0012,0.0191
42090.0,128.6834,36.4234,128.6834,36.4234,128.6825,36.4194,0.0,0.0001,0.0007,0.0109
42008.0,128.4346,4.7605,128.4346,4.7605,128.4312,4.7567,0.0,0.0007,0.0026,0.0812
42484.0,129.9314,73.6324,129.9317,73.6323,129.9275,73.6297,0.0002,0.0,0.003,0.0036
42049.0,128.5549,8.4489,128.5549,8.4489,128.5554,8.4519,0.0,0.0004,0.0004,0.036
41949.0,128.2676,-24.6087,128.2675,-24.6087,128.27,-24.6064,0.0001,-0.0001,0.0019,-0.0093
41813.0,127.8748,-54.392,127.8746,-54.392,127.8733,-54.3942,0.0001,-0.0001,0.0011,-0.004
42028.0,128.5044,-2.1502,128.5043,-2.1502,128.5067,-2.1517,0.0,-0.0014,0.0018,-0.0694
41926.0,128.2341,-31.5125,128.234,-31.5126,128.2146,-31.5008,0.0001,-0.0001,0.0152,-0.0371
41939.0,128.2459,-34.6356,128.2458,-34.6357,128.2442,-34.6339,0.0001,-0.0001,0.0013,-0.005
41861.0,128.0155,-53.2155,128.0154,-53.2155,128.02,-53.2122,0.0001,-0.0001,0.0035,-0.0061
42133.0,128.8326,19.5941,128.8326,19.5941,128.8308,19.59,0.0,0.0002,0.0014,0.0212
41970.0,128.3377,-38.3705,128.3376,-38.3706,128.3329,-38.3711,0.0001,-0.0001,0.0037,-0.0015
42001.0,128.411,-38.8508,128.4109,-38.8509,128.4096,-38.8489,0.0001,-0.0001,0.0011,-0.005
41986.0,128.3835,-46.973,128.3834,-46.9731,128.3767,-46.9711,0.0001,-0.0001,0.0053,-0.0041
42438.0,129.7896,65.0232,129.7898,65.0232,129.7987,65.0208,0.0001,0.0001,0.007,0.0036
42142.0,128.8567,2.7475,128.8567,2.7474,128.8538,2.7436,0.0,0.0012,0.0023,0.1408
41191.0,126.0788,-80.9209,126.0783,-80.9209,126.0825,-80.9142,0.0004,-0.0,0.0029,-0.0083
42187.0,129.0368,15.3116,129.0368,15.3116,129.0321,15.3136,0.0,0.0002,0.0036,0.0131
42172.0,128.9613,6.6176,128.9613,6.6176,128.9625,6.62,0.0,0.0005,0.0009,0.0361
42173.0,128.9703,6.6222,128.9703,6.6221,128.9638,6.6225,0.0,0.0005,0.0051,0.0052
42075.0,128.6347,-32.5988,128.6346,-32.5988,128.6321,-32.5986,0.0001,-0.0001,0.002,-0.0004
42146.0,128.865,-7.9854,128.8649,-7.9854,128.8675,-7.9822,0.0,-0.0004,0.002,-0.0394
42070.0,128.6162,-37.6096,128.6161,-37.6097,128.6221,-37.6114,0.0001,-0.0001,0.0046,-0.0047
42372.0,129.589,53.4027,129.5891,53.4026,129.5925,53.4014,0.0001,0.0001,0.0027,0.0024
42434.0,129.8022,59.9411,129.8023,59.941,129.7925,59.9394,0.0001,0.0001,0.0075,0.0027
42147.0,128.8646,-26.8417,128.8645,-26.8417,128.87,-26.8436,0.0001,-0.0001,0.0042,-0.0071
42527.0,130.06,64.3264,130.0601,64.3264,130.0533,64.3278,0.0001,0.0001,0.0051,0.0021
42123.0,128.8004,-39.9736,128.8003,-39.9737,128.8025,-39.97,0.0001,-0.0001,0.0016,-0.0091
42265.0,129.2779,9.6561,129.2779,9.6561,129.2742,9.6556,0.0,0.0003,0.0029,0.0058
42088.0,128.6867,-49.9434,128.6866,-49.9434,128.6817,-49.9442,0.0001,-0.0001,0.0039,-0.0015
42452.0,129.8205,52.7091,129.8206,52.7091,129.8233,52.7117,0.0001,0.0001,0.0022,0.0049
42365.0,129.5811,32.8014,129.5811,32.8013,129.5792,32.8019,0.0,0.0001,0.0015,0.0018
42313.0,129.4147,5.6991,129.4147,5.6991,129.4142,5.7036,0.0,0.0006,0.0004,0.0789
42299.0,129.3579,-4.9324,129.3579,-4.9325,129.3629,-4.9336,0.0,-0.0007,0.0039,-0.0237
42353.0,129.5201,9.5749,129.5201,9.5749,129.5217,9.5747,0.0,0.0003,0.0012,0.0021
42177.0,128.9651,-50.9747,128.965,-50.9747,128.9671,-50.97,0.0001,-0.0001,0.0015,-0.0092
42129.0,128.8053,-58.2231,128.8052,-58.2232,128.8142,-58.225,0.0001,-0.0001,0.0069,-0.0032
42368.0,129.587,-6.6649,129.587,-6.6649,129.5846,-6.6625,0.0,-0.0005,0.0019,-0.0354
41907.0,128.1832,-73.3597,128.1829,-73.3597,128.1758,-73.3567,0.0002,-0.0,0.0057,-0.0041
42402.0,129.684,3.3423,129.6839,3.3423,129.6892,3.3414,0.0,0.001,0.004,0.0273
42302.0,129.3717,-33.743,129.3716,-33.7431,129.3738,-33.7458,0.0001,-0.0001,0.0016,-0.0083
42334.0,129.4636,-26.2532,129.4636,-26.2533,129.4675,-26.255,0.0001,-0.0001,0.003,-0.0067
42291.0,129.3367,-40.1526,129.3366,-40.1526,129.3329,-40.1475,0.0001,-0.0001,0.0029,-0.0127
42604.0,130.2491,45.8358,130.2492,45.8358,130.2546,45.8339,0.0,0.0001,0.0042,0.0042
42538.0,130.0756,31.945,130.0756,31.945,130.0762,31.9419,0.0,0.0001,0.0005,0.0097
42462.0,129.851,8.0214,129.851,8.0213,129.8525,8.0172,0.0,0.0004,0.0012,0.0518
42394.0,129.6676,-19.743,129.6675,-19.743,129.6679,-19.7369,0.0,-0.0002,0.0002,-0.0306
42312.0,129.4099,-42.9862,129.4098,-42.9863,129.4112,-42.9892,0.0001,-0.0001,0.001,-0.0068
42549.0,130.0866,19.6886,130.0866,19.6886,130.0921,19.67,0.0,0.0002,0.0042,0.0945
42556.0,130.1095,19.5437,130.1095,19.5436,130.1125,19.545,0.0,0.0002,0.0023,0.0068
42430.0,129.7865,-22.6732,129.7864,-22.6732,129.7833,-22.6619,0.0001,-0.0001,0.0024,-0.0496
42509.0,130.0082,-12.4722,130.0081,-12.4722,130.0062,-12.4753,0.0,-0.0003,0.0015,-0.0249
42286.0,129.3265,-62.854,129.3264,-62.8541,129.3283,-62.8536,0.0001,-0.0001,0.0014,-0.0007
42483.0,129.9251,-29.5651,129.925,-29.5652,129.9271,-29.5611,0.0001,-0.0001,0.0015,-0.0136
42455.0,129.8485,-36.6045,129.8485,-36.6045,129.8421,-36.6069,0.0001,-0.0001,0.005,-0.0067
42400.0,129.688,-53.0957,129.6879,-53.0957,129.6871,-53.0906,0.0001,-0.0001,0.0007,-0.0096
42777.0,130.7546,46.8997,130.7547,46.8997,130.7508,46.9011,0.0,0.0001,0.0029,0.003
42606.0,130.2563,-9.0555,130.2562,-9.0556,130.2567,-9.0519,0.0,-0.0004,0.0003,-0.0397
42515.0,130.0264,-35.3123,130.0263,-35.3124,130.0258,-35.3083,0.0001,-0.0001,0.0004,-0.0114
42540.0,130.074,-40.2631,130.0739,-40.2631,130.0804,-40.2642,0.0001,-0.0001,0.0049,-0.0026
42459.0,129.8527,-53.4435,129.8526,-53.4436,129.8492,-53.4397,0.0001,-0.0001,0.0027,-0.0071
42662.0,130.4289,-15.9476,130.4289,-15.9476,130.4304,-15.9433,0.0,-0.0002,0.0011,-0.0266
42504.0,129.9936,-53.0569,129.9935,-53.0569,129.99,-53.055,0.0001,-0.0001,0.0028,-0.0036
42440.0,129.8094,-60.322,129.8093,-60.322,129.805,-60.3172,0.0001,-0.0001,0.0034,-0.0079
42564.0,130.1448,-45.1884,130.1447,-45.1884,130.1471,-45.1914,0.0001,-0.0001,0.0017,-0.0067
42570.0,130.1496,-46.6496,130.1495,-46.6496,130.1567,-46.6489,0.0001,-0.0001,0.0054,-0.0014
42701.0,130.5428,-11.9592,130.5428,-11.9593,130.5408,-11.9661,0.0,-0.0003,0.0015,-0.0576
42536.0,130.073,-52.9212,130.0728,-52.9212,130.0733,-52.9219,0.0001,-0.0001,0.0003,-0.0015
42806.0,130.8259,21.466,130.8259,21.4659,130.8212,21.4686,0.0,0.0002,0.0036,0.0122
42795.0,130.7999,12.6816,130.7999,12.6816,130.8012,12.6808,0.0,0.0003,0.001,0.0061
42871.0,131.0466,36.9236,131.0467,36.9236,131.0421,36.9181,0.0,0.0001,0.0035,0.0151
42624.0,130.3061,-47.3114,130.306,-47.3115,130.3046,-47.3169,0.0001,-0.0001,0.0012,-0.0116
42614.0,130.2708,-48.9177,130.2707,-48.9178,130.2721,-48.9225,0.0001,-0.0001,0.0009,-0.0098
42799.0,130.8053,3.3993,130.8053,3.3993,130.8062,3.3986,0.0,0.001,0.0007,0.0201
42579.0,130.1788,-57.5442,130.1787,-57.5442,130.1817,-57.5453,0.0001,-0.0001,0.0022,-0.0018
42679.0,130.4796,-45.4105,130.4795,-45.4105,130.4871,-45.4108,0.0001,-0.0001,0.0057,-0.0008
42568.0,130.1516,-59.7594,130.1514,-59.7594,130.1542,-59.7611,0.0001,-0.0001,0.002,-0.0029
42854.0,131.0007,4.3394,131.0007,4.3393,130.9988,4.3347,0.0,0.0008,0.0015,0.1067
42835.0,130.9182,-7.2339,130.9182,-7.2339,130.9183,-7.2336,0.0,-0.0005,0.0001,-0.0042
42425.0,129.7616,-70.3885,129.7614,-70.3885,129.7717,-70.3869,0.0002,-0.0,0.0077,-0.0022
42911.0,131.1706,18.1594,131.1706,18.1594,131.1712,18.1542,0.0,0.0002,0.0005,0.029
42712.0,130.5703,-48.0956,130.5702,-48.0957,130.5667,-48.0992,0.0001,-0.0001,0.0028,-0.0073
42775.0,130.7402,-35.9483,130.7401,-35.9483,130.7375,-35.9433,0.0001,-0.0001,0.0021,-0.0138
42954.0,131.3441,30.6987,131.3442,30.6987,131.3392,30.6978,0.0,0.0001,0.0038,0.003
42917.0,131.187,10.082,131.187,10.0819,131.1875,10.0817,0.0,0.0003,0.0004,0.0028
42726.0,130.6084,-53.1126,130.6083,-53.1126,130.6062,-53.1139,0.0001,-0.0001,0.0017,-0.0024
42828.0,130.8963,-33.1837,130.8962,-33.1837,130.8979,-33.1864,0.0001,-0.0001,0.0012,-0.0082
42931.0,131.251,5.6795,131.251,5.6795,131.2554,5.6806,0.0,0.0006,0.0033,0.0184
43266.0,132.2111,66.7109,132.2112,66.7109,132.2058,66.7081,0.0001,0.0001,0.004,0.0043
42717.0,130.5868,-55.7803,130.5867,-55.7803,130.5871,-55.7742,0.0001,-0.0001,0.0002,-0.011
42951.0,131.3366,-2.6006,131.3366,-2.6006,131.3367,-2.6008,0.0,-0.0013,0.0,-0.0084
42928.0,131.2324,-21.1705,131.2324,-21.1705,131.23,-21.1678,0.0,-0.0002,0.0019,-0.0126
43100.0,131.6674,28.7694,131.6674,28.7694,131.6667,28.7653,0.0,0.0001,0.0005,0.0145
43103.0,131.6696,28.7616,131.6696,28.7616,131.6742,28.76,0.0,0.0001,0.0035,0.0057
42834.0,130.9239,-49.8246,130.9238,-49.8246,130.9179,-49.8228,0.0001,-0.0001,0.0046,-0.0036
42884.0,131.1012,-42.6441,131.1011,-42.6442,131.1,-42.6492,0.0001,-0.0001,0.0009,-0.0118
43026.0,131.5061,-2.0497,131.506,-2.0498,131.5104,-2.0489,0.0,-0.0017,0.0033,-0.0416
42923.0,131.2143,-37.1462,131.2142,-37.1462,131.2162,-37.1472,0.0001,-0.0001,0.0015,-0.0028
43121.0,131.7369,12.115,131.7369,12.115,131.7333,12.11,0.0,0.0003,0.0027,0.0412
43109.0,131.701,6.4208,131.7009,6.4208,131.6942,6.4189,0.0,0.0006,0.0052,0.0304
43002.0,131.4539,-25.3927,131.4538,-25.3927,131.4554,-25.3875,0.0001,-0.0001,0.0011,-0.0204
43067.0,131.5975,-13.5482,131.5975,-13.5482,131.5938,-13.5478,0.0,-0.0003,0.0029,-0.0031
42913.0,131.1786,-54.7092,131.1784,-54.7092,131.1758,-54.7083,0.0001,-0.0001,0.0021,-0.0015
43142.0,131.8115,-1.8975,131.8115,-1.8975,131.8125,-1.8972,0.0,-0.0019,0.0008,-0.0154
43023.0,131.5041,-46.043,131.504,-46.043,131.5071,-46.0417,0.0001,-0.0001,0.0023,-0.0028
43073.0,131.6009,-41.1208,131.6008,-41.1208,131.5992,-41.1256,0.0001,-0.0001,0.0013,-0.0117
42936.0,131.275,-58.7256,131.2748,-58.7256,131.2721,-58.725,0.0001,-0.0001,0.0022,-0.0009
43114.0,131.7035,-34.6191,131.7034,-34.6191,131.705,-34.6228,0.0001,-0.0001,0.0011,-0.0106
42850.0,130.9767,-68.2133,130.9765,-68.2134,130.9762,-68.2117,0.0002,-0.0001,0.0004,-0.0025
43234.0,132.1088,5.8401,132.1088,5.8401,132.1083,5.8378,0.0,0.0006,0.0004,0.0402
43204.0,132.0255,-6.5582,132.0254,-6.5583,132.0204,-6.5586,0.0,-0.0005,0.0038,-0.006
43082.0,131.6277,-45.9102,131.6276,-45.9103,131.6275,-45.9128,0.0001,-0.0001,0.0002,-0.0055
42895.0,131.1186,-65.8264,131.1184,-65.8264,131.125,-65.8256,0.0002,-0.0001,0.0049,-0.0013
43148.0,131.8352,-46.1535,131.8351,-46.1535,131.8288,-46.1556,0.0001,-0.0001,0.0049,-0.0044
43177.0,131.9194,-41.7369,131.9193,-41.737,131.9188,-41.7372,0.0001,-0.0001,0.0005,-0.0007
43105.0,131.6881,-56.7705,131.688,-56.7706,131.6771,-56.7697,0.0001,-0.0001,0.0084,-0.0015
43410.0,132.6412,33.2838,132.6412,33.2838,132.6342,33.2853,0.0,0.0001,0.0053,0.0044
43305.0,132.3376,-3.4449,132.3376,-3.4449,132.3404,-3.4431,0.0,-0.0011,0.0021,-0.0538
43209.0,132.036,-42.4642,132.0359,-42.4643,132.0367,-42.4639,0.0001,-0.0001,0.0005,-0.0008
42637.0,130.3306,-78.9609,130.3301,-78.9609,130.3312,-78.9633,0.0003,-0.0,0.0005,-0.0031
43195.0,131.9963,-52.8495,131.9961,-52.8496,132.0008,-52.8506,0.0001,-0.0001,0.0035,-0.002
43427.0,132.6846,18.829,132.6846,18.829,132.6879,18.8322,0.0,0.0002,0.0025,0.0172
43644.0,133.3455,61.9646,133.3456,61.9645,133.3442,61.9622,0.0001,0.0001,0.001,0.0038
43624.0,133.2766,59.0529,133.2767,59.0529,133.2746,59.0561,0.0001,0.0001,0.0015,0.0054
43338.0,132.4332,-21.0499,132.4331,-21.05,132.4371,-21.0486,0.0,-0.0002,0.0029,-0.0062
43531.0,132.9833,43.7282,132.9834,43.7282,132.9867,43.7267,0.0,0.0001,0.0025,0.0036
43553.0,133.0479,45.3146,133.048,45.3146,133.0483,45.3125,0.0,0.0001,0.0003,0.0047
43454.0,132.7543,15.3462,132.7543,15.3462,132.7562,15.3506,0.0,0.0002,0.0014,0.0281
43352.0,132.4608,-32.78,132.4607,-32.7801,132.4646,-32.7806,0.0001,-0.0001,0.0028,-0.0016
43370.0,132.5092,-29.4661,132.5091,-29.4661,132.5092,-29.4631,0.0001,-0.0001,0.0,-0.0102
43325.0,132.4075,-40.3181,132.4074,-40.3182,132.4133,-40.3206,0.0001,-0.0001,0.0044,-0.006
43394.0,132.5877,-28.6188,132.5876,-28.6188,132.59,-28.6181,0.0001,-0.0001,0.0017,-0.0025
43354.0,132.4708,-39.1439,132.4707,-39.144,132.4683,-39.1417,0.0001,-0.0001,0.0019,-0.0058
43409.0,132.637,-27.7059,132.6369,-27.706,132.6329,-27.71,0.0001,-0.0001,0.0031,-0.0147
43584.0,133.144,32.4772,133.144,32.4772,133.1442,32.4742,0.0,0.0001,0.0001,0.0094
43347.0,132.451,-45.3025,132.4509,-45.3026,132.4488,-45.3081,0.0001,-0.0001,0.0017,-0.0122
43575.0,133.1225,28.2637,133.1225,28.2636,133.1192,28.2592,0.0,0.0001,0.0025,0.0159
43587.0,133.1605,28.3371,133.1605,28.337,133.1492,28.3308,0.0,0.0001,0.0085,0.022
43496.0,132.8905,-7.1785,132.8905,-7.1785,132.8938,-7.1772,0.0,-0.0005,0.0024,-0.0174
42794.0,130.8077,-79.0685,130.8073,-79.0685,130.8017,-79.0697,0.0003,-0.0,0.0046,-0.0016
43392.0,132.5866,-42.0934,132.5865,-42.0935,132.5875,-42.09,0.0001,-0.0001,0.0007,-0.0082
43570.0,133.1018,5.3447,133.1018,5.3446,133.1008,5.34,0.0,0.0007,0.0007,0.0874
43413.0,132.6334,-46.53,132.6333,-46.53,132.6396,-46.5292,0.0001,-0.0001,0.0047,-0.0018
43685.0,133.4802,35.5406,133.4802,35.5405,133.4821,35.5383,0.0,0.0001,0.0014,0.0063
43580.0,133.1274,-13.2305,133.1274,-13.2305,133.1279,-13.2336,0.0,-0.0003,0.0004,-0.0239
43486.0,132.8689,-42.5043,132.8688,-42.5044,132.8662,-42.5044,0.0001,-0.0001,0.002,-0.0003
43903.0,134.1501,64.6086,134.1502,64.6086,134.1562,64.6039,0.0001,0.0001,0.0046,0.0073
43721.0,133.563,30.579,133.563,30.579,133.5612,30.5794,0.0,0.0001,0.0013,0.0013
43573.0,133.102,-32.5094,133.1019,-32.5095,133.1088,-32.5092,0.0001,-0.0001,0.0051,-0.0008
43590.0,133.1595,-36.5432,133.1594,-36.5432,133.1608,-36.5456,0.0001,-0.0001,0.001,-0.0064
43603.0,133.1984,-38.7301,133.1984,-38.7301,133.2,-38.7242,0.0001,-0.0001,0.0012,-0.0153
43499.0,132.9075,-57.6356,132.9073,-57.6356,132.9025,-57.6336,0.0001,-0.0001,0.0038,-0.0034
43414.0,132.6381,-66.7985,132.6379,-66.7985,132.645,-66.7931,0.0002,-0.0001,0.0052,-0.0081
43726.0,133.5818,-5.4345,133.5818,-5.4345,133.5746,-5.4344,0.0,-0.0007,0.0054,-0.001
43589.0,133.1625,-48.3604,133.1624,-48.3605,133.1608,-48.3592,0.0001,-0.0001,0.0013,-0.0026
43834.0,133.9175,27.9248,133.9175,27.9248,133.9154,27.9275,0.0,0.0001,0.0016,0.0095
43811.0,133.848,17.2282,133.848,17.2282,133.8454,17.2314,0.0,0.0002,0.002,0.0183
43593.0,133.1705,-52.1278,133.1703,-52.1278,133.17,-52.1292,0.0001,-0.0001,0.0003,-0.0027
43012.0,131.4799,-79.5066,131.4794,-79.5067,131.48,-79.5044,0.0003,-0.0,0.0001,-0.0028
43351.0,132.4509,-72.5491,132.4506,-72.5491,132.4596,-72.5508,0.0002,-0.0001,0.0066,-0.0024
43923.0,134.2059,45.6307,134.2059,45.6306,134.2083,45.6319,0.0,0.0001,0.0018,0.0028
43894.0,134.1315,40.2014,134.1315,40.2013,134.1271,40.2017,0.0,0.0001,0.0033,0.0008
43813.0,133.8486,5.9484,133.8486,5.9484,133.8483,5.9456,0.0,0.0006,0.0002,0.0483
43673.0,133.4636,-40.444,133.4635,-40.444,133.4612,-40.4475,0.0001,-0.0001,0.0017,-0.0087
43620.0,133.2625,-56.6507,133.2623,-56.6507,133.2658,-56.6494,0.0001,-0.0001,0.0025,-0.0022
43851.0,133.9821,11.6227,133.9821,11.6226,133.9817,11.6261,0.0,0.0003,0.0003,0.0296
43671.0,133.4562,-47.5193,133.4561,-47.5194,133.4612,-47.5208,0.0001,-0.0001,0.0038,-0.0031
43822.0,133.872,-7.9698,133.8719,-7.9698,133.8729,-7.9703,0.0,-0.0005,0.0007,-0.0065
,133.872,-7.9698,133.8719,-7.9698,133.8733,-7.9711,0.0,-0.0005,0.001,-0.0169
43798.0,133.8025,-18.2431,133.8024,-18.2431,133.8017,-18.2414,0.0,-0.0002,0.0006,-0.0092
43932.0,134.2346,32.9104,134.2346,32.9104,134.2358,32.9103,0.0,0.0001,0.0009,0.0004
43825.0,133.8844,-27.6787,133.8843,-27.6788,133.8812,-27.6819,0.0001,-0.0001,0.0023,-0.0116
43902.0,134.1517,4.2388,134.1516,4.2388,134.1538,4.2367,0.0,0.0009,0.0015,0.0502
43957.0,134.2865,17.1469,134.2864,17.1468,134.2842,17.1439,0.0,0.0002,0.0017,0.0173
43853.0,133.9815,-23.8193,133.9815,-23.8193,133.9829,-23.8183,0.0,-0.0002,0.001,-0.004
43669.0,133.4485,-60.3536,133.4483,-60.3537,133.4529,-60.3542,0.0001,-0.0001,0.0033,-0.0009
43970.0,134.3134,15.3269,134.3134,15.3269,134.3121,15.3228,0.0,0.0003,0.001,0.0272
43807.0,133.8242,-45.0432,133.8241,-45.0432,133.8304,-45.0417,0.0001,-0.0001,0.0046,-0.0033
44031.0,134.4893,30.2302,134.4893,30.2302,134.4946,30.2336,0.0,0.0001,0.0039,0.0113
43899.0,134.1424,-16.7109,134.1423,-16.711,134.1421,-16.7094,0.0,-0.0002,0.0002,-0.0088
44001.0,134.3944,15.5819,134.3944,15.5819,134.3967,15.5814,0.0,0.0003,0.0017,0.0036
44064.0,134.6168,35.8033,134.6169,35.8033,134.6146,35.8025,0.0,0.0001,0.0017,0.0023
44010.0,134.4252,9.3926,134.4252,9.3925,134.425,9.3878,0.0,0.0004,0.0002,0.0512
43763.0,133.7312,-58.2362,133.7311,-58.2362,133.725,-58.24,0.0001,-0.0001,0.0047,-0.0065
44127.0,134.8078,48.0434,134.8078,48.0434,134.8017,48.0417,0.0,0.0001,0.0045,0.0037
43797.0,133.8012,-54.9595,133.8011,-54.9595,133.7996,-54.9656,0.0001,-0.0001,0.0012,-0.0111
43783.0,133.7697,-60.6438,133.7696,-60.6439,133.7617,-60.6447,0.0001,-0.0001,0.006,-0.0015
44066.0,134.6245,11.8589,134.6245,11.8588,134.6217,11.8578,0.0,0.0003,0.0021,0.0093
44042.0,134.5357,1.5431,134.5357,1.543,134.5342,1.5417,0.0,0.0025,0.0011,0.0912
43878.0,134.08,-52.7292,134.0798,-52.7293,134.0808,-52.7236,0.0001,-0.0001,0.0006,-0.0106
44154.0,134.8901,32.4212,134.8901,32.4212,134.8858,32.4186,0.0,0.0001,0.0032,0.008
44390.0,135.6312,67.6299,135.6314,67.6298,135.6362,67.6297,0.0001,0.0001,0.0037,0.0002
44126.0,134.7965,18.1358,134.7965,18.1357,134.795,18.1347,0.0,0.0002,0.0011,0.0057
44075.0,134.6812,-16.1335,134.6812,-16.1335,134.6829,-16.1328,0.0,-0.0002,0.0012,-0.0042
45421.0,138.8451,84.1833,138.8458,84.1832,138.8383,84.1811,0.0005,0.0001,0.0049,0.0025
43937.0,134.2458,-59.234,134.2456,-59.234,134.2433,-59.2294,0.0001,-0.0001,0.0018,-0.0076
44024.0,134.4832,-48.5754,134.4831,-48.5754,134.4825,-48.5733,0.0001,-0.0001,0.0005,-0.0042
44162.0,134.9141,-19.2066,134.914,-19.2066,134.9162,-19.2081,0.0,-0.0002,0.0016,-0.0077
44130.0,134.8163,-28.8071,134.8162,-28.8071,134.8154,-28.8061,0.0001,-0.0001,0.0006,-0.0034
44331.0,135.4259,39.7175,135.426,39.7174,135.4192,39.7133,0.0,0.0001,0.005,0.0104
44307.0,135.3463,32.248,135.3463,32.248,135.3504,32.2525,0.0,0.0001,0.003,0.0139
44093.0,134.726,-47.2333,134.7259,-47.2334,134.7179,-47.2347,0.0001,-0.0001,0.006,-0.003
44342.0,135.4605,27.903,135.4605,27.9029,135.4538,27.9028,0.0,0.0001,0.005,0.0006
44315.0,135.385,5.6384,135.385,5.6384,135.3808,5.6408,0.0,0.0007,0.0031,0.0429
44504.0,135.994,54.2831,135.9941,54.283,136.0017,54.2839,0.0001,0.0001,0.0056,0.0015
44471.0,135.9015,47.1549,135.9015,47.1548,135.9062,47.1567,0.0,0.0001,0.0035,0.0038
44405.0,135.6869,24.4571,135.6869,24.4571,135.6846,24.4528,0.0,0.0002,0.0017,0.0177
44290.0,135.3006,-26.6603,135.3005,-26.6604,135.2975,-26.6639,0.0001,-0.0002,0.0023,-0.0133
44143.0,134.8505,-59.0901,134.8504,-59.0901,134.8504,-59.0836,0.0001,-0.0001,0.0001,-0.0109
44406.0,135.6826,7.2959,135.6826,7.2959,135.6867,7.2981,0.0,0.0006,0.003,0.0293
44299.0,135.3408,-41.8634,135.3407,-41.8635,135.3367,-41.8644,0.0001,-0.0001,0.0031,-0.0024
44512.0,136.0431,27.8985,136.0431,27.8985,136.0413,27.8983,0.0,0.0001,0.0014,0.0006
44367.0,135.5283,-39.4025,135.5282,-39.4025,135.5267,-39.4025,0.0001,-0.0001,0.0012,-0.0
44613.0,136.3544,48.5315,136.3544,48.5315,136.3504,48.5303,0.0,0.0001,0.0029,0.0025
44337.0,135.4375,-52.1879,135.4373,-52.1879,135.4358,-52.1883,0.0001,-0.0001,0.0012,-0.0009
44574.0,136.2329,32.3752,136.2329,32.3751,136.23,32.3769,0.0,0.0001,0.0021,0.0055
44431.0,135.7824,-25.5056,135.7823,-25.5057,135.7867,-25.5044,0.0,-0.0002,0.0031,-0.0047
44717.0,136.6734,59.344,136.6735,59.344,136.6796,59.3444,0.0001,0.0001,0.0045,0.0007
44857.0,137.1115,66.8753,137.1116,66.8752,137.0983,66.8733,0.0001,0.0001,0.0096,0.0029
44283.0,135.276,-68.687,135.2758,-68.6871,135.2854,-68.6839,0.0002,-0.0001,0.0069,-0.0046
44423.0,135.7714,-53.5518,135.7713,-53.5519,135.7717,-53.5497,0.0001,-0.0001,0.0002,-0.0039
44700.0,136.6388,38.4531,136.6388,38.453,136.6325,38.4522,0.0,0.0001,0.0046,0.0022
44659.0,136.4988,5.0922,136.4988,5.0922,136.4933,5.0922,0.0,0.0008,0.004,0.0003
44511.0,136.0412,-47.0987,136.0411,-47.0987,136.0388,-47.0978,0.0001,-0.0001,0.0018,-0.002
44382.0,135.6183,-66.3909,135.6181,-66.391,135.6117,-66.3961,0.0001,-0.0001,0.0049,-0.0078
45038.0,137.5951,67.1396,137.5952,67.1396,137.5967,67.1347,0.0001,0.0001,0.0012,0.0073
44768.0,136.8601,22.9814,136.8601,22.9814,136.8621,22.9811,0.0,0.0002,0.0015,0.0013
44738.0,136.7484,1.4586,136.7483,1.4586,136.7496,1.4628,0.0,0.0029,0.0009,0.2841
44901.0,137.2248,51.6041,137.2249,51.6041,137.2179,51.6047,0.0,0.0001,0.005,0.0012
44825.0,137.0172,32.5426,137.0172,32.5425,137.0171,32.5406,0.0,0.0001,0.0001,0.0062
44818.0,137.0052,29.6588,137.0053,29.6587,137.0004,29.6542,0.0,0.0001,0.0035,0.0155
44565.0,136.1944,-57.8539,136.1942,-57.854,136.2,-57.8525,0.0001,-0.0001,0.0041,-0.0025
44798.0,136.9366,10.664,136.9365,10.664,136.9367,10.6681,0.0,0.0004,0.0001,0.0376
45075.0,137.7191,63.5118,137.7192,63.5118,137.7296,63.5136,0.0001,0.0001,0.0076,0.0028
44897.0,137.2191,33.8817,137.2191,33.8817,137.2129,33.8822,0.0,0.0001,0.0045,0.0015
44892.0,137.1968,26.6349,137.1968,26.6349,137.1971,26.6292,0.0,0.0002,0.0002,0.0216
44946.0,137.3352,22.0445,137.3352,22.0445,137.3396,22.0456,0.0,0.0002,0.0032,0.0046
44824.0,137.0082,-25.8558,137.0081,-25.8558,137.0121,-25.8583,0.0,-0.0002,0.0028,-0.0098
44708.0,136.6411,-55.7989,136.6409,-55.799,136.6417,-55.8033,0.0001,-0.0001,0.0004,-0.0079
44883.0,137.1731,-8.588,137.1731,-8.5881,137.1758,-8.5894,0.0,-0.0005,0.002,-0.0167
44753.0,136.8168,-51.2087,136.8167,-51.2087,136.8113,-51.2119,0.0001,-0.0001,0.0041,-0.0064
44665.0,136.5292,-64.5046,136.529,-64.5046,136.5317,-64.4997,0.0001,-0.0001,0.0018,-0.0075
45306.0,138.5187,71.6586,138.5189,71.6586,138.5133,71.6558,0.0001,0.0001,0.0039,0.0039
44816.0,137.0026,-43.437,137.0025,-43.437,136.9992,-43.4325,0.0001,-0.0001,0.0025,-0.0103
44984.0,137.4448,11.5696,137.4447,11.5696,137.4433,11.5644,0.0,0.0004,0.001,0.0445
44936.0,137.2986,-12.3539,137.2986,-12.354,137.2979,-12.3578,0.0,-0.0003,0.0005,-0.0311
44887.0,137.1871,-26.765,137.187,-26.765,137.1812,-26.7678,0.0001,-0.0002,0.0042,-0.0104
44923.0,137.2651,-18.3295,137.265,-18.3296,137.2679,-18.3286,0.0,-0.0002,0.0021,-0.005
45058.0,137.6622,30.96,137.6622,30.96,137.6612,30.9631,0.0,0.0001,0.0007,0.0098
45033.0,137.5888,21.9984,137.5888,21.9983,137.5871,21.9964,0.0,0.0002,0.0012,0.0089
44961.0,137.393,-8.788,137.3929,-8.788,137.3979,-8.7878,0.0,-0.0005,0.0036,-0.002
44626.0,136.4077,-70.5382,136.4074,-70.5382,136.4096,-70.5389,0.0002,-0.0001,0.0014,-0.001
44599.0,136.2978,-72.6063,136.2976,-72.6063,136.2867,-72.6028,0.0002,-0.0001,0.0082,-0.0048
45001.0,137.4881,-30.3648,137.488,-30.3648,137.485,-30.3653,0.0001,-0.0001,0.0023,-0.0017
45461.0,138.9734,72.9478,138.9736,72.9477,138.9692,72.9461,0.0001,0.0001,0.003,0.0023
45037.0,137.5943,-23.1783,137.5942,-23.1784,137.5958,-23.1767,0.0,-0.0002,0.0011,-0.0072
44979.0,137.4327,-49.4207,137.4326,-49.4208,137.4379,-49.4247,0.0001,-0.0001,0.0038,-0.0081
45333.0,138.5931,61.4255,138.5932,61.4254,138.5858,61.4233,0.0001,0.0001,0.0052,0.0035
45150.0,137.9866,5.4728,137.9866,5.4727,137.9817,5.4683,0.0,0.0008,0.0036,0.0808
45170.0,138.0782,14.9908,138.0782,14.9908,138.0733,14.9961,0.0,0.0003,0.0035,0.0353
45167.0,138.0577,3.8684,138.0576,3.8683,138.0537,3.8672,0.0,0.0011,0.0028,0.0301
45290.0,138.4535,43.2189,138.4535,43.2188,138.4508,43.2178,0.0,0.0001,0.0019,0.0025
45158.0,137.9988,-19.7488,137.9988,-19.7488,137.9946,-19.7478,0.0,-0.0002,0.0031,-0.0051
45085.0,137.7624,-44.8654,137.7623,-44.8654,137.7683,-44.8681,0.0001,-0.0001,0.0043,-0.006
45184.0,138.1074,-7.1126,138.1074,-7.1127,138.1083,-7.1097,0.0,-0.0006,0.0007,-0.0409
45127.0,137.9222,-39.2599,137.9221,-39.2599,137.9208,-39.2589,0.0001,-0.0001,0.001,-0.0026
45122.0,137.8946,-46.5871,137.8945,-46.5872,137.8883,-46.5839,0.0001,-0.0001,0.0046,-0.0069
45080.0,137.7451,-58.9646,137.745,-58.9646,137.7417,-58.9669,0.0001,-0.0001,0.0025,-0.004
45455.0,138.9597,56.743,138.9598,56.743,138.9579,56.7414,0.0001,0.0001,0.0013,0.0029
45189.0,138.1344,-43.6151,138.1343,-43.6152,138.1275,-43.6136,0.0001,-0.0001,0.005,-0.0035
45493.0,139.0401,54.025,139.0401,54.0249,139.0471,54.0219,0.0,0.0001,0.005,0.0056
45101.0,137.8185,-62.3227,137.8183,-62.3227,137.8192,-62.3172,0.0001,-0.0001,0.0005,-0.0088
45412.0,138.8151,34.6326,138.8151,34.6325,138.8096,34.6336,0.0,0.0001,0.004,0.0031
45336.0,138.5907,2.3162,138.5906,2.3162,138.5912,2.3142,0.0,0.0019,0.0004,0.0887
45259.0,138.3618,-38.6149,138.3617,-38.6149,138.3579,-38.6164,0.0001,-0.0001,0.0028,-0.004
45242.0,138.3247,-42.2765,138.3246,-42.2765,138.3275,-42.2736,0.0001,-0.0001,0.002,-0.0068
45410.0,138.8088,14.9399,138.8088,14.9399,138.8075,14.9414,0.0,0.0003,0.0009,0.0098
45270.0,138.3923,-47.3393,138.3922,-47.3393,138.3938,-47.3386,0.0001,-0.0001,0.001,-0.0014
45314.0,138.5258,-44.1456,138.5257,-44.1456,138.5342,-44.1458,0.0001,-0.0001,0.006,-0.0006
45219.0,138.2305,-59.41,138.2303,-59.4101,138.2317,-59.4144,0.0001,-0.0001,0.0009,-0.0075
45344.0,138.5969,-43.2281,138.5968,-43.2282,138.6021,-43.2275,0.0001,-0.0001,0.0038,-0.0014
45424.0,138.8585,-15.0233,138.8585,-15.0233,138.8538,-15.0247,0.0,-0.0003,0.0034,-0.0096
45590.0,139.3767,46.8195,139.3767,46.8194,139.38,46.8172,0.0,0.0001,0.0024,0.0048
45386.0,138.7384,-37.6014,138.7383,-37.6014,138.7383,-37.6025,0.0001,-0.0001,0.0001,-0.003
43908.0,134.2348,-85.6598,134.2338,-85.6598,134.1713,-85.6631,0.0008,-0.0,0.0474,-0.0038
45328.0,138.5749,-55.564,138.5748,-55.5641,138.575,-55.5697,0.0001,-0.0001,0.0,-0.0102
45413.0,138.8096,-45.5566,138.8095,-45.5566,138.8108,-45.5556,0.0001,-0.0001,0.0009,-0.0022
45527.0,139.1688,-6.3517,139.1687,-6.3517,139.1738,-6.3531,0.0,-0.0007,0.0036,-0.0221
45439.0,138.9047,-38.5693,138.9047,-38.5694,138.9029,-38.57,0.0001,-0.0001,0.0013,-0.0017
45526.0,139.1778,-8.7453,139.1778,-8.7453,139.1721,-8.7447,0.0,-0.0005,0.0041,-0.0066
45448.0,138.9327,-37.415,138.9326,-37.4151,138.9379,-37.4133,0.0001,-0.0001,0.0038,-0.0045
45238.0,138.2973,-69.7201,138.2971,-69.7201,138.3,-69.7172,0.0002,-0.0001,0.002,-0.0041
45661.0,139.6101,35.3629,139.6101,35.3629,139.6083,35.3642,0.0,0.0001,0.0013,0.0036
45559.0,139.2834,-14.5764,139.2833,-14.5764,139.2812,-14.5736,0.0,-0.0003,0.0015,-0.019
45481.0,139.0183,-44.9019,139.0182,-44.9019,139.0175,-44.8986,0.0001,-0.0001,0.0006,-0.0073
45614.0,139.4671,11.4989,139.467,11.4989,139.4642,11.5011,0.0,0.0004,0.0021,0.0192
45688.0,139.7096,36.8027,139.7096,36.8027,139.7112,36.8025,0.0,0.0001,0.0012,0.0007
45418.0,138.8174,-58.3894,138.8172,-58.3894,138.8229,-58.3886,0.0001,-0.0001,0.004,-0.0013
45505.0,139.094,-44.2668,139.0938,-44.2668,139.0962,-44.2658,0.0001,-0.0001,0.0017,-0.0021
45437.0,138.8997,-57.5794,138.8995,-57.5794,138.8958,-57.5781,0.0001,-0.0001,0.0028,-0.0023
45544.0,139.2382,-39.4059,139.2381,-39.4059,139.2383,-39.4014,0.0001,-0.0001,0.0001,-0.0113
45166.0,138.0389,-76.6628,138.0386,-76.6628,138.0512,-76.6631,0.0002,-0.0001,0.0089,-0.0004
45496.0,139.0594,-57.5388,139.0592,-57.5388,139.0508,-57.5414,0.0001,-0.0001,0.0061,-0.0046
45836.0,140.1916,51.2654,140.1917,51.2654,140.1825,51.2661,0.0,0.0001,0.0065,0.0013
45915.0,140.43,56.6974,140.4301,56.6973,140.4304,56.6992,0.0001,0.0001,0.0003,0.0032
45556.0,139.2754,-59.275,139.2753,-59.275,139.2725,-59.2753,0.0001,-0.0001,0.0021,-0.0005
45603.0,139.4267,-54.4993,139.4266,-54.4993,139.4262,-54.4953,0.0001,-0.0001,0.0004,-0.0073
45858.0,140.2422,38.1895,140.2422,38.1894,140.2471,38.1883,0.0,0.0001,0.0035,0.003
45744.0,139.8949,-11.3138,139.8949,-11.3139,139.8904,-11.3142,0.0,-0.0004,0.0032,-0.0028
45631.0,139.5174,-51.0506,139.5173,-51.0507,139.5242,-51.0511,0.0001,-0.0001,0.0049,-0.0009
45743.0,139.8869,-15.8323,139.8868,-15.8323,139.8883,-15.8344,0.0,-0.0003,0.001,-0.0138
45860.0,140.2734,34.39,140.2735,34.39,140.2637,34.3925,0.0,0.0001,0.0069,0.0072
45751.0,139.9428,-11.9749,139.9428,-11.9749,139.9433,-11.975,0.0,-0.0004,0.0004,-0.0011
45896.0,140.366,32.9034,140.3661,32.9034,140.3633,32.9019,0.0,0.0001,0.0019,0.0044
45675.0,139.6683,-51.5605,139.6682,-51.5606,139.6758,-51.5606,0.0001,-0.0001,0.0054,-0.0
45811.0,140.1199,-9.5514,140.1199,-9.5515,140.1208,-9.5558,0.0,-0.0005,0.0006,-0.0461
45754.0,139.9461,-34.1007,139.946,-34.1008,139.9496,-34.1033,0.0001,-0.0001,0.0025,-0.0076
45874.0,140.3188,15.3699,140.3188,15.3699,140.3142,15.3711,0.0,0.0003,0.0033,0.0076
45571.0,139.3155,-68.6878,139.3153,-68.6878,139.3217,-68.6894,0.0002,-0.0001,0.0044,-0.0024
45615.0,139.4624,-67.0552,139.4622,-67.0553,139.4654,-67.0508,0.0001,-0.0001,0.0022,-0.0066
45854.0,140.2298,-15.6195,140.2298,-15.6196,140.2313,-15.6178,0.0,-0.0003,0.001,-0.0113
45837.0,140.1853,-31.7598,140.1852,-31.7598,140.1842,-31.7606,0.0001,-0.0001,0.0008,-0.0025
45814.0,140.1247,-37.5771,140.1246,-37.5771,140.1233,-37.5814,0.0001,-0.0001,0.001,-0.0115
45742.0,139.8919,-55.1869,139.8917,-55.1869,139.8858,-55.1867,0.0001,-0.0001,0.0043,-0.0003
45902.0,140.3795,-25.964,140.3794,-25.9641,140.3733,-25.9656,0.0,-0.0002,0.0044,-0.0059
46410.0,141.946,75.0974,141.9462,75.0973,141.965,75.0983,0.0002,0.0001,0.0134,0.0013
45581.0,139.3794,-74.894,139.3791,-74.8941,139.3558,-74.8944,0.0002,-0.0001,0.0169,-0.0006
45585.0,139.3529,-74.7349,139.3526,-74.7349,139.3642,-74.7347,0.0002,-0.0001,0.0081,-0.0002
46247.0,141.437,63.9423,141.4371,63.9423,141.4342,63.9408,0.0001,0.0001,0.002,0.0024
46058.0,140.881,25.1857,140.881,25.1857,140.8825,25.1831,0.0,0.0002,0.0011,0.0106
45999.0,140.7156,-9.8406,140.7155,-9.8407,140.7121,-9.8389,0.0,-0.0005,0.0025,-0.0178
46168.0,141.2246,51.5738,141.2246,51.5737,141.2321,51.5739,0.0,0.0001,0.0053,0.0002
45924.0,140.4623,-42.1987,140.4622,-42.1988,140.4621,-42.195,0.0001,-0.0001,0.0001,-0.0088
46125.0,141.0998,36.5851,141.0999,36.5851,141.0938,36.5869,0.0,0.0001,0.0043,0.0049
45856.0,140.2369,-62.4051,140.2367,-62.4051,140.2367,-62.4047,0.0001,-0.0001,0.0002,-0.0006
45980.0,140.6477,-39.7738,140.6476,-39.7739,140.6529,-39.7747,0.0001,-0.0001,0.0037,-0.0022
45962.0,140.6081,-46.0469,140.608,-46.0469,140.6,-46.0475,0.0001,-0.0001,0.0058,-0.0014
46146.0,141.1676,26.1847,141.1676,26.1847,141.1638,26.1822,0.0,0.0002,0.0028,0.0096
45920.0,140.4607,-55.5124,140.4606,-55.5125,140.4583,-55.515,0.0001,-0.0001,0.0017,-0.0046
46026.0,140.8033,-28.8334,140.8033,-28.8335,140.8012,-28.8339,0.0001,-0.0002,0.0015,-0.0016
46075.0,140.9386,-37.7612,140.9385,-37.7613,140.9367,-37.7572,0.0001,-0.0001,0.0014,-0.0105
46232.0,141.3858,16.5851,141.3858,16.585,141.3854,16.5856,0.0,0.0003,0.0003,0.0029
46114.0,141.0703,-39.4206,141.0702,-39.4206,141.0679,-39.4258,0.0001,-0.0001,0.0017,-0.0134
46221.0,141.3465,-5.1172,141.3464,-5.1172,141.35,-5.1175,0.0,-0.0009,0.0025,-0.0058
46093.0,141.0017,-51.7365,141.0016,-51.7365,140.9979,-51.7372,0.0001,-0.0001,0.0027,-0.0015
46049.0,140.8568,-60.3015,140.8567,-60.3016,140.8642,-60.3025,0.0001,-0.0001,0.0052,-0.0016
46288.0,141.5949,-1.4612,141.5949,-1.4613,141.5929,-1.4639,0.0,-0.0033,0.0014,-0.1809
46101.0,141.0199,-61.6528,141.0197,-61.6528,141.0238,-61.6489,0.0001,-0.0001,0.0028,-0.0063
46471.0,142.1604,45.6067,142.1605,45.6066,142.1667,45.6014,0.0,0.0001,0.0044,0.0116
46365.0,141.8107,-9.226,141.8106,-9.2261,141.8108,-9.2236,0.0,-0.0005,0.0001,-0.0261
46329.0,141.6856,-28.7888,141.6855,-28.7889,141.6867,-28.7875,0.0,-0.0002,0.0008,-0.0046
46297.0,141.6238,-40.5003,141.6238,-40.5004,141.6188,-40.5019,0.0001,-0.0001,0.0036,-0.0039
46566.0,142.4539,55.7474,142.454,55.7473,142.4483,55.7456,0.0,0.0001,0.0039,0.0033
46390.0,141.9015,-8.6571,141.9015,-8.6571,141.8967,-8.6586,0.0,-0.0006,0.0034,-0.018
46371.0,141.8273,-22.3449,141.8272,-22.3449,141.8267,-22.3439,0.0,-0.0002,0.0005,-0.0044
46404.0,141.9505,-6.0732,141.9505,-6.0733,141.945,-6.0711,0.0,-0.0008,0.0039,-0.0351
47193.0,144.2621,81.3294,144.2625,81.3294,144.2717,81.3264,0.0003,0.0001,0.0066,0.0037
46225.0,141.3608,-61.9541,141.3607,-61.9541,141.3629,-61.9503,0.0001,-0.0001,0.0015,-0.0061
46283.0,141.5847,-53.379,141.5846,-53.3791,141.5754,-53.3792,0.0001,-0.0001,0.0066,-0.0003
46454.0,142.1185,9.0566,142.1184,9.0566,142.1146,9.0567,0.0,0.0005,0.0027,0.0004
46457.0,142.1244,8.1936,142.1243,8.1935,142.1217,8.1883,0.0,0.0006,0.0019,0.0637
46733.0,142.8751,63.0631,142.8752,63.063,142.8821,63.0619,0.0001,0.0001,0.0049,0.0018
46504.0,142.2667,-1.2576,142.2666,-1.2577,142.2592,-1.2569,0.0,-0.0039,0.0053,-0.0525
46509.0,142.2891,-2.7667,142.2891,-2.7668,142.2871,-2.7689,0.0,-0.0018,0.0014,-0.0773
46529.0,142.3476,-2.2044,142.3476,-2.2044,142.3521,-2.2053,0.0,-0.0022,0.0031,-0.0399
46328.0,141.6937,-64.9313,141.6935,-64.9314,141.6842,-64.9297,0.0001,-0.0001,0.0067,-0.0025
46543.0,142.3838,-4.2431,142.3838,-4.2432,142.385,-4.2472,0.0,-0.0012,0.0008,-0.0971
46511.0,142.3007,-20.7518,142.3006,-20.7518,142.3025,-20.7486,0.0,-0.0002,0.0013,-0.0154
46652.0,142.6862,33.6568,142.6863,33.6568,142.68,33.6556,0.0,0.0001,0.0044,0.0038
46515.0,142.3156,-35.9522,142.3155,-35.9522,142.3112,-35.9514,0.0001,-0.0001,0.003,-0.0022
46517.0,142.3223,-38.4011,142.3222,-38.4011,142.3179,-38.4039,0.0001,-0.0001,0.0031,-0.0074
46569.0,142.4605,-23.3415,142.4604,-23.3416,142.4579,-23.3453,0.0,-0.0002,0.0018,-0.016
47013.0,143.7097,72.2043,143.7099,72.2042,143.7233,72.2056,0.0001,0.0001,0.0095,0.0018
46735.0,142.8884,35.1053,142.8884,35.1053,142.885,35.1031,0.0,0.0001,0.0023,0.0065
46578.0,142.4791,-26.5933,142.479,-26.5934,142.4771,-26.5897,0.0,-0.0002,0.0014,-0.0135
46977.0,143.6177,69.8298,143.6178,69.8298,143.6204,69.8303,0.0001,0.0001,0.0019,0.0007
46618.0,142.5983,-15.5763,142.5983,-15.5764,142.5942,-15.5772,0.0,-0.0003,0.0029,-0.0058
46750.0,142.9253,22.9689,142.9253,22.9689,142.93,22.9681,0.0,0.0002,0.0033,0.0038
47119.0,144.0224,74.3186,144.0226,74.3186,144.0283,74.3178,0.0001,0.0001,0.0042,0.0011
46853.0,143.2335,51.6833,143.2335,51.6832,143.2142,51.6772,0.0,0.0001,0.0135,0.0117
46482.0,142.2071,-62.2714,142.2069,-62.2715,142.1958,-62.2731,0.0001,-0.0001,0.0079,-0.0026
46358.0,141.7787,-71.6084,141.7785,-71.6085,141.7767,-71.6022,0.0002,-0.0001,0.0014,-0.0086
46873.0,143.2768,49.436,143.2769,49.436,143.28,49.4386,0.0,0.0001,0.0022,0.0052
46774.0,142.9932,9.7158,142.9932,9.7157,142.99,9.7158,0.0,0.0005,0.0022,0.0005
46657.0,142.6937,-31.8941,142.6936,-31.8941,142.6892,-31.8914,0.0001,-0.0002,0.0031,-0.0085
,142.6937,-31.8941,142.6936,-31.8941,142.6921,-31.8894,0.0001,-0.0002,0.0011,-0.0146
46771.0,142.9876,11.3016,142.9876,11.3015,142.9863,11.2997,0.0,0.0004,0.0009,0.0164
46460.0,142.14,-66.702,142.1398,-66.7021,142.1275,-66.7019,0.0001,-0.0001,0.0088,-0.0002
46594.0,142.5213,-51.5193,142.5212,-51.5193,142.5217,-51.5172,0.0001,-0.0001,0.0003,-0.004
46744.0,142.9082,-10.5527,142.9082,-10.5528,142.9121,-10.5522,0.0,-0.0005,0.0027,-0.0048
46776.0,142.9916,-1.1835,142.9916,-1.1836,142.9954,-1.185,0.0,-0.0042,0.0027,-0.1246
46768.0,142.9807,-10.3707,142.9806,-10.3708,142.9825,-10.3706,0.0,-0.0005,0.0013,-0.0016
46734.0,142.8825,-31.87,142.8825,-31.87,142.8842,-31.8719,0.0001,-0.0002,0.0011,-0.0061
46736.0,142.8846,-35.7175,142.8845,-35.7175,142.8871,-35.715,0.0001,-0.0001,0.0017,-0.0069
46904.0,143.3726,36.4861,143.3726,36.4861,143.3763,36.4869,0.0,0.0001,0.0025,0.0023
46891.0,143.3257,28.3683,143.3257,28.3682,143.3263,28.3681,0.0,0.0002,0.0004,0.0007
46620.0,142.5973,-58.3611,142.5972,-58.3612,142.5975,-58.3617,0.0001,-0.0001,0.0001,-0.0009
46840.0,143.1749,1.8613,143.1749,1.8613,143.1725,1.8642,0.0,0.0027,0.0017,0.1517
46107.0,141.0894,-80.7892,141.0889,-80.7892,141.0379,-80.7869,0.0003,-0.0001,0.0365,-0.0028
46813.0,143.0899,-19.3984,143.0899,-19.3984,143.085,-19.4003,0.0,-0.0003,0.0034,-0.0099
46963.0,143.5854,46.9052,143.5854,46.9052,143.5817,46.9022,0.0,0.0001,0.0026,0.0064
46810.0,143.0821,-28.6249,143.0821,-28.6249,143.0771,-28.6281,0.0,-0.0002,0.0035,-0.0111
47006.0,143.7063,52.0548,143.7063,52.0547,143.7062,52.0514,0.0,0.0001,0.0,0.0065
46952.0,143.5505,36.3962,143.5505,36.3962,143.5558,36.3975,0.0,0.0001,0.0037,0.0035
46869.0,143.2563,-8.5028,143.2562,-8.5028,143.2588,-8.5053,0.0,-0.0006,0.0017,-0.0296
46859.0,143.2369,-13.5182,143.2369,-13.5182,143.2325,-13.5169,0.0,-0.0004,0.0031,-0.0091
46701.0,142.8047,-57.0368,142.8045,-57.0369,142.8054,-57.0344,0.0001,-0.0001,0.0005,-0.0042
46938.0,143.4992,23.4552,143.4992,23.4551,143.4962,23.4539,0.0,0.0002,0.0021,0.0055
46893.0,143.3319,-7.1873,143.3318,-7.1874,143.3338,-7.19,0.0,-0.0007,0.0013,-0.0371
47260.0,144.4941,73.0782,144.4943,73.0782,144.4842,73.0806,0.0001,0.0001,0.0069,0.0032
46811.0,143.0821,-40.6495,143.082,-40.6495,143.0804,-40.6494,0.0001,-0.0001,0.0011,-0.0001
46880.0,143.3011,-21.1152,143.3011,-21.1152,143.3021,-21.1158,0.0,-0.0002,0.0007,-0.003
47029.0,143.7719,39.6179,143.772,39.6179,143.7658,39.6214,0.0,0.0001,0.0042,0.0087
46897.0,143.3632,-22.8661,143.3632,-22.8661,143.3592,-22.8639,0.0,-0.0002,0.0028,-0.0096
47053.0,143.8522,39.959,143.8522,39.959,143.8433,39.9633,0.0,0.0001,0.0062,0.0107
46874.0,143.2832,-39.1316,143.2831,-39.1316,143.2825,-39.1289,0.0001,-0.0001,0.0005,-0.0068
46737.0,142.8841,-66.7237,142.8839,-66.7237,142.8871,-66.7194,0.0001,-0.0001,0.0021,-0.0064
46982.0,143.6392,-5.9106,143.6391,-5.9107,143.6362,-5.915,0.0,-0.0009,0.002,-0.0742
47080.0,143.9243,35.8145,143.9243,35.8145,143.915,35.8103,0.0,0.0001,0.0064,0.0119
46806.0,143.0656,-62.7883,143.0654,-62.7884,143.0608,-62.7889,0.0001,-0.0001,0.0033,-0.0009
47096.0,143.9684,14.3819,143.9684,14.3819,143.9704,14.3797,0.0,0.0004,0.0014,0.0154
46950.0,143.5377,-51.262,143.5376,-51.262,143.5367,-51.2553,0.0001,-0.0001,0.0007,-0.013
47168.0,144.1813,31.1621,144.1813,31.162,144.1787,31.1617,0.0,0.0002,0.0018,0.0013
46741.0,142.8949,-73.0768,142.8947,-73.0769,142.9013,-73.0808,0.0002,-0.0001,0.0044,-0.0055
47070.0,143.8946,-19.5863,143.8945,-19.5863,143.8904,-19.5836,0.0,-0.0003,0.0029,-0.0137
47039.0,143.8002,-35.8192,143.8001,-35.8192,143.7992,-35.8239,0.0001,-0.0001,0.0007,-0.0131
47401.0,144.8546,67.2714,144.8547,67.2714,144.8662,67.2722,0.0001,0.0001,0.0081,0.0012
46974.0,143.6057,-59.2316,143.6056,-59.2317,143.6112,-59.2294,0.0001,-0.0001,0.0038,-0.0037
47189.0,144.26,16.435,144.26,16.4349,144.2608,16.4378,0.0,0.0003,0.0006,0.0171
47205.0,144.3035,6.8378,144.3035,6.8378,144.3029,6.8358,0.0,0.0007,0.0004,0.0288
47159.0,144.1419,-24.7073,144.1418,-24.7073,144.1404,-24.7028,0.0,-0.0002,0.001,-0.0182
47300.0,144.5886,40.2416,144.5886,40.2416,144.5904,40.2397,0.0,0.0001,0.0013,0.0047
47187.0,144.255,-25.294,144.2549,-25.294,144.2508,-25.2967,0.0,-0.0002,0.0029,-0.0107
47145.0,144.0998,-48.7531,144.0997,-48.7531,144.1054,-48.7514,0.0001,-0.0001,0.0039,-0.0035
47249.0,144.4639,-9.425,144.4639,-9.425,144.4646,-9.4244,0.0,-0.0005,0.0004,-0.0055
47199.0,144.2931,-32.181,144.293,-32.181,144.2913,-32.1786,0.0001,-0.0002,0.0013,-0.0074
47310.0,144.6155,4.6472,144.6155,4.6472,144.6137,4.6492,0.0,0.0011,0.0012,0.0416
47224.0,144.3692,-36.1004,144.3691,-36.1005,144.3679,-36.0958,0.0001,-0.0001,0.0009,-0.0127
47175.0,144.2125,-49.3579,144.2124,-49.3579,144.2067,-49.3553,0.0001,-0.0001,0.0041,-0.0053
47172.0,144.191,-52.9485,144.1909,-52.9485,144.1929,-52.9442,0.0001,-0.0001,0.0013,-0.0081
47594.0,145.5668,69.2348,145.567,69.2347,145.5617,69.2375,0.0001,0.0001,0.0035,0.0039
47654.0,145.7308,72.2573,145.731,72.2573,145.7383,72.2525,0.0001,0.0001,0.0052,0.0066
47204.0,144.3036,-53.6671,144.3034,-53.6671,144.3012,-53.6686,0.0001,-0.0001,0.0016,-0.0028
47115.0,144.0313,-64.9521,144.0311,-64.9521,144.0212,-64.9506,0.0001,-0.0001,0.0069,-0.0024
47267.0,144.5026,-43.1892,144.5025,-43.1893,144.5062,-43.1911,0.0001,-0.0001,0.0025,-0.0043
47884.0,146.3819,78.1311,146.3822,78.1311,146.3783,78.1347,0.0002,0.0001,0.0025,0.0046
47328.0,144.6753,-39.6104,144.6752,-39.6105,144.6696,-39.6142,0.0001,-0.0001,0.0039,-0.0095
47431.0,144.9638,-1.1434,144.9638,-1.1435,144.9642,-1.1428,0.0,-0.0045,0.0002,-0.0551
47427.0,144.9433,-10.5701,144.9433,-10.5701,144.9475,-10.5703,0.0,-0.0005,0.0029,-0.0019
48017.0,146.8185,79.1364,146.8188,79.1364,146.825,79.1367,0.0002,0.0001,0.0044,0.0003
47454.0,145.087,-10.7677,145.0869,-10.7678,145.0838,-10.7692,0.0,-0.0005,0.0022,-0.0133
47452.0,145.0748,-14.3293,145.0748,-14.3294,145.0767,-14.3322,0.0,-0.0004,0.0013,-0.0203
47544.0,145.4018,31.2774,145.4018,31.2773,145.3967,31.2781,0.0,0.0002,0.0035,0.0022
47570.0,145.4967,39.7618,145.4967,39.7617,145.5012,39.7578,0.0,0.0001,0.0031,0.01
47508.0,145.2914,9.8945,145.2914,9.8944,145.2875,9.8922,0.0,0.0005,0.0027,0.0227
47550.0,145.4064,25.9148,145.4064,25.9147,145.4104,25.9128,0.0,0.0002,0.0028,0.0077
47633.0,145.6846,48.433,145.6846,48.4329,145.6796,48.4311,0.0,0.0001,0.0034,0.0039
47664.0,145.7778,54.3651,145.7778,54.3651,145.7792,54.3636,0.0,0.0001,0.001,0.0028
47391.0,144.8406,-61.3254,144.8404,-61.3254,144.8375,-61.3281,0.0001,-0.0001,0.0021,-0.0044
47631.0,145.6795,35.0959,145.6795,35.0958,145.6779,35.0933,0.0,0.0002,0.0011,0.0072
47522.0,145.3246,-23.5943,145.3246,-23.5944,145.3208,-23.5917,0.0,-0.0002,0.0026,-0.0113
47791.0,146.1582,64.9805,146.1583,64.9805,146.1529,64.9839,0.0001,0.0001,0.0036,0.0052
46928.0,143.4731,-80.9357,143.4727,-80.9357,143.4717,-80.9414,0.0003,-0.0001,0.001,-0.007
47701.0,145.89,29.9769,145.89,29.9769,145.8887,29.9744,0.0,0.0002,0.0009,0.0084
47592.0,145.5664,-23.9127,145.5663,-23.9127,145.56,-23.9156,0.0,-0.0002,0.0044,-0.0121
47479.0,145.1777,-57.9776,145.1776,-57.9776,145.1771,-57.9836,0.0001,-0.0001,0.0005,-0.0104
47498.0,145.2624,-57.2595,145.2623,-57.2596,145.2592,-57.2597,0.0001,-0.0001,0.0022,-0.0004
47911.0,146.4789,63.6527,146.479,63.6527,146.4808,63.6533,0.0001,0.0001,0.0013,0.001
47723.0,145.932,14.0214,145.932,14.0214,145.9329,14.0217,0.0,0.0004,0.0006,0.0018
47627.0,145.6729,-35.4962,145.6728,-35.4963,145.6725,-35.5017,0.0001,-0.0001,0.0003,-0.0153
47559.0,145.4443,-55.2122,145.4442,-55.2123,145.4492,-55.2142,0.0001,-0.0001,0.0033,-0.0035
47779.0,146.1266,18.8614,146.1265,18.8613,146.125,18.8636,0.0,0.0003,0.0011,0.0117
47965.0,146.6334,57.129,146.6335,57.1289,146.6321,57.1281,0.0,0.0001,0.0009,0.0016
47758.0,146.0509,-27.7676,146.0509,-27.7676,146.0504,-27.7694,0.0,-0.0002,0.0003,-0.0067
47694.0,145.8658,-51.2303,145.8657,-51.2304,145.8646,-51.2283,0.0001,-0.0001,0.0009,-0.0039
47908.0,146.4693,23.7737,146.4693,23.7737,146.4629,23.7742,0.0,0.0002,0.0043,0.0018
47762.0,146.0681,-39.5767,146.068,-39.5768,146.0658,-39.5711,0.0001,-0.0001,0.0015,-0.0142
47717.0,145.924,-53.8941,145.9239,-53.8942,145.9258,-53.8917,0.0001,-0.0001,0.0012,-0.0046
47943.0,146.5448,6.7124,146.5448,6.7123,146.5417,6.7086,0.0,0.0008,0.0021,0.0557
47959.0,146.6026,11.8104,146.6026,11.8104,146.5971,11.81,0.0,0.0005,0.0038,0.0037
47868.0,146.3371,-30.2014,146.3371,-30.2014,146.3408,-30.2028,0.0,-0.0002,0.0025,-0.0046
47960.0,146.5954,1.785,146.5954,1.7849,146.5983,1.7856,0.0,0.003,0.002,0.0318
48029.0,146.8632,11.5691,146.8632,11.569,146.8579,11.5683,0.0,0.0005,0.0036,0.0065
48113.0,147.1424,46.0222,147.1424,46.0221,147.1475,46.0211,0.0,0.0001,0.0035,0.0024
48036.0,146.8895,11.4294,146.8895,11.4294,146.8896,11.4289,0.0,0.0005,0.0,0.0048
47893.0,146.4178,-57.1907,146.4177,-57.1908,146.4188,-57.1856,0.0001,-0.0001,0.0006,-0.009
47854.0,146.3189,-62.5056,146.3187,-62.5057,146.3117,-62.5078,0.0001,-0.0001,0.0049,-0.0035
48266.0,147.5963,65.5985,147.5964,65.5984,147.5988,65.5933,0.0001,0.0001,0.0017,0.0078
47963.0,146.6316,-44.7561,146.6315,-44.7561,146.6267,-44.755,0.0001,-0.0001,0.0034,-0.0024
47913.0,146.4796,-58.7902,146.4794,-58.7902,146.4808,-58.7942,0.0001,-0.0001,0.0009,-0.0068
48319.0,147.7609,59.0359,147.7609,59.0359,147.7475,59.0386,0.0,0.0001,0.0091,0.0046
48218.0,147.4609,21.1784,147.4609,21.1784,147.4588,21.1794,0.0,0.0003,0.0014,0.0048
48002.0,146.7779,-65.0732,146.7778,-65.0733,146.7754,-65.0719,0.0001,-0.0001,0.0017,-0.0019
,146.7779,-65.0732,146.7778,-65.0733,146.7779,-65.0725,0.0001,-0.0001,0.0,-0.0011
48191.0,147.3673,-37.1905,147.3672,-37.1906,147.3671,-37.1864,0.0001,-0.0001,0.0001,-0.0111
48273.0,147.6249,4.3447,147.6249,4.3447,147.6254,4.3436,0.0,0.0013,0.0004,0.0258
48402.0,148.0291,54.0623,148.0291,54.0623,148.0267,54.0644,0.0,0.0001,0.0016,0.0039
48119.0,147.1735,-56.4156,147.1734,-56.4157,147.1667,-56.4119,0.0001,-0.0001,0.0047,-0.0065
48324.0,147.7633,13.0666,147.7633,13.0666,147.7583,13.0661,0.0,0.0004,0.0034,0.0039
48219.0,147.4605,-36.2663,147.4604,-36.2663,147.4638,-36.2686,0.0001,-0.0002,0.0022,-0.0064
48224.0,147.4933,-45.7339,147.4932,-45.7339,147.4879,-45.7328,0.0001,-0.0001,0.0037,-0.0024
48341.0,147.8099,-4.2467,147.8099,-4.2468,147.8083,-4.2433,0.0,-0.0013,0.0011,-0.0796
48390.0,147.969,24.3941,147.969,24.394,147.9708,24.3953,0.0,0.0002,0.0012,0.005
48351.0,147.8395,-6.1869,147.8395,-6.187,147.84,-6.1817,0.0,-0.0009,0.0003,-0.0851
47956.0,146.574,-76.7763,146.5737,-76.7763,146.5858,-76.7761,0.0002,-0.0001,0.0081,-0.0002
48356.0,147.8632,-14.8462,147.8632,-14.8463,147.8696,-14.8467,0.0,-0.0004,0.0043,-0.0028
48287.0,147.6783,-46.9402,147.6782,-46.9402,147.675,-46.9344,0.0001,-0.0001,0.0023,-0.0122
48414.0,148.0537,2.4522,148.0537,2.4521,148.0508,2.4542,0.0,0.0023,0.0019,0.0819
48396.0,148.0009,-16.5345,148.0009,-16.5346,147.9983,-16.5347,0.0,-0.0003,0.0018,-0.0012
48437.0,148.1299,-8.1077,148.1299,-8.1077,148.1267,-8.105,0.0,-0.0007,0.0022,-0.0328
48348.0,147.8316,-46.1992,147.8315,-46.1992,147.8325,-46.1939,0.0001,-0.0001,0.0006,-0.0115
48638.0,148.7615,61.1196,148.7616,61.1195,148.7642,61.1161,0.0001,0.0001,0.0018,0.0057
48374.0,147.9222,-46.5472,147.9221,-46.5472,147.92,-46.5478,0.0001,-0.0001,0.0015,-0.0013
48339.0,147.7949,-59.429,147.7947,-59.429,147.8004,-59.4258,0.0001,-0.0001,0.0038,-0.0053
48310.0,147.732,-62.7508,147.7319,-62.7509,147.7321,-62.7453,0.0001,-0.0001,0.0,-0.0088
48519.0,148.4285,5.9593,148.4285,5.9592,148.4287,5.9583,0.0,0.0009,0.0002,0.0162
48468.0,148.248,-27.332,148.248,-27.332,148.2417,-27.3322,0.0,-0.0002,0.0043,-0.001
48682.0,148.924,49.822,148.924,49.8219,148.9292,49.82,0.0,0.0001,0.0035,0.0039
48893.0,149.6114,72.8809,149.6116,72.8809,149.595,72.8794,0.0001,0.0001,0.011,0.002
48559.0,148.5494,-25.9329,148.5494,-25.9329,148.5512,-25.9325,0.0,-0.0002,0.0012,-0.0014
48584.0,148.6356,-22.49,148.6355,-22.49,148.6321,-22.4883,0.0,-0.0002,0.0023,-0.0074
48802.0,149.3129,57.4196,149.3129,57.4195,149.3067,57.4183,0.0,0.0001,0.0042,0.0021
48527.0,148.459,-51.1469,148.4589,-51.147,148.4592,-51.1469,0.0001,-0.0001,0.0001,-0.0001
48561.0,148.5711,-45.2787,148.571,-45.2788,148.5733,-45.2839,0.0001,-0.0001,0.0015,-0.0115
48734.0,149.1086,8.9295,149.1086,8.9295,149.1083,8.9331,0.0,0.0006,0.0002,0.0393
48613.0,148.7114,-50.2394,148.7113,-50.2394,148.7138,-50.2439,0.0001,-0.0001,0.0016,-0.009
48833.0,149.4259,41.0584,149.4259,41.0583,149.4212,41.0556,0.0,0.0001,0.0031,0.0069
48861.0,149.4898,45.4172,149.4899,45.4171,149.4871,45.4144,0.0,0.0001,0.0018,0.006
48706.0,149.0209,-40.8204,149.0208,-40.8205,149.0225,-40.8247,0.0001,-0.0001,0.0011,-0.0105
48763.0,149.1996,-26.5475,149.1996,-26.5476,149.1938,-26.5503,0.0,-0.0002,0.004,-0.0104
48748.0,149.1527,-33.4187,149.1527,-33.4188,149.1479,-33.4186,0.0,-0.0002,0.0032,-0.0004
48776.0,149.229,-27.4759,149.2289,-27.476,149.225,-27.475,0.0,-0.0002,0.0027,-0.0034
49688.0,152.1343,83.9182,152.1348,83.9182,152.1429,83.9183,0.0003,0.0001,0.0057,0.0001
48730.0,149.0965,-51.3347,149.0964,-51.3347,149.0912,-51.3361,0.0001,-0.0001,0.0035,-0.0028
48895.0,149.6154,27.7608,149.6154,27.7607,149.6088,27.7589,0.0,0.0002,0.0044,0.0068
48883.0,149.5586,12.4473,149.5586,12.4473,149.5558,12.4447,0.0,0.0005,0.0018,0.021
48876.0,149.5285,8.3108,149.5285,8.3107,149.5317,8.3142,0.0,0.0007,0.0021,0.0404
49005.0,149.9559,56.812,149.9559,56.8119,149.9654,56.8119,0.0,0.0001,0.0064,0.0
48774.0,149.2261,-54.5663,149.226,-54.5663,149.2158,-54.5678,0.0001,-0.0001,0.0069,-0.0027
48799.0,149.2997,-52.6369,149.2996,-52.6369,149.2954,-52.6389,0.0001,-0.0001,0.0029,-0.0039
48982.0,149.9038,29.6475,149.9038,29.6474,149.9008,29.6453,0.0,0.0002,0.002,0.0075
48835.0,149.4265,-48.4184,149.4264,-48.4185,149.4271,-48.4144,0.0001,-0.0001,0.0004,-0.0082
48715.0,149.052,-71.3888,149.0518,-71.3889,149.0404,-71.3894,0.0001,-0.0001,0.0078,-0.0008
48990.0,149.9284,3.382,149.9284,3.3819,149.9296,3.3847,0.0,0.0017,0.0008,0.0818
48943.0,149.7774,-23.949,149.7773,-23.9491,149.7754,-23.9503,0.0,-0.0002,0.0013,-0.0054
48926.0,149.7229,-35.891,149.7228,-35.8911,149.7179,-35.8911,0.0001,-0.0002,0.0033,-0.0002
48806.0,149.3182,-64.4861,149.318,-64.4862,149.3133,-64.4894,0.0001,-0.0001,0.0032,-0.0052
48782.0,149.2495,-69.1011,149.2493,-69.1011,149.2488,-69.1019,0.0001,-0.0001,0.0005,-0.0012
49081.0,150.2603,31.9275,150.2603,31.9274,150.2529,31.9236,0.0,0.0002,0.0049,0.0122
49220.0,150.704,21.9502,150.704,21.9501,150.7037,21.9492,0.0,0.0003,0.0002,0.0047
49363.0,151.1544,53.8931,151.1544,53.8931,151.1512,53.8917,0.0,0.0001,0.0021,0.0027
49137.0,150.4216,-53.3668,150.4215,-53.3668,150.4188,-53.3644,0.0001,-0.0001,0.0019,-0.0044
49222.0,150.7069,-30.5759,150.7068,-30.576,150.7054,-30.5775,0.0,-0.0002,0.001,-0.0052
49160.0,150.4894,-57.3466,150.4893,-57.3467,150.4917,-57.3497,0.0001,-0.0001,0.0015,-0.0055
49408.0,151.2988,52.3691,151.2989,52.369,151.2938,52.3708,0.0,0.0001,0.0034,0.0034
49293.0,150.9224,-9.5718,150.9223,-9.5719,150.9208,-9.5739,0.0,-0.0006,0.001,-0.0217
49329.0,151.0418,3.2029,151.0417,3.2028,151.035,3.2011,0.0,0.0018,0.0045,0.0558
49321.0,151.0124,-18.1033,151.0123,-18.1033,151.0121,-18.1017,0.0,-0.0003,0.0002,-0.0089
49259.0,150.8302,-46.638,150.8301,-46.6381,150.8354,-46.6361,0.0001,-0.0001,0.0034,-0.0042
49339.0,151.0901,-24.2815,151.09,-24.2816,151.0875,-24.2856,0.0,-0.0002,0.0017,-0.0167
49233.0,150.7512,-60.1831,150.7511,-60.1832,150.7496,-60.1786,0.0001,-0.0001,0.0011,-0.0075
49223.0,150.7126,-62.1548,150.7125,-62.1548,150.7058,-62.1564,0.0001,-0.0001,0.0045,-0.0026
49343.0,151.0991,-39.9777,151.099,-39.9777,151.0975,-39.9758,0.0001,-0.0001,0.0011,-0.0046
49445.0,151.4204,15.7546,151.4204,15.7546,151.4204,15.7575,0.0,0.0004,0.0,0.0181
49402.0,151.2842,-13.0607,151.2842,-13.0608,151.2812,-13.0647,0.0,-0.0005,0.002,-0.0304
49281.0,150.9042,-61.8849,150.904,-61.8849,150.8929,-61.8839,0.0001,-0.0001,0.0075,-0.0016
49418.0,151.3118,-36.385,151.3117,-36.3851,151.3133,-36.3839,0.0001,-0.0002,0.001,-0.0031
49530.0,151.6967,5.6139,151.6967,5.6138,151.6975,5.6114,0.0,0.0011,0.0005,0.0449
49593.0,151.8573,35.2457,151.8573,35.2457,151.8575,35.2447,0.0,0.0002,0.0001,0.0029
49583.0,151.8331,16.7627,151.8331,16.7627,151.8333,16.7628,0.0,0.0004,0.0002,0.0002
49485.0,151.5382,-47.3701,151.5382,-47.3702,151.5471,-47.37,0.0001,-0.0001,0.0058,-0.0002
49569.0,151.7881,-17.1388,151.788,-17.1388,151.7896,-17.1417,0.0,-0.0003,0.001,-0.017
49477.0,151.536,-52.1862,151.5359,-52.1863,151.5296,-52.1881,0.0001,-0.0001,0.0042,-0.0035
49658.0,152.0643,31.6036,152.0643,31.6035,152.0662,31.6042,0.0,0.0002,0.0013,0.0019
49637.0,151.9809,9.9971,151.9809,9.9971,151.9762,9.9975,0.0,0.0006,0.0031,0.0037
49669.0,152.099,11.9684,152.099,11.9684,152.0929,11.9672,0.0,0.0005,0.004,0.0101
49645.0,152.0084,-37.34,152.0084,-37.3401,152.0071,-37.3336,0.0001,-0.0002,0.0009,-0.0172
49701.0,152.1953,-10.8829,152.1952,-10.8829,152.1904,-10.8847,0.0,-0.0005,0.0032,-0.0172
49689.0,152.1444,-15.6137,152.1444,-15.6138,152.1479,-15.6117,0.0,-0.0004,0.0023,-0.0131
49870.0,152.7433,40.6614,152.7433,40.6613,152.7454,40.6614,0.0,0.0001,0.0014,0.0
49802.0,152.486,-12.0968,152.486,-12.0969,152.4854,-12.0958,0.0,-0.0005,0.0004,-0.0082
49812.0,152.5292,-8.4115,152.5292,-8.4116,152.5312,-8.4083,0.0,-0.0007,0.0013,-0.0377
49712.0,152.2387,-51.8077,152.2385,-51.8077,152.2346,-51.8111,0.0001,-0.0001,0.0027,-0.0067
49809.0,152.5236,-12.8166,152.5235,-12.8167,152.5246,-12.8161,0.0,-0.0005,0.0007,-0.004
49769.0,152.3948,-35.8579,152.3947,-35.8579,152.3825,-35.8567,0.0,-0.0002,0.0081,-0.0034
49893.0,152.8077,37.4014,152.8077,37.4013,152.8033,37.4019,0.0,0.0002,0.0028,0.0015
49841.0,152.6531,-12.3541,152.6531,-12.3542,152.6471,-12.3542,0.0,-0.0005,0.0039,-0.0006
49698.0,152.1807,-65.82,152.1805,-65.8201,152.1775,-65.8153,0.0001,-0.0001,0.0021,-0.0072
49865.0,152.7316,-8.4181,152.7315,-8.4182,152.7325,-8.4183,0.0,-0.0007,0.0006,-0.0024
49326.0,151.0318,-81.5673,151.0314,-81.5673,151.0317,-81.5658,0.0003,-0.0001,0.0001,-0.0017
49929.0,152.9109,13.3588,152.9109,13.3588,152.9092,13.355,0.0,0.0005,0.0011,0.0288
49751.0,152.3487,-61.5544,152.3486,-61.5545,152.3412,-61.5492,0.0001,-0.0001,0.0049,-0.0086
49844.0,152.6596,-41.7162,152.6595,-41.7162,152.6579,-41.715,0.0001,-0.0001,0.0011,-0.0028
49967.0,153.0154,-28.6092,153.0154,-28.6092,153.0121,-28.6064,0.0,-0.0002,0.0022,-0.0097
50027.0,153.2055,4.6185,153.2055,4.6184,153.2012,4.6147,0.0,0.0013,0.0028,0.081
50013.0,153.1636,-19.1538,153.1636,-19.1538,153.1575,-19.1536,0.0,-0.0003,0.004,-0.0008
50109.0,153.4546,27.133,153.4546,27.1329,153.4575,27.1358,0.0,0.0002,0.0019,0.0104
49926.0,152.9011,-58.8244,152.901,-58.8245,152.8967,-58.8281,0.0001,-0.0001,0.0029,-0.0062
50222.0,153.785,59.9849,153.7851,59.9849,153.7821,59.9856,0.0,0.0001,0.0019,0.001
49934.0,152.942,-58.0593,152.9419,-58.0594,152.9438,-58.0606,0.0001,-0.0001,0.0012,-0.0021
49994.0,153.0965,-52.1671,153.0964,-52.1671,153.0958,-52.1633,0.0001,-0.0001,0.0004,-0.0072
50066.0,153.3306,-27.0347,153.3305,-27.0347,153.3308,-27.0289,0.0,-0.0002,0.0002,-0.0214
50174.0,153.6235,21.1658,153.6235,21.1657,153.6238,21.1678,0.0,0.0003,0.0002,0.0095
50075.0,153.3645,-33.0319,153.3644,-33.032,153.3533,-33.0319,0.0,-0.0002,0.0073,-0.0
50218.0,153.7771,31.4669,153.7771,31.4668,153.7762,31.4681,0.0,0.0002,0.0006,0.0037
50103.0,153.4424,-40.3426,153.4423,-40.3426,153.4412,-40.3458,0.0001,-0.0002,0.0007,-0.0081
50447.0,154.5114,73.074,154.5116,73.074,154.5046,73.0733,0.0001,0.0001,0.0044,0.001
50044.0,153.2465,-59.9202,153.2464,-59.9203,153.2554,-59.9181,0.0001,-0.0001,0.0058,-0.0036
50122.0,153.4908,-40.3075,153.4908,-40.3076,153.4858,-40.3106,0.0001,-0.0002,0.0033,-0.0076
50078.0,153.3602,-51.7566,153.3601,-51.7567,153.3667,-51.7561,0.0001,-0.0001,0.0042,-0.001
50433.0,154.4608,71.0655,154.4609,71.0654,154.4608,71.0606,0.0001,0.0001,0.0,0.0069
50067.0,153.3387,-61.6646,153.3386,-61.6646,153.3383,-61.6589,0.0001,-0.0001,0.0003,-0.0092
50191.0,153.6879,-42.1267,153.6878,-42.1268,153.6842,-42.1219,0.0001,-0.0001,0.0025,-0.0114
50303.0,154.0627,29.3134,154.0627,29.3134,154.06,29.3106,0.0,0.0002,0.0018,0.0098
50083.0,153.3723,-66.3713,153.3721,-66.3714,153.3775,-66.3731,0.0001,-0.0001,0.0034,-0.0027
50448.0,154.5084,65.1138,154.5085,65.1138,154.5083,65.1083,0.0001,0.0001,0.0001,0.0084
50316.0,154.1207,28.6815,154.1207,28.6814,154.1171,28.6825,0.0,0.0002,0.0023,0.0036
50305.0,154.0628,17.738,154.0628,17.7379,154.0671,17.7403,0.0,0.0003,0.0028,0.013
50234.0,153.8422,-36.52,153.8421,-36.52,153.8371,-36.5181,0.0,-0.0002,0.0033,-0.0053
50319.0,154.1324,23.5015,154.1324,23.5014,154.1346,23.5031,0.0,0.0003,0.0014,0.0067
50335.0,154.1677,23.4149,154.1677,23.4148,154.1725,23.4172,0.0,0.0003,0.0031,0.0099
50336.0,154.1798,25.3688,154.1798,25.3688,154.1746,25.3714,0.0,0.0002,0.0034,0.01
50372.0,154.2836,42.9135,154.2836,42.9134,154.2742,42.9144,0.0,0.0001,0.0061,0.0022
50292.0,154.0407,-11.2052,154.0407,-11.2053,154.0379,-11.2033,0.0,-0.0006,0.0018,-0.0168
50333.0,154.1687,13.7307,154.1687,13.7307,154.1696,13.7283,0.0,0.0004,0.0006,0.0175
50241.0,153.8732,-43.1124,153.8731,-43.1124,153.8812,-43.1125,0.0001,-0.0001,0.0052,-0.0003
50099.0,153.4248,-70.036,153.4246,-70.0361,153.4342,-70.0381,0.0001,-0.0001,0.0061,-0.0029
50232.0,153.8175,-54.9704,153.8174,-54.9704,153.8192,-54.9742,0.0001,-0.0001,0.0011,-0.0069
50384.0,154.322,23.1078,154.322,23.1078,154.3108,23.1061,0.0,0.0003,0.0072,0.0075
50340.0,154.1898,-20.6659,154.1898,-20.666,154.19,-20.6706,0.0,-0.0003,0.0001,-0.0225
50459.0,154.5434,27.4166,154.5434,27.4165,154.5429,27.4153,0.0,0.0002,0.0003,0.0046
50414.0,154.4103,-8.0729,154.4103,-8.073,154.4075,-8.0689,0.0,-0.0008,0.0018,-0.0499
50287.0,154.0153,-59.9047,154.0151,-59.9048,154.0129,-59.9033,0.0001,-0.0001,0.0015,-0.0023
50509.0,154.7454,46.7588,154.7454,46.7587,154.7458,46.7608,0.0,0.0001,0.0003,0.0044
50332.0,154.1745,-51.2066,154.1744,-51.2067,154.1675,-51.205,0.0001,-0.0001,0.0045,-0.0032
50546.0,154.8663,48.4003,154.8663,48.4003,154.8617,48.3969,0.0,0.0001,0.003,0.007
50685.0,155.2648,68.7467,155.2649,68.7467,155.2642,68.7475,0.0001,0.0001,0.0004,0.0011
50516.0,154.7523,24.7109,154.7523,24.7108,154.7529,24.7117,0.0,0.0003,0.0004,0.0031
50456.0,154.5326,-28.9978,154.5326,-28.9979,154.5317,-28.9919,0.0,-0.0002,0.0006,-0.0203
50371.0,154.2742,-61.3272,154.2741,-61.3272,154.2708,-61.3322,0.0001,-0.0001,0.0022,-0.0083
50606.0,155.0717,53.7777,155.0717,53.7777,155.0617,53.7792,0.0,0.0001,0.0065,0.0027
50635.0,155.1316,54.2136,155.1316,54.2135,155.13,54.2169,0.0,0.0001,0.001,0.0062
50492.0,154.6613,-36.8031,154.6613,-36.8032,154.6575,-36.8047,0.0,-0.0002,0.0025,-0.0043
50564.0,154.9372,19.4734,154.9372,19.4734,154.9338,19.4708,0.0,0.0003,0.0022,0.0134
50536.0,154.8236,-12.5273,154.8236,-12.5274,154.82,-12.5281,0.0,-0.0005,0.0023,-0.0057
50480.0,154.6224,-41.6719,154.6223,-41.6719,154.6175,-41.6683,0.0001,-0.0001,0.0032,-0.0085
50583.0,154.9905,19.8417,154.9905,19.8416,154.9929,19.8417,0.0,0.0003,0.0016,0.0001
,154.9905,19.8417,154.9905,19.8416,154.9942,19.8406,0.0,0.0003,0.0024,0.0057
50552.0,154.885,-5.1097,154.885,-5.1098,154.8842,-5.1058,0.0,-0.0012,0.0006,-0.0761
50584.0,155.0011,-9.0597,155.0011,-9.0598,154.9975,-9.0589,0.0,-0.0007,0.0023,-0.0092
50493.0,154.6631,-56.1079,154.663,-56.108,154.6567,-56.11,0.0001,-0.0001,0.0042,-0.0037
51384.0,157.4276,84.2484,157.4281,84.2484,157.4229,84.2522,0.0003,0.0001,0.003,0.0045
50555.0,154.9052,-55.0254,154.9051,-55.0254,154.9033,-55.0294,0.0001,-0.0001,0.0012,-0.0074
50684.0,155.2539,2.2893,155.2538,2.2892,155.2583,2.2897,0.0,0.0027,0.0029,0.0185
50520.0,154.7693,-64.6728,154.7692,-64.6729,154.77,-64.6764,0.0001,-0.0001,0.0004,-0.0055
50609.0,155.0655,-47.6998,155.0654,-47.6999,155.0696,-47.6992,0.0001,-0.0001,0.0026,-0.0014
50786.0,155.5393,41.2303,155.5393,41.2303,155.5438,41.2294,0.0,0.0002,0.0029,0.0021
50693.0,155.2805,-17.9852,155.2805,-17.9852,155.2825,-17.985,0.0,-0.0003,0.0013,-0.001
50801.0,155.5824,41.5014,155.5824,41.5013,155.5821,41.4994,0.0,0.0002,0.0002,0.0047
50755.0,155.4604,14.9738,155.4604,14.9737,155.4596,14.9756,0.0,0.0004,0.0005,0.0119
50728.0,155.3649,-23.7122,155.3649,-23.7123,155.3696,-23.7108,0.0,-0.0003,0.003,-0.0058
50933.0,156.0331,65.567,156.0332,65.567,156.0329,65.5664,0.0001,0.0001,0.0001,0.001
50739.0,155.4004,-22.5343,155.4003,-22.5344,155.4,-22.5283,0.0,-0.0003,0.0003,-0.0267
50676.0,155.2335,-56.0412,155.2334,-56.0412,155.2283,-56.0431,0.0001,-0.0001,0.0033,-0.0034
50860.0,155.7822,33.9099,155.7822,33.9099,155.7762,33.9081,0.0,0.0002,0.0038,0.0055
50790.0,155.5544,-19.8651,155.5544,-19.8651,155.5538,-19.8669,0.0,-0.0003,0.0004,-0.0095
50851.0,155.7517,6.544,155.7517,6.544,155.7517,6.5425,0.0,0.001,0.0,0.0234
50904.0,155.9222,29.6144,155.9222,29.6143,155.9242,29.6158,0.0,0.0002,0.0013,0.0048
50870.0,155.8115,5.6952,155.8114,5.6951,155.8108,5.6942,0.0,0.0011,0.0004,0.0176
50935.0,156.0399,33.7211,156.0399,33.721,156.0358,33.7186,0.0,0.0002,0.0026,0.0072
50885.0,155.8648,-4.0756,155.8647,-4.0757,155.8604,-4.0742,0.0,-0.0016,0.0028,-0.0353
50868.0,155.7992,-30.1625,155.7991,-30.1626,155.8046,-30.1622,0.0,-0.0002,0.0035,-0.0009
51502.0,157.8068,82.5553,157.8072,82.5553,157.7692,82.5586,0.0002,0.0001,0.0239,0.004
50939.0,156.0562,2.3728,156.0561,2.3728,156.0546,2.3681,0.0,0.0027,0.001,0.2011
50903.0,155.9299,-41.9517,155.9299,-41.9518,155.9183,-41.9533,0.0001,-0.0002,0.0074,-0.0038
51008.0,156.3149,8.7856,156.3148,8.7855,156.3133,8.7847,0.0,0.0007,0.001,0.01
50847.0,155.7444,-66.9062,155.7442,-66.9063,155.7421,-66.9017,0.0001,-0.0001,0.0015,-0.0068
51056.0,156.4764,33.7991,156.4764,33.799,156.4788,33.7961,0.0,0.0002,0.0015,0.0088
50916.0,155.9515,-57.9534,155.9514,-57.9535,155.9621,-57.9539,0.0001,-0.0001,0.0068,-0.0008
51046.0,156.4352,-7.0641,156.4352,-7.0641,156.4346,-7.0597,0.0,-0.0009,0.0004,-0.0616
51014.0,156.3266,-42.4654,156.3265,-42.4655,156.3217,-42.4681,0.0001,-0.0002,0.0031,-0.0063
51069.0,156.5244,-16.8383,156.5243,-16.8384,156.5225,-16.8364,0.0,-0.0004,0.0012,-0.0116
50993.0,156.246,-58.5708,156.2458,-58.5709,156.2475,-58.5764,0.0001,-0.0001,0.001,-0.0096
51200.0,156.8684,41.5997,156.8684,41.5996,156.8667,41.6008,0.0,0.0002,0.0011,0.0027
51161.0,156.7492,19.3647,156.7491,19.3646,156.7521,19.3644,0.0,0.0003,0.0019,0.0011
51248.0,157.0094,48.8015,157.0095,48.8014,157.0158,48.7847,0.0,0.0001,0.0041,0.0343
51077.0,156.5468,-42.7363,156.5467,-42.7364,156.5396,-42.7389,0.0001,-0.0001,0.0046,-0.006
51233.0,156.9745,36.7104,156.9746,36.7104,156.9708,36.7072,0.0,0.0002,0.0024,0.0088
51213.0,156.9095,9.7641,156.9095,9.764,156.9125,9.7625,0.0,0.0007,0.0019,0.0159
50954.0,156.0913,-74.0319,156.091,-74.032,156.0988,-74.0317,0.0001,-0.0001,0.0048,-0.0003
51290.0,157.1503,45.2111,157.1503,45.211,157.1521,45.2122,0.0,0.0001,0.0011,0.0025
51172.0,156.7928,-31.0671,156.7927,-31.0671,156.7879,-31.0678,0.0,-0.0002,0.0031,-0.0022
50976.0,156.1812,-73.9764,156.181,-73.9765,156.1846,-73.9717,0.0001,-0.0001,0.0021,-0.0064
51401.0,157.4859,65.6249,157.486,65.6248,157.4762,65.6261,0.0001,0.0001,0.0061,0.0019
51140.0,156.7007,-54.8752,156.7006,-54.8753,156.7042,-54.8775,0.0001,-0.0001,0.0022,-0.0041
51448.0,157.6205,64.256,157.6205,64.256,157.6108,64.2575,0.0,0.0001,0.0061,0.0023
51302.0,157.1845,-3.7455,157.1845,-3.7456,157.1833,-3.7425,0.0,-0.0017,0.0007,-0.0804
51192.0,156.8497,-57.639,156.8496,-57.6391,156.8517,-57.6389,0.0001,-0.0001,0.0012,-0.0002
51245.0,157.0069,-49.4097,157.0068,-49.4098,157.0079,-49.4056,0.0001,-0.0001,0.0006,-0.0084
51459.0,157.6539,55.983,157.6539,55.9829,157.6567,55.9806,0.0,0.0001,0.0018,0.0043
51420.0,157.5292,38.9269,157.5292,38.9268,157.5267,38.9253,0.0,0.0002,0.0016,0.0041
51232.0,156.9667,-58.7441,156.9665,-58.7441,156.9696,-58.7394,0.0001,-0.0001,0.0019,-0.0079
51194.0,156.845,-65.7067,156.8449,-65.7068,156.8554,-65.7047,0.0001,-0.0001,0.0066,-0.0031
51362.0,157.3723,-2.7415,157.3722,-2.7415,157.3696,-2.7392,0.0,-0.0024,0.0017,-0.084
51364.0,157.3678,-29.6611,157.3677,-29.6612,157.3708,-29.6636,0.0,-0.0002,0.0019,-0.0083
51376.0,157.3925,-30.6074,157.3924,-30.6075,157.3975,-30.6072,0.0,-0.0002,0.0032,-0.0007
51313.0,157.225,-64.1738,157.2249,-64.1739,157.2192,-64.1722,0.0001,-0.0001,0.0037,-0.0025
51883.0,158.9906,80.4983,158.9909,80.4982,159.0071,80.4944,0.0002,0.0001,0.0104,0.0048
51490.0,157.7416,-7.6378,157.7415,-7.6379,157.7446,-7.6375,0.0,-0.0009,0.0019,-0.0038
51491.0,157.7492,-13.5866,157.7492,-13.5867,157.7492,-13.5883,0.0,-0.0005,0.0,-0.0128
51556.0,157.963,32.3781,157.963,32.378,157.9642,32.3794,0.0,0.0002,0.0008,0.0043
51475.0,157.7163,-26.4816,157.7163,-26.4816,157.7142,-26.4839,0.0,-0.0002,0.0014,-0.0088
51808.0,158.7765,75.7171,158.7767,75.717,158.7729,75.7131,0.0001,0.0001,0.0023,0.0053
51585.0,158.0497,14.1342,158.0496,14.1341,158.0492,14.1372,0.0,0.0005,0.0003,0.0215
51461.0,157.6669,-61.3517,157.6668,-61.3517,157.6633,-61.3561,0.0001,-0.0001,0.0023,-0.0072
51425.0,157.5361,-66.9801,157.536,-66.9801,157.5362,-66.985,0.0001,-0.0001,0.0001,-0.0074
51551.0,157.9549,-28.2319,157.9548,-28.2319,157.9525,-28.2375,0.0,-0.0002,0.0015,-0.02
51697.0,158.4366,53.4993,158.4366,53.4993,158.4317,53.4975,0.0,0.0001,0.0031,0.0034
51658.0,158.3141,40.4246,158.3141,40.4246,158.3079,40.4256,0.0,0.0002,0.0039,0.0023
51624.0,158.2061,9.3066,158.206,9.3065,158.2029,9.3067,0.0,0.0007,0.002,0.0009
51523.0,157.8476,-53.7139,157.8475,-53.714,157.8408,-53.7156,0.0001,-0.0001,0.0043,-0.003
51560.0,157.9857,-45.0686,157.9856,-45.0687,157.9858,-45.0694,0.0001,-0.0001,0.0001,-0.0018
51685.0,158.3795,34.9872,158.3795,34.9872,158.3788,34.9886,0.0,0.0002,0.0005,0.004
51438.0,157.5696,-71.9946,157.5694,-71.9947,157.5838,-71.9931,0.0001,-0.0001,0.009,-0.0022
51610.0,158.1416,-44.6212,158.1415,-44.6212,158.14,-44.6189,0.0001,-0.0001,0.001,-0.0051
51576.0,158.0102,-61.6819,158.0101,-61.6819,158.0058,-61.6853,0.0001,-0.0001,0.0028,-0.0055
51814.0,158.7849,57.0854,158.7849,57.0854,158.7904,57.0828,0.0,0.0001,0.0035,0.0046
51495.0,157.7663,-73.2181,157.7661,-73.2182,157.7583,-73.2217,0.0001,-0.0001,0.005,-0.0049
51623.0,158.2046,-58.6631,158.2045,-58.6631,158.1983,-58.6669,0.0001,-0.0001,0.0039,-0.0066
51718.0,158.5028,-23.744,158.5027,-23.7441,158.5038,-23.7453,0.0,-0.0003,0.0006,-0.0054
51775.0,158.7039,6.9572,158.7039,6.9571,158.7,6.9536,0.0,0.0009,0.0025,0.051
51676.0,158.3585,-58.1888,158.3583,-58.1889,158.3554,-58.1903,0.0001,-0.0001,0.0019,-0.0025
51802.0,158.7612,8.648,158.7611,8.648,158.7592,8.6503,0.0,0.0008,0.0013,0.0258
51795.0,158.7412,-23.1765,158.7412,-23.1765,158.7404,-23.1761,0.0,-0.0003,0.0005,-0.0015
51914.0,159.0826,36.3275,159.0826,36.3274,159.0892,36.3269,0.0,0.0002,0.0042,0.0016
51732.0,158.5463,-60.9864,158.5462,-60.9865,158.5538,-60.9878,0.0001,-0.0001,0.0047,-0.0022
51852.0,158.9115,-18.5642,158.9115,-18.5643,158.9121,-18.5692,0.0,-0.0004,0.0004,-0.0268
51821.0,158.7979,-39.5621,158.7979,-39.5622,158.8038,-39.5628,0.0,-0.0002,0.0037,-0.0017
51816.0,158.7958,-43.6667,158.7957,-43.6668,158.7938,-43.6647,0.0001,-0.0002,0.0013,-0.0046
51905.0,159.0682,-16.346,159.0682,-16.3461,159.0696,-16.3444,0.0,-0.0004,0.0009,-0.0096
51885.0,159.0198,-26.6738,159.0197,-26.6738,159.0192,-26.675,0.0,-0.0002,0.0004,-0.0046
51933.0,159.129,-12.2202,159.1289,-12.2203,159.135,-12.2303,0.0,-0.0005,0.0038,-0.0822
51849.0,158.8941,-57.5565,158.894,-57.5565,158.8971,-57.5578,0.0001,-0.0001,0.0018,-0.0023
51974.0,159.2991,-11.7487,159.2991,-11.7487,159.2983,-11.7486,0.0,-0.0006,0.0005,-0.0004
51557.0,157.9547,-81.9222,157.9543,-81.9222,157.9625,-81.9211,0.0003,-0.0001,0.0049,-0.0013
51979.0,159.3114,-27.4108,159.3114,-27.4109,159.3071,-27.4125,0.0,-0.0002,0.0027,-0.0062
52009.0,159.3884,-13.3895,159.3883,-13.3895,159.3883,-13.3844,0.0,-0.0005,0.0,-0.0375
51912.0,159.0848,-59.5596,159.0847,-59.5597,159.0846,-59.5647,0.0001,-0.0001,0.0002,-0.0086
52136.0,159.7754,53.671,159.7755,53.6709,159.7738,53.6683,0.0,0.0001,0.001,0.0049
52098.0,159.6816,31.9747,159.6816,31.9746,159.68,31.9761,0.0,0.0002,0.001,0.0045
51986.0,159.3228,-48.2225,159.3227,-48.2226,159.3254,-48.2258,0.0001,-0.0001,0.0016,-0.0069
52139.0,159.7824,37.9129,159.7824,37.9128,159.7817,37.91,0.0,0.0002,0.0005,0.0077
51835.0,158.8399,-76.3077,158.8397,-76.3077,158.8533,-76.3092,0.0002,-0.0001,0.0085,-0.002
52085.0,159.6483,-16.8795,159.6483,-16.8796,159.6458,-16.8767,0.0,-0.0004,0.0016,-0.0171
52113.0,159.7089,-12.4483,159.7088,-12.4484,159.71,-12.4436,0.0,-0.0005,0.0007,-0.0378
52043.0,159.5139,-57.2515,159.5138,-57.2515,159.5104,-57.2564,0.0001,-0.0001,0.0022,-0.0086
51839.0,158.8681,-78.6049,158.8678,-78.6049,158.8671,-78.6078,0.0002,-0.0001,0.0006,-0.0037
52112.0,159.7115,-42.7597,159.7115,-42.7598,159.7096,-42.7536,0.0,-0.0002,0.0012,-0.0143
52338.0,160.4539,68.4441,160.454,68.4441,160.4512,68.4433,0.0001,0.0001,0.0017,0.0012
52102.0,159.6841,-59.1807,159.684,-59.1808,159.6879,-59.1831,0.0001,-0.0001,0.0024,-0.004
52353.0,160.4878,65.716,160.4879,65.7159,160.4858,65.7164,0.0,0.0001,0.0012,0.0006
52127.0,159.7415,-58.8194,159.7414,-58.8195,159.7475,-58.8169,0.0001,-0.0001,0.0037,-0.0042
52154.0,159.828,-55.6076,159.8279,-55.6077,159.8267,-55.6033,0.0001,-0.0001,0.0008,-0.0077
52425.0,160.7582,69.0761,160.7583,69.076,160.7671,69.0761,0.0001,0.0001,0.0055,0.0001
52316.0,160.3514,-1.7418,160.3513,-1.7419,160.3508,-1.7417,0.0,-0.0039,0.0003,-0.0072
52273.0,160.2103,-35.7426,160.2102,-35.7427,160.215,-35.7417,0.0,-0.0002,0.0029,-0.0026
52366.0,160.5477,31.6984,160.5477,31.6984,160.5471,31.6969,0.0,0.0002,0.0004,0.0047
52221.0,160.055,-65.099,160.0548,-65.0991,160.0471,-65.1006,0.0001,-0.0001,0.0049,-0.0024
52150.0,159.8355,-74.4933,159.8352,-74.4934,159.8192,-74.4936,0.0001,-0.0001,0.0102,-0.0004
52478.0,160.9349,57.1962,160.935,57.1962,160.9304,57.1992,0.0,0.0001,0.0028,0.0051
52308.0,160.3135,-59.677,160.3134,-59.6771,160.3233,-59.6769,0.0001,-0.0001,0.0062,-0.0001
52422.0,160.7633,26.3267,160.7633,26.3266,160.7575,26.3256,0.0,0.0003,0.0036,0.0042
52391.0,160.631,-13.9748,160.6309,-13.9748,160.6304,-13.975,0.0,-0.0005,0.0003,-0.0016
52469.0,160.8873,46.2078,160.8873,46.2077,160.8871,46.2039,0.0,0.0001,0.0001,0.0084
52457.0,160.8513,23.1877,160.8513,23.1876,160.8542,23.1883,0.0,0.0003,0.0018,0.0029
52452.0,160.8378,4.7479,160.8378,4.7479,160.8371,4.7478,0.0,0.0014,0.0004,0.0033
52407.0,160.6789,-32.7132,160.6789,-32.7133,160.68,-32.7158,0.0,-0.0002,0.0007,-0.0081
52577.0,161.26,67.4141,161.2601,67.414,161.2667,67.4114,0.0001,0.0001,0.0041,0.004
52370.0,160.5542,-64.4629,160.554,-64.4629,160.5583,-64.4664,0.0001,-0.0001,0.0026,-0.0055
52513.0,161.0614,19.7586,161.0614,19.7586,161.0604,19.7586,0.0,0.0003,0.0006,0.0001
52405.0,160.669,-59.2176,160.6689,-59.2177,160.6692,-59.2158,0.0001,-0.0001,0.0001,-0.003
52419.0,160.7457,-64.3939,160.7455,-64.394,160.7392,-64.3944,0.0001,-0.0001,0.004,-0.0008
52584.0,161.2894,2.4902,161.2894,2.4902,161.2892,2.4881,0.0,0.0027,0.0002,0.0875
52685.0,161.5888,57.3685,161.5889,57.3685,161.5938,57.3658,0.0,0.0001,0.003,0.0047
52638.0,161.4677,30.6817,161.4677,30.6816,161.4662,30.6822,0.0,0.0002,0.0009,0.0017
52487.0,160.9517,-64.2489,160.9515,-64.249,160.9633,-64.2489,0.0001,-0.0001,0.0073,-0.0
52502.0,161.0217,-63.9591,161.0216,-63.9592,161.0287,-63.9611,0.0001,-0.0001,0.0044,-0.0032
52660.0,161.5262,6.3775,161.5262,6.3774,161.5238,6.3731,0.0,0.0011,0.0015,0.0698
52686.0,161.5977,18.8899,161.5977,18.8899,161.6021,18.8914,0.0,0.0004,0.0027,0.0077
52689.0,161.6064,14.1972,161.6064,14.1971,161.6054,14.1947,0.0,0.0005,0.0006,0.0171
,161.2701,-59.6863,161.2699,-59.6864,161.265,-59.6842,0.0001,-0.0001,0.0031,-0.0036
52520.0,161.0869,-70.8633,161.0868,-70.8634,161.0808,-70.86,0.0001,-0.0001,0.0038,-0.0047
52537.0,161.1423,-70.8504,161.1422,-70.8505,161.1337,-70.855,0.0001,-0.0001,0.0053,-0.0065
52535.0,161.1292,-72.4412,161.129,-72.4412,161.1104,-72.4439,0.0001,-0.0001,0.0116,-0.0038
52737.0,161.7179,-17.295,161.7178,-17.295,161.7167,-17.2967,0.0,-0.0004,0.0007,-0.0098
52877.0,162.2063,65.1377,162.2063,65.1377,162.2083,65.1322,0.0,0.0001,0.0013,0.0085
52727.0,161.6951,-49.4237,161.695,-49.4238,161.6925,-49.42,0.0001,-0.0001,0.0016,-0.0076
52679.0,161.5761,-60.6017,161.576,-60.6017,161.57,-60.6033,0.0001,-0.0001,0.0038,-0.0028
52795.0,161.9114,-15.2606,161.9114,-15.2607,161.9083,-15.2619,0.0,-0.0005,0.0019,-0.0087
52678.0,161.5658,-64.514,161.5657,-64.5141,161.5688,-64.515,0.0001,-0.0001,0.0018,-0.0016
52701.0,161.6286,-64.2686,161.6284,-64.2687,161.6238,-64.2633,0.0001,-0.0001,0.003,-0.0082
52742.0,161.7355,-56.7566,161.7354,-56.7566,161.7396,-56.7572,0.0001,-0.0001,0.0025,-0.0011
52882.0,162.2366,29.4155,162.2366,29.4154,162.2383,29.4158,0.0,0.0002,0.0011,0.0011
52863.0,162.1677,-1.9573,162.1677,-1.9573,162.1692,-1.9589,0.0,-0.0035,0.0009,-0.0836
52841.0,162.0607,-31.6839,162.0606,-31.6839,162.0592,-31.6883,0.0,-0.0002,0.0009,-0.0141
52797.0,161.9071,-57.4689,161.907,-57.4689,161.9112,-57.4678,0.0001,-0.0001,0.0025,-0.0019
52911.0,162.3105,10.5448,162.3104,10.5447,162.3142,10.5453,0.0,0.0007,0.0023,0.0049
52827.0,162.0186,-59.9159,162.0185,-59.9159,162.0225,-59.9192,0.0001,-0.0001,0.0024,-0.0055
52913.0,162.3235,-4.0246,162.3235,-4.0247,162.3221,-4.0242,0.0,-0.0017,0.0009,-0.011
52959.0,162.4782,27.9729,162.4782,27.9728,162.4738,27.9739,0.0,0.0002,0.0027,0.0035
52595.0,161.3279,-80.4689,161.3275,-80.469,161.3154,-80.4697,0.0002,-0.0001,0.0077,-0.001
52943.0,162.4043,-16.1931,162.4042,-16.1932,162.4062,-16.1936,0.0,-0.0004,0.0012,-0.0029
52948.0,162.427,-9.8522,162.427,-9.8523,162.4312,-9.8528,0.0,-0.0007,0.0026,-0.0059
52633.0,161.4787,-80.5403,161.4784,-80.5404,161.445,-80.5403,0.0002,-0.0001,0.0209,-0.0001
53043.0,162.7946,56.5845,162.7946,56.5844,162.7962,56.5822,0.0,0.0001,0.001,0.004
53064.0,162.8537,59.3178,162.8537,59.3177,162.8488,59.32,0.0,0.0001,0.003,0.0037
52980.0,162.5728,-8.8982,162.5728,-8.8983,162.5754,-8.8978,0.0,-0.0008,0.0016,-0.005
52965.0,162.4916,-34.0616,162.4915,-34.0617,162.4875,-34.0581,0.0,-0.0002,0.0025,-0.0105
52922.0,162.346,-59.3268,162.3459,-59.3269,162.3504,-59.3236,0.0001,-0.0001,0.0027,-0.0054
53035.0,162.7728,-3.0977,162.7727,-3.0977,162.7725,-3.0925,0.0,-0.0022,0.0002,-0.1667
53155.0,163.1304,52.5647,163.1304,52.5646,163.1283,52.5653,0.0,0.0001,0.0013,0.0011
53157.0,163.1385,52.5051,163.1385,52.5051,163.1329,52.5036,0.0,0.0001,0.0034,0.0029
53257.0,163.386,69.8572,163.3861,69.8572,163.3779,69.8539,0.0001,0.0001,0.005,0.0048
53141.0,163.0555,1.0274,163.0554,1.0274,163.0571,1.0253,0.0,0.0068,0.001,0.2106
53261.0,163.3975,54.5872,163.3975,54.5871,163.3937,54.585,0.0,0.0001,0.0023,0.004
53229.0,163.3241,34.22,163.3241,34.2199,163.3279,34.215,0.0,0.0002,0.0024,0.0146
53295.0,163.4895,43.1898,163.4895,43.1898,163.4946,43.19,0.0,0.0002,0.0031,0.0004
53240.0,163.3574,-2.251,163.3573,-2.251,163.3538,-2.2553,0.0,-0.0031,0.0022,-0.1919
53154.0,163.135,-57.2425,163.1349,-57.2426,163.1288,-57.2406,0.0001,-0.0001,0.0038,-0.0035
53252.0,163.3718,-20.1318,163.3717,-20.1318,163.3729,-20.1389,0.0,-0.0003,0.0007,-0.0353
53259.0,163.3833,-15.4444,163.3832,-15.4445,163.3871,-15.4456,0.0,-0.0005,0.0023,-0.0074
53273.0,163.4318,-2.1295,163.4317,-2.1296,163.4321,-2.1292,0.0,-0.0033,0.0002,-0.0153
53355.0,163.6795,25.493,163.6795,25.4929,163.6758,25.4908,0.0,0.0003,0.0023,0.0083
53316.0,163.5757,-13.7533,163.5757,-13.7534,163.5742,-13.7581,0.0,-0.0005,0.001,-0.0347
53377.0,163.7455,34.0362,163.7455,34.0361,163.7425,34.0347,0.0,0.0002,0.0018,0.0043
53253.0,163.371,-58.8514,163.3709,-58.8515,163.3733,-58.8533,0.0001,-0.0001,0.0014,-0.0032
53426.0,163.9334,33.5083,163.9334,33.5082,163.935,33.5069,0.0,0.0002,0.001,0.0039
53417.0,163.9034,24.7518,163.9034,24.7517,163.9033,24.7497,0.0,0.0003,0.0,0.0084
,163.9044,24.7475,163.9043,24.7474,163.9054,24.7489,0.0,0.0003,0.0006,0.0056
53387.0,163.8023,-20.6662,163.8022,-20.6662,163.7983,-20.665,0.0,-0.0003,0.0024,-0.0057
53272.0,163.4315,-70.7226,163.4313,-70.7227,163.425,-70.7203,0.0001,-0.0001,0.004,-0.0033
53379.0,163.7514,-42.2549,163.7514,-42.255,163.7542,-42.2511,0.0,-0.0002,0.0017,-0.009
53334.0,163.6233,-61.824,163.6232,-61.8241,163.6233,-61.8267,0.0001,-0.0001,0.0,-0.0043
53449.0,164.0087,6.1873,164.0086,6.1873,164.0062,6.1853,0.0,0.0011,0.0015,0.0331
53151.0,163.1297,-79.5573,163.1295,-79.5573,163.1146,-79.5594,0.0002,-0.0001,0.0093,-0.0027
53472.0,164.0689,22.3522,164.0689,22.3521,164.0704,22.3517,0.0,0.0003,0.0009,0.0023
53394.0,163.8233,-60.5166,163.8232,-60.5167,163.8217,-60.5169,0.0001,-0.0001,0.001,-0.0006
53761.0,164.9904,77.7655,164.9905,77.7654,164.9867,77.77,0.0001,0.0001,0.0022,0.0058
53502.0,164.172,-37.138,164.1719,-37.1381,164.1796,-37.1378,0.0,-0.0002,0.0046,-0.0007
53530.0,164.2836,-50.7705,164.2835,-50.7706,164.2829,-50.765,0.0001,-0.0001,0.0004,-0.0108
53706.0,164.8283,51.8816,164.8283,51.8815,164.8246,51.8822,0.0,0.0001,0.0023,0.0012
53589.0,164.4538,-59.7359,164.4537,-59.736,164.4517,-59.7319,0.0001,-0.0001,0.0013,-0.0066
53721.0,164.8682,40.431,164.8682,40.4309,164.8667,40.4303,0.0,0.0002,0.0009,0.0018
53726.0,164.8905,36.0949,164.8905,36.0949,164.8867,36.0931,0.0,0.0002,0.0023,0.0052
53546.0,164.3181,-75.0955,164.3179,-75.0955,164.3154,-75.0997,0.0001,-0.0001,0.0016,-0.0057
53737.0,164.9219,11.7053,164.9219,11.7053,164.9212,11.7058,0.0,0.0006,0.0004,0.0044
53699.0,164.8013,-33.7377,164.8012,-33.7377,164.8079,-33.7372,0.0,-0.0002,0.004,-0.0014
53723.0,164.8792,-16.3519,164.8791,-16.352,164.8788,-16.3539,0.0,-0.0004,0.0003,-0.0119
53860.0,165.2726,63.4194,165.2726,63.4193,165.2742,63.4211,0.0,0.0001,0.001,0.0028
53740.0,164.9494,-18.3025,164.9493,-18.3025,164.9438,-18.2989,0.0,-0.0004,0.0034,-0.0195
53701.0,164.8205,-61.3189,164.8204,-61.319,164.8083,-61.3203,0.0001,-0.0001,0.0074,-0.0023
53762.0,165.0066,-43.8062,165.0066,-43.8063,164.9975,-43.8072,0.0,-0.0002,0.0055,-0.0022
53910.0,165.4522,56.3838,165.4522,56.3837,165.4604,56.3825,0.0,0.0001,0.005,0.0023
53907.0,165.4589,-2.4854,165.4588,-2.4855,165.4571,-2.4847,0.0,-0.0029,0.0011,-0.0291
53954.0,165.5848,20.1822,165.5848,20.1821,165.5825,20.1797,0.0,0.0004,0.0014,0.0122
54061.0,165.9325,61.7495,165.9326,61.7494,165.9321,61.7508,0.0,0.0001,0.0003,0.0021
53963.0,165.6011,-26.8321,165.601,-26.8322,165.6017,-26.8314,0.0,-0.0003,0.0003,-0.0028
53700.0,164.8069,-81.5609,164.8066,-81.561,164.8037,-81.5561,0.0002,-0.0001,0.0019,-0.0059
54029.0,165.8177,-11.3,165.8177,-11.3,165.8121,-11.3036,0.0,-0.0006,0.0034,-0.0322
54030.0,165.8143,-31.9604,165.8143,-31.9605,165.8171,-31.9608,0.0,-0.0002,0.0017,-0.0014
54048.0,165.9041,-13.4372,165.904,-13.4372,165.9021,-13.4344,0.0,-0.0005,0.0012,-0.0202
54136.0,166.1259,38.2421,166.1259,38.242,166.13,38.2414,0.0,0.0002,0.0025,0.0018
54182.0,166.2578,7.3375,166.2577,7.3374,166.2542,7.3361,0.0,0.001,0.0022,0.0184
54137.0,166.134,-47.6824,166.1339,-47.6824,166.13,-47.6792,0.0,-0.0002,0.0024,-0.0067
53702.0,164.8435,-84.5944,164.843,-84.5945,164.8075,-84.5939,0.0003,-0.0001,0.0218,-0.0006
54173.0,166.2228,-35.8005,166.2227,-35.8005,166.2258,-35.8047,0.0,-0.0002,0.0018,-0.0119
54204.0,166.3415,-27.291,166.3415,-27.2911,166.3329,-27.2936,0.0,-0.0003,0.0052,-0.0096
54214.0,166.3951,-11.0884,166.395,-11.0885,166.3917,-11.0889,0.0,-0.0007,0.002,-0.0041
54185.0,166.2664,-49.3958,166.2663,-49.3959,166.2675,-49.3925,0.0,-0.0001,0.0007,-0.0067
54255.0,166.4851,-27.2892,166.4851,-27.2892,166.49,-27.2878,0.0,-0.0003,0.0029,-0.0051
54264.0,166.5201,-51.2141,166.52,-51.2142,166.5242,-51.2125,0.0001,-0.0001,0.0025,-0.0031
54336.0,166.7309,1.9533,166.7309,1.9532,166.7258,1.9556,0.0,0.0037,0.003,0.1165
54311.0,166.6665,-28.727,166.6664,-28.7271,166.6612,-28.7278,0.0,-0.0003,0.0031,-0.0027
54291.0,166.6128,-50.9559,166.6127,-50.956,166.6142,-50.9567,0.0001,-0.0001,0.0008,-0.0015
54388.0,166.9178,23.3255,166.9178,23.3254,166.9154,23.3236,0.0,0.0003,0.0014,0.008
54294.0,166.6211,-58.6766,166.6209,-58.6767,166.6221,-58.6753,0.0001,-0.0001,0.0006,-0.0022
54349.0,166.7839,-32.5856,166.7838,-32.5857,166.785,-32.5872,0.0,-0.0002,0.0007,-0.0049
54301.0,166.6353,-62.4214,166.6352,-62.4214,166.635,-62.4242,0.0001,-0.0001,0.0002,-0.0045
54289.0,166.5986,-64.8408,166.5985,-64.8408,166.6008,-64.8397,0.0001,-0.0001,0.0013,-0.0016
54360.0,166.8202,-42.6422,166.8201,-42.6423,166.8192,-42.6386,0.0,-0.0002,0.0006,-0.0085
54400.0,166.9876,-30.1704,166.9876,-30.1705,166.9767,-30.1747,0.0,-0.0002,0.0066,-0.0144
54327.0,166.7091,-70.8813,166.7089,-70.8814,166.7079,-70.8781,0.0001,-0.0001,0.0007,-0.0046
54540.0,167.4228,67.2098,167.4229,67.2097,167.4163,67.2103,0.0,0.0001,0.0039,0.0008
54430.0,167.0663,-29.97,167.0663,-29.97,167.0658,-29.9728,0.0,-0.0002,0.0003,-0.0094
54487.0,167.2058,24.658,167.2058,24.6579,167.2046,24.6583,0.0,0.0003,0.0007,0.0014
54522.0,167.3363,36.3098,167.3363,36.3097,167.3296,36.3094,0.0,0.0002,0.004,0.0009
54477.0,167.1861,-28.0832,167.1861,-28.0833,167.1829,-28.0806,0.0,-0.0003,0.0019,-0.0095
54539.0,167.4166,44.5002,167.4166,44.5002,167.4158,44.4986,0.0,0.0002,0.0004,0.0036
54537.0,167.4126,43.2063,167.4126,43.2062,167.4104,43.2075,0.0,0.0002,0.0013,0.0029
54463.0,167.1511,-58.9774,167.151,-58.9774,167.1475,-58.975,0.0001,-0.0001,0.0021,-0.004
54461.0,167.1374,-61.945,167.1373,-61.9451,167.1417,-61.9472,0.0001,-0.0001,0.0026,-0.0036
54561.0,167.4761,-32.3644,167.4761,-32.3645,167.4725,-32.3675,0.0,-0.0002,0.0022,-0.0094
54721.0,168.0426,68.2751,168.0427,68.275,168.0458,68.2719,0.0,0.0001,0.0019,0.0046
54688.0,167.9372,14.4033,167.9372,14.4032,167.9321,14.4003,0.0,0.0005,0.0031,0.0209
54630.0,167.7349,-58.4534,167.7348,-58.4535,167.7279,-58.4553,0.0001,-0.0001,0.0042,-0.0031
54682.0,167.9157,-22.8295,167.9157,-22.8296,167.9146,-22.8258,0.0,-0.0003,0.0007,-0.0162
54765.0,168.1843,54.8977,168.1844,54.8976,168.1854,54.8942,0.0,0.0001,0.0006,0.0064
54745.0,168.1409,35.8141,168.1409,35.814,168.1342,35.8136,0.0,0.0002,0.004,0.0013
54725.0,168.0585,-32.4374,168.0584,-32.4375,168.0617,-32.4339,0.0,-0.0002,0.0019,-0.0108
54749.0,168.1475,-21.7482,168.1475,-21.7483,168.1442,-21.7492,0.0,-0.0003,0.002,-0.0045
54673.0,167.8753,-71.4318,167.8751,-71.4319,167.8729,-71.4364,0.0001,-0.0001,0.0014,-0.0064
54746.0,168.1449,-49.1025,168.1449,-49.1026,168.1379,-49.1011,0.0,-0.0001,0.0042,-0.0029
54842.0,168.4138,41.091,168.4138,41.0909,168.4175,41.0886,0.0,0.0002,0.0022,0.0058
54751.0,168.158,-60.3205,168.1579,-60.3205,168.15,-60.3175,0.0001,-0.0001,0.0047,-0.0049
54783.0,168.24,-49.7325,168.2399,-49.7326,168.2371,-49.7364,0.0,-0.0001,0.0017,-0.0078
54811.0,168.311,-44.3697,168.3109,-44.3698,168.3112,-44.3722,0.0,-0.0002,0.0002,-0.0056
54767.0,168.1963,-64.1734,168.1962,-64.1735,168.1883,-64.1697,0.0001,-0.0001,0.0047,-0.0057
54872.0,168.5283,20.5278,168.5283,20.5277,168.5271,20.5236,0.0,0.0004,0.0007,0.0205
54863.0,168.5058,8.0608,168.5057,8.0607,168.5075,8.0606,0.0,0.0009,0.001,0.003
54879.0,168.564,15.4331,168.564,15.433,168.56,15.4294,0.0,0.0005,0.0024,0.0236
54840.0,168.4052,-53.2347,168.4051,-53.2348,168.4138,-53.2317,0.0001,-0.0001,0.0051,-0.0058
54829.0,168.3718,-59.6203,168.3717,-59.6204,168.3783,-59.6194,0.0001,-0.0001,0.0039,-0.0014
54951.0,168.7999,23.0937,168.7999,23.0936,168.8008,23.0956,0.0,0.0003,0.0006,0.008
55044.0,169.0159,52.7726,169.0159,52.7725,169.0167,52.7731,0.0,0.0001,0.0005,0.0008
54929.0,168.7188,-43.7334,168.7187,-43.7335,168.725,-43.7342,0.0,-0.0002,0.0037,-0.0018
55016.0,168.9618,13.307,168.9618,13.3069,168.9662,13.3075,0.0,0.0006,0.0026,0.0036
55033.0,168.9886,12.8436,168.9886,12.8435,168.9908,12.8447,0.0,0.0006,0.0013,0.0086
55086.0,169.1805,49.4734,169.1805,49.4733,169.1746,49.4764,0.0,0.0002,0.0035,0.0061
55084.0,169.1628,-3.6536,169.1628,-3.6537,169.1654,-3.6517,0.0,-0.002,0.0015,-0.0536
55106.0,169.247,-7.1342,169.2469,-7.1342,169.2425,-7.1347,0.0,-0.001,0.0026,-0.008
55068.0,169.1138,-45.8838,169.1137,-45.8839,169.1154,-45.88,0.0,-0.0002,0.001,-0.0083
55164.0,169.4126,-34.7342,169.4126,-34.7343,169.4133,-34.7372,0.0,-0.0002,0.0004,-0.0086
,169.5512,31.5384,169.5512,31.5383,169.5454,31.5292,0.0,0.0002,0.0034,0.0293
,169.5512,31.5384,169.5512,31.5383,169.5458,31.5292,0.0,0.0002,0.0032,0.0293
55168.0,169.4262,-36.5382,169.4261,-36.5383,169.4292,-36.5344,0.0,-0.0002,0.0018,-0.0104
55219.0,169.6183,33.0935,169.6183,33.0935,169.6196,33.0942,0.0,0.0002,0.0008,0.0019
55209.0,169.5891,11.9877,169.5891,11.9876,169.5875,11.9847,0.0,0.0006,0.001,0.0245
55140.0,169.3367,-67.8241,169.3366,-67.8242,169.3292,-67.8236,0.0001,-0.0001,0.0045,-0.0007
55266.0,169.7863,38.1862,169.7862,38.1861,169.7829,38.1856,0.0,0.0002,0.002,0.0016
55249.0,169.7296,1.6551,169.7295,1.655,169.7292,1.6506,0.0,0.0045,0.0002,0.275
55282.0,169.8381,-14.7766,169.8381,-14.7766,169.8354,-14.7786,0.0,-0.0005,0.0016,-0.0138
55412.0,170.2184,67.1042,170.2185,67.1041,170.2242,67.1006,0.0,0.0001,0.0034,0.0054
55280.0,169.8323,-64.5861,169.8321,-64.5862,169.8188,-64.5825,0.0001,-0.0001,0.008,-0.0056
55225.0,169.6519,-79.667,169.6516,-79.667,169.6429,-79.6686,0.0001,-0.0001,0.0053,-0.0021
55434.0,170.285,6.03,170.285,6.0299,170.2842,6.0294,0.0,0.0012,0.0005,0.009
55308.0,169.8977,-75.139,169.8975,-75.1391,169.9012,-75.1425,0.0001,-0.0001,0.0021,-0.0047
55485.0,170.4624,57.0733,170.4624,57.0733,170.4554,57.075,0.0,0.0001,0.0041,0.0029
55350.0,170.0289,-71.999,170.0288,-71.999,170.0163,-71.9944,0.0001,-0.0001,0.0075,-0.0063
55425.0,170.261,-54.4891,170.261,-54.4892,170.2517,-54.4911,0.0001,-0.0001,0.0055,-0.0037
55564.0,170.7073,64.3294,170.7073,64.3293,170.7138,64.3306,0.0,0.0001,0.0038,0.0018
55560.0,170.7131,43.4806,170.7131,43.4806,170.7067,43.4828,0.0,0.0002,0.0038,0.0049
55528.0,170.6007,-44.6473,170.6006,-44.6474,170.5962,-44.6458,0.0,-0.0002,0.0026,-0.0032
55598.0,170.8406,-18.7819,170.8406,-18.782,170.8412,-18.78,0.0,-0.0004,0.0004,-0.01
55588.0,170.8072,-36.167,170.8071,-36.1671,170.8029,-36.1647,0.0,-0.0002,0.0025,-0.0064
55497.0,170.498,-77.6092,170.4978,-77.6092,170.4879,-77.6083,0.0001,-0.0001,0.0059,-0.0011
55581.0,170.7871,-56.7758,170.787,-56.7759,170.7838,-56.7794,0.0001,-0.0001,0.002,-0.0064
55642.0,170.9826,10.5308,170.9826,10.5308,170.9812,10.5292,0.0,0.0007,0.0008,0.0158
55650.0,171.0115,1.4123,171.0114,1.4122,171.0096,1.4078,0.0,0.0053,0.0011,0.32
,170.8384,-64.9548,170.8383,-64.9549,170.8408,-64.955,0.0001,-0.0001,0.0014,-0.0003
55687.0,171.155,-10.8557,171.1549,-10.8557,171.1525,-10.8594,0.0,-0.0007,0.0015,-0.0349
55667.0,171.0923,-42.6674,171.0923,-42.6675,171.0921,-42.6692,0.0,-0.0002,0.0001,-0.0041
55716.0,171.2469,11.4319,171.2469,11.4318,171.2454,11.4303,0.0,0.0007,0.0009,0.0139
55705.0,171.2249,-17.6816,171.2248,-17.6817,171.2204,-17.6839,0.0,-0.0004,0.0026,-0.0127
55657.0,171.0569,-72.2528,171.0568,-72.2529,171.0462,-72.2567,0.0001,-0.0001,0.0062,-0.0053
55797.0,171.4895,55.8466,171.4895,55.8465,171.4879,55.8506,0.0,0.0001,0.0009,0.0071
55765.0,171.4018,16.4569,171.4017,16.4568,171.4017,16.4564,0.0,0.0005,0.0001,0.0031
55756.0,171.3784,-36.0664,171.3784,-36.0665,171.3725,-36.0631,0.0,-0.0002,0.0034,-0.0092
55791.0,171.4581,3.86,171.4581,3.86,171.4583,3.86,0.0,0.002,0.0001,0.0013
55763.0,171.3847,-37.7467,171.3846,-37.7468,171.3879,-37.7478,0.0,-0.0002,0.0019,-0.0028
55821.0,171.6028,33.4516,171.6028,33.4515,171.6063,33.4506,0.0,0.0002,0.002,0.003
55779.0,171.4364,-63.975,171.4363,-63.975,171.43,-63.9728,0.0001,-0.0001,0.0037,-0.0034
55831.0,171.6567,-61.1139,171.6566,-61.114,171.6471,-61.1153,0.0001,-0.0001,0.0056,-0.0023
55874.0,171.7919,-12.3624,171.7918,-12.3625,171.7896,-12.3567,0.0,-0.0006,0.0013,-0.0462
55849.0,171.7032,-53.1568,171.7031,-53.1569,171.6971,-53.16,0.0,-0.0001,0.0036,-0.0059
55945.0,171.9871,2.8571,171.9871,2.857,171.9842,2.8561,0.0,0.0027,0.0017,0.0337
55953.0,171.9976,-35.326,171.9975,-35.3261,171.9937,-35.3286,0.0,-0.0002,0.0022,-0.0074
56035.0,172.2732,61.7756,172.2733,61.7755,172.2692,61.7783,0.0,0.0001,0.0024,0.0044
56034.0,172.265,39.3375,172.265,39.3374,172.2675,39.3369,0.0,0.0002,0.0014,0.0014
56000.0,172.1518,-42.6709,172.1517,-42.671,172.1462,-42.6742,0.0,-0.0002,0.0032,-0.0076
56083.0,172.4393,56.7344,172.4394,56.7343,172.4312,56.7375,0.0,0.0001,0.0047,0.0055
55979.0,172.0714,-72.4763,172.0712,-72.4764,172.0758,-72.4744,0.0001,-0.0001,0.0026,-0.0026
56080.0,172.4279,15.4174,172.4279,15.4174,172.4246,15.4133,0.0,0.0005,0.0019,0.0267
56120.0,172.55,54.3636,172.55,54.3636,172.5538,54.3617,0.0,0.0001,0.0022,0.0036
56078.0,172.4149,-24.4596,172.4149,-24.4597,172.4108,-24.4633,0.0,-0.0003,0.0024,-0.0151
56253.0,172.9815,81.1315,172.9816,81.1314,172.96,81.1272,0.0001,0.0001,0.0124,0.0053
56135.0,172.6017,46.6592,172.6017,46.6591,172.6042,46.6575,0.0,0.0002,0.0014,0.0035
56148.0,172.6348,43.1679,172.6348,43.1678,172.6296,43.1733,0.0,0.0002,0.003,0.0126
56146.0,172.6202,18.4096,172.6201,18.4095,172.6208,18.4097,0.0,0.0004,0.0004,0.0006
56211.0,172.8485,69.3354,172.8486,69.3353,172.8508,69.3311,0.0,0.0001,0.0013,0.0062
56170.0,172.7185,47.9327,172.7185,47.9326,172.7204,47.9292,0.0,0.0002,0.0011,0.0073
56194.0,172.789,48.7915,172.789,48.7914,172.7925,48.7892,0.0,0.0002,0.002,0.0048
56242.0,172.9414,14.3722,172.9413,14.3721,172.9371,14.3644,0.0,0.0005,0.0025,0.0538
56201.0,172.8128,-61.2767,172.8127,-61.2768,172.8125,-61.2783,0.0001,-0.0001,0.0002,-0.0026
56290.0,173.086,61.0876,173.0861,61.0875,173.0867,61.0825,0.0,0.0001,0.0004,0.0083
56245.0,172.9533,-20.7801,172.9533,-20.7802,172.9483,-20.7767,0.0,-0.0004,0.0029,-0.0167
56243.0,172.9387,-59.4385,172.9386,-59.4386,172.9421,-59.4422,0.0001,-0.0001,0.002,-0.0062
56250.0,172.9531,-59.5143,172.953,-59.5144,172.9533,-59.5158,0.0001,-0.0001,0.0001,-0.0025
56280.0,173.0678,-29.2606,173.0678,-29.2607,173.0671,-29.2633,0.0,-0.0003,0.0004,-0.0094
,173.0678,-29.2606,173.0678,-29.2607,173.0679,-29.2611,0.0,-0.0003,0.0001,-0.0018
56293.0,173.0948,-26.7462,173.0947,-26.7463,173.0971,-26.7467,0.0,-0.0003,0.0013,-0.0017
56318.0,173.1993,-7.8298,173.1992,-7.8299,173.1979,-7.8275,0.0,-0.001,0.0008,-0.0298
56319.0,173.2031,-40.4352,173.203,-40.4353,173.2004,-40.4364,0.0,-0.0002,0.0015,-0.003
56287.0,173.0829,-66.9606,173.0828,-66.9607,173.0829,-66.9622,0.0001,-0.0001,0.0,-0.0024
56332.0,173.2207,-31.0889,173.2206,-31.089,173.2254,-31.0872,0.0,-0.0002,0.0027,-0.0054
56343.0,173.2574,-31.8552,173.2574,-31.8553,173.2504,-31.8578,0.0,-0.0002,0.0041,-0.008
56364.0,173.3127,-16.2782,173.3126,-16.2783,173.3108,-16.2806,0.0,-0.0005,0.0011,-0.0146
56410.0,173.4879,36.8155,173.4879,36.8154,173.4846,36.8156,0.0,0.0002,0.0019,0.0002
56391.0,173.4118,-40.5831,173.4117,-40.5832,173.4054,-40.5869,0.0,-0.0002,0.0037,-0.0095
56429.0,173.5396,11.0205,173.5396,11.0204,173.5417,11.0236,0.0,0.0007,0.0012,0.028
56445.0,173.5958,3.061,173.5957,3.0609,173.5917,3.06,0.0,0.0025,0.0024,0.033
56473.0,173.6784,16.7974,173.6784,16.7973,173.6771,16.7969,0.0,0.0005,0.0008,0.0028
56510.0,173.7683,54.7839,173.7684,54.7838,173.7704,54.7853,0.0,0.0001,0.0012,0.0026
56452.0,173.6343,-32.8381,173.6342,-32.8382,173.6229,-32.8314,0.0,-0.0002,0.0065,-0.0205
56508.0,173.7666,20.4416,173.7666,20.4415,173.7658,20.4414,0.0,0.0004,0.0005,0.0012
56480.0,173.6855,-54.2641,173.6854,-54.2642,173.6904,-54.2642,0.0,-0.0001,0.0028,-0.0001
56583.0,174.0046,69.3297,174.0047,69.3296,174.0117,69.3228,0.0,0.0001,0.004,0.01
56497.0,173.7496,-49.1363,173.7496,-49.1363,173.7367,-49.1367,0.0,-0.0002,0.0075,-0.0008
56518.0,173.8118,-47.3682,173.8118,-47.3682,173.805,-47.3725,0.0,-0.0002,0.0039,-0.0092
56553.0,173.9337,10.9132,173.9337,10.9131,173.9308,10.9111,0.0,0.0007,0.0016,0.0189
56601.0,174.07,27.7805,174.07,27.7804,174.0746,27.7811,0.0,0.0003,0.0026,0.0024
56573.0,173.9855,-47.6456,173.9855,-47.6457,173.9817,-47.6417,0.0,-0.0002,0.0022,-0.0082
56561.0,173.938,-63.0215,173.9379,-63.0216,173.945,-63.0197,0.0001,-0.0001,0.004,-0.0028
56633.0,174.1702,-9.8038,174.1701,-9.8038,174.1704,-9.8022,0.0,-0.0008,0.0001,-0.0158
56620.0,174.1457,-33.5666,174.1456,-33.5667,174.1458,-33.57,0.0,-0.0002,0.0001,-0.0101
56632.0,174.1722,-37.2404,174.1721,-37.2405,174.17,-37.2378,0.0,-0.0002,0.0012,-0.0071
56606.0,174.088,-61.0484,174.0879,-61.0485,174.0929,-61.0522,0.0001,-0.0001,0.0028,-0.0063
56657.0,174.2564,-32.9857,174.2564,-32.9858,174.255,-32.9881,0.0,-0.0002,0.0008,-0.0071
56731.0,174.4702,50.6179,174.4702,50.6178,174.4708,50.6183,0.0,0.0002,0.0004,0.0008
56700.0,174.3916,-47.7502,174.3915,-47.7503,174.3913,-47.7472,0.0,-0.0002,0.0002,-0.0062
56770.0,174.5858,43.6285,174.5858,43.6284,174.5858,43.6256,0.0,0.0002,0.0,0.0068
56756.0,174.5443,8.8862,174.5442,8.8861,174.5408,8.8842,0.0,0.0009,0.002,0.023
56675.0,174.3243,-75.8993,174.3241,-75.8994,174.315,-75.8967,0.0001,-0.0001,0.0053,-0.0035
56789.0,174.6371,46.8346,174.6371,46.8345,174.6396,46.8342,0.0,0.0002,0.0014,0.0009
56816.0,174.703,64.3473,174.7031,64.3472,174.705,64.3469,0.0,0.0001,0.0011,0.0005
56784.0,174.6353,33.6245,174.6352,33.6244,174.6342,33.6256,0.0,0.0002,0.0006,0.0031
56779.0,174.6108,8.1319,174.6108,8.1318,174.615,8.1342,0.0,0.001,0.0024,0.0276
56775.0,174.598,-2.4365,174.5979,-2.4366,174.6004,-2.4361,0.0,-0.0032,0.0014,-0.017
56727.0,174.4452,-67.6235,174.4451,-67.6236,174.4517,-67.6203,0.0001,-0.0001,0.0037,-0.0048
56809.0,174.6999,45.106,174.6999,45.1059,174.6871,45.1086,0.0,0.0002,0.0074,0.0057
56754.0,174.5217,-61.8291,174.5216,-61.8292,174.5304,-61.8264,0.0001,-0.0001,0.005,-0.0044
56802.0,174.6679,-13.2058,174.6678,-13.2058,174.6671,-13.2019,0.0,-0.0006,0.0004,-0.0288
56830.0,174.7466,-24.7177,174.7466,-24.7178,174.7517,-24.7211,0.0,-0.0003,0.0029,-0.0139
56901.0,174.9604,-14.469,174.9604,-14.4691,174.9629,-14.4686,0.0,-0.0005,0.0014,-0.0029
56899.0,174.957,-16.619,174.957,-16.619,174.96,-16.6203,0.0,-0.0005,0.0017,-0.0079
56862.0,174.8732,-65.3925,174.8731,-65.3926,174.8725,-65.3978,0.0001,-0.0001,0.0004,-0.008
56944.0,175.1117,57.9734,175.1117,57.9733,175.1142,57.9706,0.0,0.0001,0.0014,0.0049
56922.0,175.0567,-34.7499,175.0567,-34.75,175.0533,-34.7447,0.0,-0.0002,0.0019,-0.0148
56975.0,175.1955,21.3534,175.1955,21.3533,175.1962,21.3528,0.0,0.0004,0.0004,0.0028
56997.0,175.2597,34.2086,175.2597,34.2085,175.2625,34.2017,0.0,0.0002,0.0016,0.0202
56970.0,175.1755,-53.9697,175.1755,-53.9698,175.1775,-53.9686,0.0,-0.0001,0.0011,-0.002
57001.0,175.292,-29.2017,175.2919,-29.2018,175.285,-29.1964,0.0,-0.0003,0.004,-0.0182
56986.0,175.2259,-62.0901,175.2258,-62.0902,175.2233,-62.09,0.0001,-0.0001,0.0015,-0.0002
57045.0,175.4263,55.1739,175.4264,55.1738,175.4317,55.1725,0.0,0.0001,0.003,0.0026
57029.0,175.3995,31.7455,175.3995,31.7454,175.3929,31.7461,0.0,0.0002,0.0037,0.002
57013.0,175.337,-43.0958,175.337,-43.0958,175.3325,-43.0958,0.0,-0.0002,0.0026,-0.0002
57047.0,175.4313,-32.4988,175.4312,-32.4989,175.4333,-32.4997,0.0,-0.0002,0.0012,-0.0027
57111.0,175.6292,66.7415,175.6293,66.7414,175.6183,66.745,0.0,0.0001,0.0062,0.0053
57082.0,175.5188,22.2103,175.5188,22.2103,175.5217,22.2108,0.0,0.0004,0.0016,0.0022
57079.0,175.5111,-20.2926,175.511,-20.2927,175.5146,-20.2939,0.0,-0.0004,0.002,-0.0064
57165.0,175.8684,-37.1897,175.8683,-37.1898,175.8633,-37.1903,0.0,-0.0002,0.0029,-0.0015
57137.0,175.7445,-79.3042,175.7443,-79.3043,175.7308,-79.3064,0.0001,-0.0001,0.0078,-0.0027
57214.0,175.9799,-6.6799,175.9799,-6.6799,175.9796,-6.6772,0.0,-0.0012,0.0002,-0.0395
57175.0,175.8845,-62.4853,175.8844,-62.4854,175.88,-62.4894,0.0001,-0.0001,0.0026,-0.0066
57240.0,176.0552,25.2184,176.0552,25.2183,176.055,25.2183,0.0,0.0003,0.0001,0.0001
57211.0,175.9701,-62.879,175.9701,-62.879,175.9704,-62.8783,0.0001,-0.0001,0.0002,-0.001
57283.0,176.1857,-18.3533,176.1857,-18.3534,176.1908,-18.3508,0.0,-0.0004,0.0029,-0.0133
57328.0,176.3203,8.2589,176.3202,8.2588,176.3212,8.2583,0.0,0.001,0.0006,0.0065
57322.0,176.2988,-49.0688,176.2987,-49.0689,176.3025,-49.0697,0.0,-0.0002,0.0021,-0.0018
57380.0,176.467,6.5364,176.467,6.5363,176.465,6.5294,0.0,0.0012,0.0011,0.1061
57399.0,176.5097,47.7818,176.5097,47.7817,176.5125,47.7794,0.0,0.0002,0.0016,0.0049
57371.0,176.4303,-45.6852,176.4303,-45.6853,176.4329,-45.69,0.0,-0.0002,0.0015,-0.0105
57363.0,176.4203,-66.7257,176.4202,-66.7258,176.4017,-66.7286,0.0001,-0.0001,0.0106,-0.0044
57477.0,176.7335,55.6281,176.7336,55.628,176.7317,55.6283,0.0,0.0001,0.0011,0.0004
57439.0,176.6323,-61.1822,176.6322,-61.1823,176.6283,-61.1783,0.0,-0.0001,0.0022,-0.0063
57443.0,176.6543,-40.5055,176.6543,-40.5056,176.6296,-40.5006,0.0,-0.0002,0.014,-0.0122
57497.0,176.7807,-35.9028,176.7806,-35.9029,176.7792,-35.9069,0.0,-0.0002,0.0008,-0.0115
57507.0,176.8185,-30.2788,176.8185,-30.2789,176.8154,-30.2869,0.0,-0.0003,0.0018,-0.0269
57512.0,176.8219,-57.6976,176.8218,-57.6977,176.8296,-57.6964,0.0,-0.0001,0.0044,-0.0021
57565.0,176.9956,20.2165,176.9955,20.2164,176.9962,20.2189,0.0,0.0004,0.0004,0.0119
57562.0,176.9769,8.244,176.9768,8.2439,176.9788,8.2458,0.0,0.001,0.0011,0.0225
57587.0,177.0974,-10.3097,177.0973,-10.3098,177.0979,-10.3133,0.0,-0.0008,0.0003,-0.035
57581.0,177.0687,-66.8118,177.0686,-66.8118,177.0596,-66.8147,0.0001,-0.0001,0.0051,-0.0044
57606.0,177.1642,14.2832,177.1642,14.2831,177.1612,14.2842,0.0,0.0006,0.0017,0.0069
57613.0,177.1907,-26.7538,177.1907,-26.7539,177.1879,-26.7497,0.0,-0.0003,0.0016,-0.0152
57632.0,177.2749,14.5768,177.2749,14.5768,177.265,14.5719,0.0,0.0005,0.0056,0.0336
57646.0,177.3093,16.2436,177.3093,16.2435,177.3121,16.2428,0.0,0.0005,0.0015,0.0049
57670.0,177.4231,34.9316,177.4231,34.9315,177.4238,34.9317,0.0,0.0002,0.0004,0.0001
57669.0,177.4287,-63.7896,177.4286,-63.7897,177.4213,-63.7883,0.0001,-0.0001,0.0042,-0.002
57696.0,177.4961,-70.2297,177.496,-70.2298,177.4858,-70.2258,0.0001,-0.0001,0.0058,-0.0056
57732.0,177.5824,-15.867,177.5824,-15.8671,177.5812,-15.8639,0.0,-0.0005,0.0007,-0.0194
57757.0,177.6606,1.7653,177.6606,1.7652,177.6738,1.7647,0.0,0.0045,0.0074,0.0311
57741.0,177.6095,-62.6466,177.6095,-62.6467,177.6133,-62.6494,0.0,-0.0001,0.0021,-0.0045
57749.0,177.6587,-27.2743,177.6586,-27.2744,177.6546,-27.2778,0.0,-0.0003,0.0023,-0.0127
57779.0,177.7353,12.2806,177.7353,12.2805,177.7304,12.2789,0.0,0.0006,0.0027,0.0141
57805.0,177.7878,33.3754,177.7878,33.3754,177.7892,33.375,0.0,0.0002,0.0007,0.0013
57803.0,177.792,-45.1791,177.792,-45.1792,177.7862,-45.1736,0.0,-0.0002,0.0032,-0.0121
57819.0,177.843,-12.1872,177.843,-12.1872,177.8412,-12.1878,0.0,-0.0007,0.001,-0.005
57841.0,177.9254,-30.833,177.9254,-30.8331,177.9233,-30.835,0.0,-0.0003,0.0012,-0.0063
57851.0,177.9553,-65.2013,177.9552,-65.2014,177.9633,-65.2061,0.0001,-0.0001,0.0045,-0.0074
57939.0,178.1785,37.7963,178.1785,37.7962,178.245,37.7186,0.0,0.0002,0.0373,0.2058
57870.0,178.0394,-56.9832,178.0393,-56.9833,178.0421,-56.9878,0.0,-0.0001,0.0015,-0.0081
57936.0,178.2263,-33.9041,178.2262,-33.9041,178.2275,-33.9081,0.0,-0.0002,0.0007,-0.0118
58001.0,178.4538,53.6991,178.4538,53.6991,178.4575,53.6947,0.0,0.0001,0.0021,0.0082
58041.0,178.5575,-57.407,178.5574,-57.4071,178.5479,-57.41,0.0,-0.0001,0.0054,-0.0052
58057.0,178.6166,-37.7503,178.6165,-37.7504,178.6075,-37.7489,0.0,-0.0002,0.0051,-0.0037
58082.0,178.6724,-25.7132,178.6724,-25.7133,178.6771,-25.7139,0.0,-0.0003,0.0026,-0.0028
58110.0,178.7626,8.4424,178.7626,8.4423,178.7629,8.4439,0.0,0.0009,0.0002,0.0181
58112.0,178.7727,46.4792,178.7727,46.4791,178.7737,46.4769,0.0,0.0002,0.0006,0.0049
58117.0,178.7983,46.4671,178.7983,46.467,178.7967,46.4697,0.0,0.0002,0.0009,0.0056
58119.0,178.814,36.7538,178.814,36.7537,178.8088,36.7564,0.0,0.0002,0.0029,0.0071
58103.0,178.7545,-63.2803,178.7544,-63.2804,178.7492,-63.2789,0.0,-0.0001,0.003,-0.0023
58159.0,178.9207,15.649,178.9207,15.6489,178.9188,15.6467,0.0,0.0005,0.0011,0.0147
58158.0,178.9206,-28.4769,178.9205,-28.477,178.9171,-28.4769,0.0,-0.0003,0.0019,-0.0001
58181.0,178.9981,56.5969,178.9982,56.5968,178.9933,56.5986,0.0,0.0001,0.0027,0.003
58188.0,179.004,-17.146,179.004,-17.146,179.0038,-17.1508,0.0,-0.0005,0.0002,-0.0284
58177.0,178.976,-39.6903,178.976,-39.6904,178.9779,-39.6892,0.0,-0.0002,0.0011,-0.0029
58259.0,179.2293,61.5458,179.2293,61.5457,179.2217,61.5492,0.0,0.0001,0.0043,0.0055
58242.0,179.1903,-47.0719,179.1903,-47.072,179.1829,-47.0725,0.0,-0.0002,0.0041,-0.0013
58272.0,179.2695,-33.3193,179.2694,-33.3194,179.2654,-33.3153,0.0,-0.0002,0.0023,-0.0121
58287.0,179.3158,40.3431,179.3158,40.343,179.3108,40.3436,0.0,0.0002,0.0028,0.0014
58326.0,179.4204,-62.4457,179.4203,-62.4458,179.4171,-62.4489,0.0,-0.0001,0.0018,-0.005
58369.0,179.5276,32.2763,179.5276,32.2763,179.53,32.2739,0.0,0.0002,0.0013,0.0076
58389.0,179.5843,61.4605,179.5843,61.4604,179.5858,61.4647,0.0,0.0001,0.0009,0.0068
58379.0,179.5693,-56.3199,179.5693,-56.32,179.5633,-56.3172,0.0,-0.0001,0.0033,-0.0048
58388.0,179.5866,-40.9468,179.5865,-40.9469,179.5846,-40.9472,0.0,-0.0002,0.0011,-0.001
58427.0,179.6979,-64.3414,179.6978,-64.3415,179.6988,-64.3392,0.0,-0.0001,0.0005,-0.0034
58436.0,179.73,-25.9053,179.7299,-25.9054,179.7267,-25.9089,0.0,-0.0003,0.0018,-0.0139
58460.0,179.8273,33.1655,179.8273,33.1654,179.8233,33.1675,0.0,0.0002,0.0022,0.0061
58453.0,179.7884,-51.6981,179.7883,-51.6982,179.7954,-51.6967,0.0,-0.0002,0.0039,-0.0028
58484.0,179.9173,-78.2172,179.9172,-78.2173,179.9054,-78.2219,0.0001,-0.0001,0.0066,-0.0061
58512.0,179.9886,34.0349,179.9886,34.0349,179.9883,34.035,0.0,0.0002,0.0002,0.0002
58510.0,179.9886,3.6557,179.9886,3.6556,179.9871,3.6553,0.0,0.0022,0.0008,0.0113
58603.0,180.2562,-1.7638,180.2561,-1.7639,180.2575,-1.7681,0.0,-0.0046,0.0007,-0.2413
58642.0,180.3762,-57.5014,180.3761,-57.5015,180.3708,-57.5036,0.0,-0.0001,0.003,-0.0038
58654.0,180.4145,36.0439,180.4145,36.0438,180.4146,36.0419,0.0,0.0002,0.0001,0.0053
58684.0,180.5312,43.048,180.5312,43.048,180.5283,43.0456,0.0,0.0002,0.0016,0.0058
58697.0,180.6341,-85.6362,180.6337,-85.6363,180.5838,-85.6317,0.0002,-0.0001,0.0279,-0.0053
58706.0,180.6365,-71.4903,180.6364,-71.4904,180.6192,-71.4889,0.0001,-0.0001,0.0096,-0.002
58720.0,180.6697,-69.1906,180.6696,-69.1906,180.6571,-69.1922,0.0001,-0.0001,0.007,-0.0024
58741.0,180.7154,-7.6875,180.7154,-7.6876,180.715,-7.6836,0.0,-0.001,0.0002,-0.0508
58758.0,180.7614,-63.313,180.7613,-63.3131,180.7562,-63.3128,0.0,-0.0001,0.0028,-0.0003
58803.0,180.9122,-42.4341,180.9121,-42.4342,180.915,-42.4342,0.0,-0.0002,0.0016,-0.0002
58810.0,180.9273,-74.2158,180.9272,-74.2159,180.9346,-74.2139,0.0001,-0.0001,0.004,-0.0026
58858.0,181.0703,21.4591,181.0703,21.459,181.0692,21.4592,0.0,0.0004,0.0006,0.0005
58867.0,181.071,-63.1662,181.071,-63.1662,181.08,-63.1656,0.0,-0.0001,0.005,-0.0009
58884.0,181.1735,-68.3295,181.1734,-68.3295,181.1612,-68.3292,0.0,-0.0001,0.0068,-0.0004
58905.0,181.1998,-76.5191,181.1997,-76.5192,181.1938,-76.5192,0.0001,-0.0001,0.0034,-0.0001
58874.0,181.1701,85.5828,181.1704,85.5827,181.1171,85.5872,0.0001,0.0001,0.0293,0.0052
58921.0,181.2395,-60.9642,181.2394,-60.9643,181.2379,-60.9692,0.0,-0.0001,0.0008,-0.0081
58948.0,181.3045,8.7299,181.3045,8.7298,181.3021,8.7331,0.0,0.0009,0.0013,0.0367
58952.0,181.3211,76.9032,181.3211,76.9031,181.3129,76.9058,0.0,0.0001,0.0045,0.0034
58989.0,181.4182,62.9378,181.4182,62.9377,181.4154,62.9331,0.0,0.0001,0.0015,0.0075
59003.0,181.4797,-65.5462,181.4796,-65.5462,181.4717,-65.5472,0.0,-0.0001,0.0044,-0.0016
59008.0,181.4827,-35.6906,181.4827,-35.6906,181.4863,-35.6939,0.0,-0.0002,0.0019,-0.0093
59010.0,181.4996,-3.127,181.4996,-3.1271,181.4992,-3.1317,0.0,-0.0026,0.0003,-0.1491
59046.0,181.5932,-68.652,181.5931,-68.6521,181.5825,-68.6508,0.0,-0.0001,0.0059,-0.0017
59050.0,181.6067,-65.7078,181.6067,-65.7079,181.5962,-65.7092,0.0,-0.0001,0.0058,-0.0021
59072.0,181.7276,-64.6101,181.7275,-64.6101,181.7204,-64.6136,0.0,-0.0001,0.0039,-0.0055
59151.0,181.9819,-75.3644,181.9818,-75.3645,181.9575,-75.3669,0.0001,-0.0001,0.0134,-0.0033
59173.0,182.0177,-50.662,182.0176,-50.6621,182.0217,-50.6614,0.0,-0.0002,0.0022,-0.0012
,182.0212,-50.7639,182.0211,-50.7639,182.02,-50.7633,0.0,-0.0002,0.0006,-0.001
59184.0,182.0582,-48.6873,182.0581,-48.6874,182.0612,-48.6928,0.0,-0.0002,0.0017,-0.0112
59196.0,182.0957,-50.7213,182.0956,-50.7213,182.0896,-50.7225,0.0,-0.0002,0.0033,-0.0024
59200.0,182.0967,-60.8444,182.0966,-60.8445,182.1025,-60.8472,0.0,-0.0001,0.0032,-0.0046
59199.0,182.1058,-24.7245,182.1058,-24.7246,182.1033,-24.7289,0.0,-0.0003,0.0014,-0.0177
59229.0,182.2286,-44.3224,182.2285,-44.3225,182.2242,-44.3261,0.0,-0.0002,0.0024,-0.0083
59232.0,182.2286,-41.2353,182.2285,-41.2354,182.2271,-41.2314,0.0,-0.0002,0.0008,-0.0095
59285.0,182.4195,1.9005,182.4195,1.9004,182.4221,1.8978,0.0,0.0043,0.0014,0.1432
59291.0,182.4502,74.658,182.4503,74.658,182.4471,74.6614,0.0,0.0001,0.0017,0.0045
59307.0,182.5147,-34.7014,182.5147,-34.7015,182.5104,-34.705,0.0,-0.0002,0.0024,-0.0104
59309.0,182.5176,5.8114,182.5176,5.8113,182.5142,5.8069,0.0,0.0014,0.0019,0.076
59316.0,182.5311,-22.6195,182.531,-22.6196,182.5312,-22.6197,0.0,-0.0004,0.0001,-0.0008
59353.0,182.6376,-37.8687,182.6376,-37.8687,182.6408,-37.8703,0.0,-0.0002,0.0017,-0.0042
59352.0,182.6324,16.8113,182.6324,16.8112,182.6317,16.8092,0.0,0.0005,0.0004,0.0125
59364.0,182.6937,27.2823,182.6937,27.2823,182.6921,27.2814,0.0,0.0003,0.0009,0.0035
59396.0,182.7686,-61.2724,182.7686,-61.2725,182.7704,-61.2775,0.0,-0.0001,0.001,-0.0083
59394.0,182.7684,-23.6041,182.7683,-23.6042,182.7663,-23.6025,0.0,-0.0003,0.0012,-0.0068
59392.0,182.757,-45.4209,182.7569,-45.421,182.7621,-45.4228,0.0,-0.0002,0.0028,-0.0042
59439.0,182.8914,-51.3616,182.8914,-51.3617,182.8808,-51.3594,0.0,-0.0002,0.0058,-0.0041
59449.0,182.9077,-52.3655,182.9077,-52.3656,182.9129,-52.3686,0.0,-0.0002,0.0028,-0.0059
59468.0,182.9664,25.8715,182.9664,25.8714,182.9633,25.8703,0.0,0.0003,0.0017,0.0046
59458.0,182.9391,57.0575,182.9391,57.0574,182.9371,57.0544,0.0,0.0001,0.0011,0.0054
59489.0,182.9992,28.5372,182.9991,28.5371,183.005,28.5361,0.0,0.0003,0.0032,0.0037
59501.0,183.0402,20.5422,183.0402,20.5421,183.0388,20.5419,0.0,0.0004,0.0008,0.0014
59517.0,183.0968,-62.9559,183.0968,-62.956,183.0917,-62.9508,0.0,-0.0001,0.0028,-0.0081
59551.0,183.206,-70.1545,183.2059,-70.1546,183.195,-70.1519,0.0,-0.0001,0.006,-0.0036
59504.0,183.0488,77.6113,183.0489,77.6112,183.0496,77.6164,0.0,0.0001,0.0004,0.0066
59588.0,183.3024,-34.1255,183.3024,-34.1256,183.3042,-34.1256,0.0,-0.0002,0.001,-0.0
59607.0,183.3563,-38.9274,183.3563,-38.9274,183.3554,-38.9292,0.0,-0.0002,0.0005,-0.0046
59647.0,183.4882,-78.5715,183.4881,-78.5716,183.4821,-78.5736,0.0001,-0.0001,0.0034,-0.0026
59608.0,183.3583,10.2577,183.3583,10.2576,183.3579,10.2622,0.0,0.0008,0.0002,0.044
59622.0,183.4022,-33.7947,183.4022,-33.7948,183.4029,-33.7928,0.0,-0.0002,0.0004,-0.0057
59654.0,183.5047,-45.7269,183.5046,-45.727,183.5108,-45.7239,0.0,-0.0002,0.0034,-0.0066
59678.0,183.565,-64.4124,183.5649,-64.4125,183.57,-64.4086,0.0,-0.0001,0.0027,-0.0059
59708.0,183.6835,53.4343,183.6835,53.4342,183.6808,53.4347,0.0,0.0002,0.0014,0.0009
59728.0,183.7439,-20.8466,183.7439,-20.8466,183.7483,-20.8442,0.0,-0.0004,0.0024,-0.0115
59747.0,183.7881,-58.75,183.788,-58.7501,183.7862,-58.7489,0.0,-0.0001,0.001,-0.0019
59750.0,183.7905,-10.3016,183.7904,-10.3017,183.7942,-10.3125,0.0,-0.0008,0.002,-0.106
59785.0,183.879,-41.9144,183.8789,-41.9145,183.8771,-41.9131,0.0,-0.0002,0.001,-0.0031
59774.0,183.855,57.0293,183.855,57.0292,183.8567,57.0325,0.0,0.0001,0.0009,0.0057
59801.0,183.949,-23.3531,183.949,-23.3531,183.9458,-23.3536,0.0,-0.0003,0.0017,-0.0023
59803.0,183.9551,-17.5442,183.9551,-17.5443,183.9517,-17.5419,0.0,-0.0005,0.0019,-0.0129
59819.0,184.0003,14.8988,184.0002,14.8987,184.0008,14.8989,0.0,0.0005,0.0003,0.0006
59851.0,184.0877,-72.6108,184.0876,-72.6108,184.0979,-72.6147,0.0,-0.0001,0.0056,-0.0055
59796.0,183.9356,72.549,183.9357,72.549,183.9225,72.5508,0.0,0.0001,0.0071,0.0025
59831.0,184.0303,40.6616,184.0303,40.6615,184.0317,40.6603,0.0,0.0002,0.0007,0.0033
59847.0,184.0854,23.9451,184.0854,23.945,184.0854,23.9453,0.0,0.0003,0.0,0.0009
59856.0,184.128,33.0631,184.1279,33.063,184.1254,33.0614,0.0,0.0002,0.0014,0.005
59898.0,184.2877,-65.6969,184.2877,-65.697,184.275,-65.6928,0.0,-0.0001,0.0069,-0.0063
59895.0,184.2641,-16.695,184.2641,-16.6951,184.2638,-16.6936,0.0,-0.0005,0.0002,-0.0084
59929.0,184.3891,-67.9621,184.3891,-67.9622,184.3921,-67.9608,0.0,-0.0001,0.0016,-0.0019
59920.0,184.3719,53.1866,184.3719,53.1865,184.3729,53.1911,0.0,0.0002,0.0005,0.0085
59923.0,184.3777,28.9368,184.3777,28.9367,184.3771,28.9372,0.0,0.0003,0.0004,0.0014
60000.0,184.6056,-79.3095,184.6054,-79.3096,184.5863,-79.3122,0.0001,-0.0001,0.0105,-0.0035
59950.0,184.4515,-36.0967,184.4514,-36.0968,184.4471,-36.0939,0.0,-0.0002,0.0024,-0.0078
59941.0,184.4332,15.1437,184.4331,15.1436,184.4346,15.1442,0.0,0.0005,0.0008,0.0034
59983.0,184.5376,-3.9594,184.5375,-3.9594,184.5379,-3.9544,0.0,-0.0021,0.0002,-0.1243
59984.0,184.54,-3.9497,184.54,-3.9497,184.54,-3.9486,0.0,-0.0021,0.0,-0.0266
60018.0,184.633,30.2501,184.633,30.25,184.6317,30.2492,0.0,0.0003,0.0007,0.0031
60059.0,184.752,-55.1478,184.7519,-55.1479,184.7488,-55.1431,0.0,-0.0001,0.0018,-0.0087
59879.0,184.1346,86.4357,184.1348,86.4356,184.2142,86.4361,0.0001,0.0001,0.0432,0.0005
60087.0,184.8323,23.0354,184.8323,23.0353,184.8296,23.0347,0.0,0.0004,0.0015,0.003
60044.0,184.7181,75.1616,184.7182,75.1615,184.7079,75.1606,0.0,0.0001,0.0055,0.0014
60098.0,184.8709,28.1594,184.8709,28.1593,184.8733,28.1569,0.0,0.0003,0.0013,0.0087
60122.0,184.9572,48.9797,184.9572,48.9797,184.9529,48.9842,0.0,0.0002,0.0023,0.009
60157.0,185.0492,-22.1764,185.0491,-22.1765,185.0446,-22.1756,0.0,-0.0004,0.0025,-0.0037
60183.0,185.1258,-65.8416,185.1257,-65.8417,185.1167,-65.8428,0.0,-0.0001,0.0049,-0.0018
60170.0,185.0875,26.6213,185.0875,26.6212,185.0821,26.6194,0.0,0.0003,0.0029,0.0069
60172.0,185.0891,3.3106,185.0891,3.3105,185.0875,3.3125,0.0,0.0025,0.0009,0.0579
60189.0,185.142,-22.2204,185.1419,-22.2205,185.1404,-22.2158,0.0,-0.0004,0.0008,-0.0207
60202.0,185.1806,17.7914,185.1805,17.7913,185.1792,17.7928,0.0,0.0005,0.0008,0.0077
60197.0,185.1757,27.0566,185.1757,27.0565,185.1721,27.0547,0.0,0.0003,0.0019,0.007
60221.0,185.231,-13.5633,185.2309,-13.5634,185.2321,-13.5656,0.0,-0.0006,0.0006,-0.0168
60260.0,185.3531,-60.4057,185.353,-60.4058,185.34,-60.4011,0.0,-0.0001,0.0071,-0.0075
60212.0,185.2048,57.8688,185.2048,57.8687,185.2117,57.8639,0.0,0.0001,0.0037,0.0084
60308.0,185.4819,-56.3764,185.4818,-56.3765,185.4896,-56.3747,0.0,-0.0001,0.0042,-0.0031
60320.0,185.5397,-67.5222,185.5396,-67.5223,185.5304,-67.5219,0.0,-0.0001,0.005,-0.0004
60329.0,185.5403,-68.3074,185.5403,-68.3075,185.5496,-68.3075,0.0,-0.0001,0.005,-0.0002
60327.0,185.5493,24.7754,185.5492,24.7753,185.545,24.7739,0.0,0.0003,0.0023,0.006
60379.0,185.7064,-57.6786,185.7063,-57.6787,185.7054,-57.6761,0.0,-0.0001,0.0005,-0.0044
60351.0,185.6247,25.8464,185.6247,25.8463,185.6263,25.8461,0.0,0.0003,0.0008,0.0011
60353.0,185.6371,5.3077,185.6371,5.3077,185.6333,5.3056,0.0,0.0015,0.002,0.0413
60638.0,186.3941,-86.1479,186.3938,-86.148,186.4062,-86.1506,0.0001,-0.0001,0.0065,-0.003
60417.0,185.848,-67.636,185.8479,-67.6361,185.8075,-67.6317,0.0,-0.0001,0.0218,-0.0065
60425.0,185.8428,-24.843,185.8428,-24.8431,185.84,-24.8406,0.0,-0.0003,0.0015,-0.0099
60449.0,185.897,-35.4169,185.897,-35.4169,185.8975,-35.4128,0.0,-0.0002,0.0003,-0.0115
60454.0,185.9059,-39.3054,185.9059,-39.3055,185.9037,-39.3031,0.0,-0.0002,0.0012,-0.006
60463.0,185.9413,-38.9159,185.9413,-38.916,185.9371,-38.9111,0.0,-0.0002,0.0023,-0.0124
60467.0,185.9488,42.5428,185.9488,42.5427,185.9458,42.5428,0.0,0.0002,0.0016,0.0
60485.0,186.0049,51.5663,186.0049,51.5662,186.0062,51.5622,0.0,0.0002,0.0007,0.008
60514.0,186.0769,26.0983,186.0769,26.0983,186.0771,26.0986,0.0,0.0003,0.0001,0.001
60549.0,186.1919,-41.3838,186.1918,-41.3839,186.1862,-41.3842,0.0,-0.0002,0.003,-0.0008
60525.0,186.1114,25.5833,186.1114,25.5832,186.1112,25.5828,0.0,0.0003,0.0001,0.0019
60601.0,186.3231,-65.7654,186.3231,-65.7655,186.3221,-65.7706,0.0,-0.0001,0.0006,-0.0078
60591.0,186.2894,-42.5186,186.2894,-42.5187,186.2854,-42.5144,0.0,-0.0002,0.0021,-0.0098
60595.0,186.3016,-11.6123,186.3016,-11.6124,186.2987,-11.6103,0.0,-0.0007,0.0015,-0.0178
60603.0,186.3258,-27.7441,186.3258,-27.7441,186.3267,-27.7492,0.0,-0.0003,0.0005,-0.0184
60610.0,186.3362,-35.1874,186.3361,-35.1875,186.3408,-35.1864,0.0,-0.0002,0.0025,-0.0028
60599.0,186.3103,23.9262,186.3103,23.9261,186.3129,23.9261,0.0,0.0003,0.0014,0.0002
60584.0,186.2624,56.7765,186.2623,56.7764,186.2633,56.7775,0.0,0.0001,0.0005,0.0018
60589.0,186.2837,63.8011,186.2837,63.801,186.2767,63.8028,0.0,0.0001,0.0038,0.0027
60646.0,186.4655,39.0159,186.4655,39.0159,186.4621,39.0186,0.0,0.0002,0.0018,0.0068
,186.6293,-63.1255,186.6293,-63.1256,186.6288,-63.1225,0.0,-0.0001,0.0003,-0.0048
60718.0,186.6577,-63.0966,186.6577,-63.0967,186.6496,-63.0992,0.0,-0.0001,0.0044,-0.004
,186.6577,-63.0966,186.6577,-63.0967,186.6521,-63.0994,0.0,-0.0001,0.003,-0.0045
60710.0,186.6322,-51.4504,186.6321,-51.4505,186.6317,-51.4508,0.0,-0.0002,0.0003,-0.0008
60697.0,186.5984,27.2685,186.5984,27.2684,186.6004,27.2683,0.0,0.0003,0.0011,0.0004
60729.0,186.7168,-48.9135,186.7168,-48.9136,186.7008,-48.9133,0.0,-0.0002,0.0086,-0.0003
60735.0,186.7202,-32.8282,186.7201,-32.8283,186.7154,-32.83,0.0,-0.0003,0.0026,-0.0056
60771.0,186.8477,-63.7878,186.8476,-63.7879,186.8525,-63.7892,0.0,-0.0001,0.0026,-0.0022
60742.0,186.7359,28.2698,186.7359,28.2697,186.7346,28.2683,0.0,0.0003,0.0007,0.0052
60746.0,186.7529,26.8262,186.7528,26.8262,186.7471,26.8256,0.0,0.0003,0.0031,0.0026
60781.0,186.8631,-58.9876,186.8631,-58.9877,186.8696,-58.9919,0.0,-0.0001,0.0035,-0.0074
60699.0,186.6124,71.9353,186.6124,71.9352,186.6008,71.9297,0.0,0.0001,0.0062,0.0077
60804.0,186.9245,8.6112,186.9245,8.6111,186.9254,8.6103,0.0,0.001,0.0005,0.011
60809.0,186.9596,-16.6287,186.9596,-16.6288,186.9558,-16.6319,0.0,-0.0005,0.002,-0.0195
60823.0,187.0052,-50.2274,187.0052,-50.2274,187.01,-50.2306,0.0,-0.0002,0.0026,-0.0064
60851.0,187.0762,-64.3392,187.0761,-64.3393,187.0788,-64.3414,0.0,-0.0001,0.0014,-0.0034
60795.0,186.892,55.7147,186.892,55.7146,186.8962,55.7128,0.0,0.0001,0.0023,0.0034
60813.0,186.9638,-4.6143,186.9638,-4.6144,186.965,-4.6153,0.0,-0.0018,0.0006,-0.0217
60861.0,187.1157,-61.7906,187.1156,-61.7907,187.1063,-61.7953,0.0,-0.0001,0.005,-0.0075
60855.0,187.0972,-39.0431,187.0972,-39.0432,187.0938,-39.0414,0.0,-0.0002,0.0019,-0.0043
60870.0,187.1381,-56.4002,187.1381,-56.4003,187.1392,-56.4078,0.0,-0.0001,0.0006,-0.0134
60880.0,187.1615,26.2273,187.1615,26.2272,187.1588,26.2267,0.0,0.0003,0.0015,0.0023
60891.0,187.189,25.9003,187.189,25.9002,187.1858,25.8992,0.0,0.0003,0.0017,0.0042
60904.0,187.231,25.914,187.231,25.9139,187.2279,25.9128,0.0,0.0003,0.0016,0.0047
60941.0,187.3651,24.1103,187.3651,24.1102,187.3621,24.1089,0.0,0.0003,0.0016,0.0057
60969.0,187.4794,-56.527,187.4793,-56.5271,187.4746,-56.5247,0.0,-0.0001,0.0025,-0.0041
60979.0,187.486,-41.7325,187.4859,-41.7326,187.4912,-41.7361,0.0,-0.0002,0.0028,-0.0087
60957.0,187.4306,20.8985,187.4306,20.8984,187.43,20.8961,0.0,0.0004,0.0003,0.0113
60965.0,187.4725,-16.5097,187.4725,-16.5097,187.4662,-16.5156,0.0,-0.0005,0.0033,-0.0358
60994.0,187.5224,-13.3918,187.5223,-13.3918,187.52,-13.3931,0.0,-0.0006,0.0013,-0.0096
61015.0,187.5759,-23.6962,187.5759,-23.6963,187.5729,-23.6967,0.0,-0.0003,0.0016,-0.002
60978.0,187.4863,58.4029,187.4863,58.4028,187.4888,58.4058,0.0,0.0001,0.0013,0.005
60988.0,187.5146,51.5367,187.5146,51.5366,187.5121,51.5356,0.0,0.0002,0.0014,0.0023
60992.0,187.5163,58.77,187.5163,58.7699,187.5179,58.7675,0.0,0.0001,0.0009,0.0043
61084.0,187.793,-57.1129,187.793,-57.113,187.7913,-57.1133,0.0,-0.0001,0.0009,-0.0007
,187.8156,-57.0838,187.8156,-57.0839,187.8196,-57.0811,0.0,-0.0001,0.0021,-0.0048
60998.0,187.524,69.2014,187.524,69.2013,187.5279,69.2011,0.0,0.0001,0.0021,0.0004
61071.0,187.7532,24.5674,187.7532,24.5673,187.7525,24.5672,0.0,0.0003,0.0004,0.0007
61053.0,187.7094,53.0771,187.7094,53.077,187.7088,53.0767,0.0,0.0002,0.0004,0.0009
61136.0,187.9251,-59.4254,187.9251,-59.4254,187.9179,-59.4239,0.0,-0.0001,0.0038,-0.0025
61103.0,187.8384,7.6006,187.8384,7.6005,187.8392,7.6042,0.0,0.0011,0.0004,0.0475
61158.0,187.986,-63.5094,187.9859,-63.5095,187.9825,-63.5061,0.0,-0.0001,0.0018,-0.0052
61134.0,187.9125,-5.0481,187.9125,-5.0482,187.9112,-5.0525,0.0,-0.0016,0.0007,-0.0875
61199.0,188.1193,-72.1375,188.1192,-72.1375,188.1167,-72.1331,0.0,-0.0001,0.0014,-0.0061
61172.0,188.0166,-32.534,188.0165,-32.5341,188.0188,-32.5336,0.0,-0.0003,0.0011,-0.0012
61174.0,188.0251,-16.1984,188.0251,-16.1985,188.0175,-16.1961,0.0,-0.0005,0.0041,-0.014
61212.0,188.1523,-13.8577,188.1523,-13.8578,188.15,-13.8592,0.0,-0.0006,0.0012,-0.0105
61246.0,188.264,10.2967,188.264,10.2966,188.2621,10.2956,0.0,0.0008,0.001,0.0111
61270.0,188.3442,-19.7881,188.3442,-19.7882,188.3433,-19.7919,0.0,-0.0004,0.0005,-0.0194
61296.0,188.3966,-12.8275,188.3966,-12.8276,188.3929,-12.8303,0.0,-0.0006,0.002,-0.0217
61295.0,188.3909,24.2823,188.3908,24.2822,188.3925,24.2831,0.0,0.0003,0.0009,0.0032
61318.0,188.4479,-9.4523,188.4479,-9.4524,188.445,-9.4519,0.0,-0.0009,0.0015,-0.004
61328.0,188.495,-49.9039,188.495,-49.904,188.4967,-49.9094,0.0,-0.0002,0.0009,-0.011
61309.0,188.4157,33.2442,188.4156,33.2441,188.4121,33.2475,0.0,0.0002,0.0019,0.01
61320.0,188.4499,33.3817,188.4499,33.3817,188.4475,33.3847,0.0,0.0002,0.0013,0.0089
61317.0,188.4486,41.3541,188.4485,41.354,188.4354,41.3575,0.0,0.0002,0.007,0.0083
61359.0,188.5938,-23.3939,188.5937,-23.394,188.5967,-23.3967,0.0,-0.0004,0.0015,-0.0118
61281.0,188.381,69.789,188.381,69.7889,188.3708,69.7883,0.0,0.0001,0.0054,0.001
61379.0,188.6719,-44.6698,188.6719,-44.6699,188.6762,-44.6733,0.0,-0.0002,0.0023,-0.008
61394.0,188.7162,22.6312,188.7161,22.6311,188.7129,22.6292,0.0,0.0004,0.0017,0.0091
61443.0,188.8695,-61.8433,188.8694,-61.8434,188.8708,-61.8419,0.0,-0.0001,0.0007,-0.0022
61415.0,188.7783,18.3814,188.7782,18.3813,188.7762,18.3772,0.0,0.0005,0.0011,0.0228
61418.0,188.7831,18.3795,188.7831,18.3794,188.7825,18.3769,0.0,0.0005,0.0003,0.0139
61420.0,188.7861,21.8848,188.786,21.8847,188.7838,21.8814,0.0,0.0004,0.0012,0.0155
61468.0,188.9411,-41.0248,188.941,-41.0249,188.9396,-41.0219,0.0,-0.0002,0.0008,-0.007
61384.0,188.692,70.0207,188.692,70.0206,188.6833,70.0219,0.0,0.0001,0.0046,0.0018
61498.0,189.0041,-39.8655,189.004,-39.8656,189.005,-39.87,0.0,-0.0002,0.0005,-0.0114
61496.0,188.9917,-20.5247,188.9916,-20.5247,188.9942,-20.5272,0.0,-0.0004,0.0013,-0.0125
61585.0,189.3077,-69.1366,189.3076,-69.1367,189.2958,-69.1356,0.0,-0.0001,0.0063,-0.0015
61558.0,189.1979,-5.8318,189.1979,-5.8319,189.1975,-5.8319,0.0,-0.0014,0.0002,-0.0023
61532.0,189.0984,59.4843,189.0984,59.4842,189.0971,59.4869,0.0,0.0001,0.0007,0.0045
61571.0,189.2445,17.0903,189.2445,17.0902,189.2429,17.0894,0.0,0.0005,0.0008,0.0048
61622.0,189.4305,-48.5393,189.4304,-48.5394,189.4258,-48.5411,0.0,-0.0002,0.0025,-0.0038
61621.0,189.4239,-27.1413,189.4238,-27.1413,189.4258,-27.1389,0.0,-0.0003,0.001,-0.0087
61738.0,189.7968,-75.3728,189.7967,-75.3729,189.8104,-75.3694,0.0,-0.0001,0.0072,-0.0045
61637.0,189.5197,3.2813,189.5197,3.2812,189.5183,3.2825,0.0,0.0025,0.0007,0.0363
61703.0,189.7151,-67.1918,189.715,-67.1919,189.7187,-67.1931,0.0,-0.0001,0.0019,-0.0018
61658.0,189.5922,1.8517,189.5922,1.8516,189.5933,1.8547,0.0,0.0045,0.0006,0.1651
61667.0,189.6273,6.9909,189.6273,6.9908,189.625,6.9883,0.0,0.0012,0.0012,0.0369
61688.0,189.6911,-18.2477,189.6911,-18.2478,189.6858,-18.2503,0.0,-0.0005,0.0028,-0.0139
61720.0,189.7625,-30.4256,189.7624,-30.4257,189.7646,-30.4222,0.0,-0.0003,0.0011,-0.0111
61692.0,189.6934,40.8728,189.6933,40.8727,189.6929,40.8744,0.0,0.0002,0.0002,0.0041
61719.0,189.7594,22.6587,189.7594,22.6586,189.7588,22.6594,0.0,0.0004,0.0004,0.0033
61740.0,189.8131,-7.9978,189.813,-7.9979,189.8117,-7.9956,0.0,-0.001,0.0007,-0.0284
61796.0,189.9737,-66.5158,189.9737,-66.5159,189.9817,-66.5117,0.0,-0.0001,0.0042,-0.0063
61724.0,189.783,21.0664,189.783,21.0663,189.7804,21.0625,0.0,0.0004,0.0014,0.0184
61748.0,189.8226,35.9479,189.8225,35.9478,189.8204,35.9519,0.0,0.0002,0.0011,0.0112
61789.0,189.9698,-39.9878,189.9698,-39.9878,189.9688,-39.9875,0.0,-0.0002,0.0006,-0.0006
61916.0,190.354,-46.1464,190.354,-46.1465,190.3458,-46.1456,0.0,-0.0002,0.0043,-0.0018
61932.0,190.3871,-48.9596,190.387,-48.9596,190.3792,-48.9597,0.0,-0.0002,0.0042,-0.0003
61981.0,190.5092,-69.4065,190.5091,-69.4066,190.5212,-69.4075,0.0,-0.0001,0.0063,-0.0015
61966.0,190.4811,-59.6895,190.4811,-59.6895,190.4858,-59.6858,0.0,-0.0001,0.0025,-0.0061
61937.0,190.3957,10.4289,190.3956,10.4288,190.3933,10.4264,0.0,0.0008,0.0012,0.0243
61941.0,190.4231,-1.4455,190.423,-1.4455,190.415,-1.4494,0.0,-0.0058,0.0042,-0.275
,190.4231,-1.4455,190.423,-1.4455,190.415,-1.4494,0.0,-0.0058,0.0042,-0.275
61951.0,190.4596,-19.754,190.4596,-19.7541,190.455,-19.7586,0.0,-0.0004,0.0024,-0.0232
61960.0,190.469,10.238,190.469,10.2379,190.4712,10.2356,0.0,0.0008,0.0012,0.0239
61968.0,190.4885,6.8028,190.4885,6.8027,190.4879,6.8067,0.0,0.0012,0.0003,0.0574
62027.0,190.7142,-63.0555,190.7142,-63.0556,190.7096,-63.0586,0.0,-0.0001,0.0024,-0.005
62012.0,190.6464,-48.8158,190.6463,-48.8159,190.6475,-48.8131,0.0,-0.0002,0.0006,-0.0057
62026.0,190.7103,-55.9514,190.7103,-55.9515,190.7067,-55.9472,0.0,-0.0001,0.0019,-0.0075
61936.0,190.3972,62.7113,190.3972,62.7112,190.3913,62.7131,0.0,0.0001,0.0032,0.0029
62058.0,190.7862,-56.173,190.7861,-56.173,190.7879,-56.1761,0.0,-0.0001,0.0009,-0.0056
62084.0,190.8659,-58.9057,190.8658,-58.9058,190.8675,-58.9031,0.0,-0.0001,0.0009,-0.0045
62081.0,190.8644,-40.1761,190.8644,-40.1761,190.8596,-40.1778,0.0,-0.0002,0.0025,-0.0043
62103.0,190.9098,-1.5803,190.9098,-1.5804,190.9088,-1.5769,0.0,-0.0053,0.0006,-0.2122
62128.0,190.9906,-36.3473,190.9906,-36.3473,190.9946,-36.3492,0.0,-0.0002,0.0021,-0.0053
62131.0,191.0045,-28.3231,191.0045,-28.3232,191.0021,-28.3239,0.0,-0.0003,0.0013,-0.0028
62046.0,190.7717,61.1592,190.7717,61.1591,190.7675,61.1556,0.0,0.0001,0.0022,0.0059
62212.0,191.2564,-68.8344,191.2563,-68.8345,191.2571,-68.8311,0.0,-0.0001,0.0004,-0.0048
62268.0,191.4131,-60.9838,191.413,-60.9839,191.4079,-60.9811,0.0,-0.0001,0.0027,-0.0044
62172.0,191.1121,44.1001,191.112,44.1,191.1129,44.1031,0.0,0.0002,0.0004,0.0067
62322.0,191.5724,-68.1068,191.5723,-68.1069,191.5704,-68.1081,0.0,-0.0001,0.001,-0.0018
62207.0,191.2549,39.275,191.2549,39.2749,191.2479,39.2789,0.0,0.0002,0.0036,0.0099
62223.0,191.2819,45.4352,191.2819,45.4351,191.2825,45.4403,0.0,0.0002,0.0003,0.0112
62267.0,191.405,7.6772,191.405,7.6771,191.4046,7.6733,0.0,0.0011,0.0002,0.05
62327.0,191.5961,-56.4848,191.596,-56.4849,191.5946,-56.4889,0.0,-0.0001,0.0008,-0.0073
62325.0,191.5891,9.5492,191.5891,9.5491,191.5938,9.54,0.0,0.0009,0.0024,0.0965
62360.0,191.6916,-33.3115,191.6916,-33.3116,191.6917,-33.3156,0.0,-0.0003,0.0,-0.0122
62356.0,191.6608,16.5766,191.6607,16.5765,191.6612,16.5775,0.0,0.0005,0.0003,0.0055
62170.0,191.0925,80.6234,191.0925,80.6233,191.1083,80.6211,0.0,0.0001,0.0083,0.0029
62434.0,191.9259,-59.6882,191.9258,-59.6883,191.93,-59.6886,0.0,-0.0001,0.0021,-0.0006
62376.0,191.7576,5.9543,191.7576,5.9542,191.7596,5.9508,0.0,0.0014,0.001,0.058
62394.0,191.8065,11.9605,191.8065,11.9604,191.8067,11.9581,0.0,0.0007,0.0001,0.0205
62421.0,191.8883,-6.2984,191.8883,-6.2985,191.8892,-6.3019,0.0,-0.0013,0.0004,-0.0555
62448.0,191.9722,-24.8546,191.9721,-24.8547,191.9738,-24.8517,0.0,-0.0003,0.0008,-0.0119
62443.0,191.9655,3.5738,191.9655,3.5738,191.9642,3.5728,0.0,0.0023,0.0007,0.0296
62402.0,191.8295,62.7819,191.8295,62.7818,191.8288,62.7808,0.0,0.0001,0.0004,0.0017
62500.0,192.1115,-27.5969,192.1115,-27.597,192.11,-27.5975,0.0,-0.0003,0.0008,-0.002
62478.0,192.0613,13.5488,192.0612,13.5487,192.0596,13.5531,0.0,0.0006,0.0009,0.0313
62608.0,192.4384,-71.9812,192.4384,-71.9813,192.4371,-71.9864,0.0,-0.0001,0.0007,-0.0072
62423.0,191.8906,66.7938,191.8905,66.7938,191.8933,66.7903,0.0,0.0001,0.0014,0.0053
62523.0,192.2018,24.8436,192.2018,24.8435,192.1958,24.8403,0.0,0.0003,0.0031,0.0132
62541.0,192.2251,14.1218,192.225,14.1217,192.2258,14.1225,0.0,0.0006,0.0004,0.005
62516.0,192.1746,48.4617,192.1746,48.4616,192.1742,48.4669,0.0,0.0002,0.0002,0.0108
62512.0,192.1652,60.3149,192.1652,60.3149,192.1642,60.32,0.0,0.0001,0.0006,0.0084
62646.0,192.5522,-60.4013,192.5522,-60.4014,192.55,-60.4008,0.0,-0.0001,0.0012,-0.0008
62576.0,192.3216,27.5542,192.3216,27.5541,192.3225,27.5522,0.0,0.0003,0.0004,0.007
63031.0,193.7092,-85.1211,193.7092,-85.1212,193.7442,-85.1233,0.0,-0.0001,0.018,-0.0026
62655.0,192.5792,-48.4612,192.5792,-48.4613,192.5817,-48.4597,0.0,-0.0002,0.0013,-0.0031
62703.0,192.7424,-52.7916,192.7424,-52.7917,192.7412,-52.7875,0.0,-0.0002,0.0006,-0.0078
62653.0,192.5711,22.8663,192.571,22.8663,192.5725,22.8633,0.0,0.0004,0.0007,0.0132
62683.0,192.6673,-34.0014,192.6673,-34.0015,192.6717,-33.9994,0.0,-0.0002,0.0022,-0.0057
62641.0,192.5462,37.515,192.5462,37.5149,192.5446,37.5169,0.0,0.0002,0.0008,0.0052
62732.0,192.8153,-60.3317,192.8152,-60.3317,192.8242,-60.3297,0.0,-0.0001,0.0046,-0.0032
62743.0,192.846,-10.3417,192.8459,-10.3417,192.8454,-10.3383,0.0,-0.0008,0.0003,-0.0322
62757.0,192.9037,3.0584,192.9036,3.0583,192.9037,3.0567,0.0,0.0027,0.0001,0.0558
62786.0,192.9886,-39.6816,192.9886,-39.6816,192.9867,-39.6808,0.0,-0.0002,0.001,-0.0018
62799.0,193.0304,-48.0915,193.0304,-48.0916,193.0221,-48.0942,0.0,-0.0002,0.0043,-0.0055
62788.0,192.9934,-26.7415,192.9934,-26.7416,192.9912,-26.7381,0.0,-0.0003,0.0011,-0.0129
62821.0,193.1073,-53.8314,193.1073,-53.8315,193.1025,-53.8294,0.0,-0.0002,0.0025,-0.0036
62763.0,192.9254,27.5442,192.9254,27.5441,192.9246,27.5406,0.0,0.0003,0.0004,0.0133
62807.0,193.051,17.0699,193.051,17.0698,193.0512,17.0739,0.0,0.0005,0.0001,0.0234
62861.0,193.2701,-54.9509,193.2701,-54.951,193.2663,-54.9525,0.0,-0.0002,0.002,-0.0029
62825.0,193.1156,16.1209,193.1155,16.1208,193.115,16.1225,0.0,0.0005,0.0003,0.0099
62894.0,193.34,-60.3308,193.34,-60.3309,193.3408,-60.3286,0.0,-0.0001,0.0004,-0.0036
62867.0,193.2852,-48.9407,193.2852,-48.9408,193.2788,-48.9433,0.0,-0.0002,0.0033,-0.0054
62896.0,193.3523,-40.1801,193.3523,-40.1802,193.3592,-40.1789,0.0,-0.0002,0.0036,-0.003
62931.0,193.4621,-60.3803,193.462,-60.3804,193.4546,-60.3769,0.0,-0.0001,0.0039,-0.0055
62875.0,193.2982,-3.5487,193.2981,-3.5488,193.2967,-3.5531,0.0,-0.0024,0.0008,-0.1215
62561.0,192.2929,83.418,192.2929,83.4179,192.2775,83.4181,0.0,0.0001,0.008,0.0001
62572.0,192.2938,83.408,192.2938,83.4079,192.3067,83.4128,0.0,0.0001,0.0067,0.0057
62886.0,193.3309,21.244,193.3309,21.2439,193.3242,21.245,0.0,0.0004,0.0035,0.0047
62986.0,193.5985,-58.4294,193.5985,-58.4295,193.5917,-58.4306,0.0,-0.0001,0.0036,-0.0019
62915.0,193.4064,-4.2272,193.4064,-4.2273,193.4088,-4.2239,0.0,-0.002,0.0012,-0.0786
63007.0,193.6731,-59.149,193.673,-59.1491,193.6633,-59.1467,0.0,-0.0001,0.005,-0.004
63003.0,193.6454,-57.1791,193.6454,-57.1791,193.6483,-57.1778,0.0,-0.0001,0.0015,-0.0022
63005.0,193.6636,-57.1689,193.6635,-57.169,193.6533,-57.1683,0.0,-0.0001,0.0053,-0.001
62933.0,193.4573,12.419,193.4572,12.4189,193.4571,12.4186,0.0,0.0007,0.0001,0.0032
62983.0,193.5809,-11.6453,193.5808,-11.6454,193.5779,-11.6486,0.0,-0.0007,0.0015,-0.0281
62985.0,193.5911,-9.5348,193.591,-9.5349,193.5883,-9.5389,0.0,-0.0009,0.0014,-0.0429
63033.0,193.7545,-44.147,193.7545,-44.147,193.7438,-44.1519,0.0,-0.0002,0.0056,-0.0113
62972.0,193.5561,33.5302,193.556,33.5301,193.5546,33.5344,0.0,0.0002,0.0008,0.0126
62956.0,193.5075,55.9646,193.5075,55.9645,193.5071,55.9597,0.0,0.0001,0.0002,0.0086
63066.0,193.8325,-42.9159,193.8325,-42.916,193.8308,-42.9158,0.0,-0.0002,0.0009,-0.0002
63165.0,194.1438,-72.1877,194.1437,-72.1878,194.1312,-72.1853,0.0,-0.0001,0.0064,-0.0033
63117.0,193.9832,-56.8363,193.9831,-56.8364,193.9875,-56.8361,0.0,-0.0001,0.0022,-0.0003
63024.0,193.7345,47.1966,193.7345,47.1965,193.7354,47.1967,0.0,0.0002,0.0005,0.0002
63090.0,193.9074,3.3995,193.9074,3.3994,193.9008,3.3975,0.0,0.0025,0.0034,0.0584
63109.0,193.9713,-15.328,193.9712,-15.328,193.9721,-15.3269,0.0,-0.0005,0.0004,-0.0066
63159.0,194.1254,-26.4578,194.1254,-26.4579,194.1254,-26.4603,0.0,-0.0003,0.0,-0.0093
63210.0,194.2633,-51.2019,194.2633,-51.202,194.2683,-51.1986,0.0,-0.0002,0.0026,-0.0064
63121.0,194.0056,38.3172,194.0055,38.3171,194.0017,38.3147,0.0,0.0002,0.002,0.0064
63125.0,194.0105,38.3168,194.0105,38.3167,194.0071,38.3183,0.0,0.0002,0.0018,0.004
63076.0,193.862,65.4431,193.862,65.443,193.8687,65.4386,0.0,0.0001,0.0035,0.0069
63143.0,194.0762,54.1035,194.0761,54.1034,194.0733,54.0994,0.0,0.0002,0.0015,0.0075
63243.0,194.3923,-22.7497,194.3923,-22.7497,194.3883,-22.7539,0.0,-0.0004,0.002,-0.0186
63211.0,194.2808,46.1751,194.2808,46.175,194.2821,46.1769,0.0,0.0002,0.0006,0.0041
63355.0,194.7317,17.411,194.7317,17.4109,194.7308,17.4094,0.0,0.0005,0.0004,0.0091
63414.0,194.9168,-3.8079,194.9168,-3.808,194.9146,-3.8119,0.0,-0.0022,0.0012,-0.1055
63613.0,195.5709,-71.5434,195.5709,-71.5435,195.5675,-71.5489,0.0,-0.0001,0.0018,-0.0077
63340.0,194.6822,75.4697,194.6822,75.4696,194.6971,75.4725,0.0,0.0001,0.0076,0.0037
63432.0,194.9923,66.5963,194.9922,66.5962,194.9796,66.5972,0.0,0.0001,0.0065,0.0014
63533.0,195.2888,17.1275,195.2888,17.1274,195.29,17.1231,0.0,0.0005,0.0006,0.0257
63688.0,195.7806,-71.4804,195.7805,-71.4805,195.7717,-71.4761,0.0,-0.0001,0.0046,-0.006
63608.0,195.5492,10.9552,195.5491,10.9551,195.5442,10.9592,0.0,0.0008,0.0026,0.0365
63724.0,195.8858,-49.5242,195.8858,-49.5243,195.8883,-49.5272,0.0,-0.0002,0.0013,-0.0061
63584.0,195.4465,63.6095,195.4464,63.6094,195.445,63.6103,0.0,0.0001,0.0007,0.0012
63738.0,195.9431,-20.5783,195.9431,-20.5784,195.9421,-20.5831,0.0,-0.0004,0.0005,-0.0232
63647.0,195.6651,59.7212,195.6651,59.7211,195.6683,59.7161,0.0,0.0001,0.0016,0.0085
63750.0,195.9763,-3.6649,195.9763,-3.665,195.9767,-3.6633,0.0,-0.0023,0.0002,-0.0438
63820.0,196.2059,-41.1913,196.2059,-41.1914,196.2004,-41.1967,0.0,-0.0002,0.0028,-0.0131
63883.0,196.3778,-52.1116,196.3778,-52.1117,196.3783,-52.115,0.0,-0.0002,0.0003,-0.0065
63945.0,196.5689,-48.4585,196.5688,-48.4586,196.5696,-48.4636,0.0,-0.0002,0.0004,-0.0105
63972.0,196.648,-41.5923,196.648,-41.5923,196.6462,-41.5886,0.0,-0.0002,0.0009,-0.0088
64004.0,196.7329,-49.9047,196.7328,-49.9048,196.7275,-49.9061,0.0,-0.0002,0.0027,-0.0028
63901.0,196.4365,35.7993,196.4364,35.7992,196.4354,35.7989,0.0,0.0002,0.0005,0.0012
64033.0,196.8558,-59.8593,196.8558,-59.8594,196.8508,-59.8606,0.0,-0.0001,0.0025,-0.0021
63916.0,196.4691,45.2711,196.4691,45.271,196.4679,45.2686,0.0,0.0002,0.0006,0.0055
63948.0,196.5874,21.1582,196.5874,21.1581,196.5883,21.1533,0.0,0.0004,0.0005,0.0231
64003.0,196.7197,-35.8565,196.7197,-35.8566,196.7262,-35.8619,0.0,-0.0002,0.0033,-0.0153
63933.0,196.5484,29.0317,196.5483,29.0316,196.5425,29.0294,0.0,0.0003,0.003,0.0077
63950.0,196.5932,22.6177,196.5931,22.6176,196.5942,22.6161,0.0,0.0004,0.0005,0.0069
63822.0,196.2123,73.0229,196.2123,73.0228,196.2071,73.0253,0.0,0.0001,0.0027,0.0033
64053.0,196.9019,-53.4551,196.9018,-53.4552,196.9096,-53.4597,0.0,-0.0002,0.0039,-0.0086
64094.0,197.0189,-65.3055,197.0188,-65.3056,197.0292,-65.3064,0.0,-0.0001,0.0052,-0.0014
63952.0,196.5939,62.0397,196.5939,62.0396,196.5946,62.0419,0.0,0.0001,0.0003,0.0036
64022.0,196.7952,27.6261,196.7952,27.626,196.7946,27.6247,0.0,0.0003,0.0003,0.005
64078.0,196.9772,-10.7415,196.9772,-10.7416,196.9742,-10.7403,0.0,-0.0008,0.0015,-0.0113
64077.0,196.9744,27.5568,196.9744,27.5567,196.9733,27.5558,0.0,0.0003,0.0005,0.0035
64122.0,197.1358,-8.9844,197.1358,-8.9845,197.1354,-8.9844,0.0,-0.0009,0.0002,-0.0002
64166.0,197.2649,-23.1217,197.2648,-23.1218,197.2638,-23.1181,0.0,-0.0004,0.0006,-0.0157
64181.0,197.3095,-9.5386,197.3094,-9.5386,197.31,-9.5383,0.0,-0.0009,0.0003,-0.0024
64179.0,197.3005,10.0237,197.3005,10.0236,197.3017,10.0222,0.0,0.0008,0.0006,0.0147
64224.0,197.44,-10.329,197.44,-10.3291,197.4388,-10.3294,0.0,-0.0008,0.0006,-0.0043
64226.0,197.4496,16.8515,197.4495,16.8514,197.4492,16.8486,0.0,0.0005,0.0002,0.0171
64238.0,197.4884,-5.5362,197.4884,-5.5363,197.4875,-5.5389,0.0,-0.0015,0.0005,-0.0485
64212.0,197.4152,37.4256,197.4152,37.4256,197.4112,37.4231,0.0,0.0002,0.002,0.0069
64320.0,197.7502,-52.567,197.7501,-52.5671,197.7433,-52.5669,0.0,-0.0002,0.0035,-0.0001
64390.0,197.9517,-69.9421,197.9517,-69.9422,197.965,-69.9419,0.0,-0.0001,0.0067,-0.0002
64217.0,197.425,38.5352,197.425,38.5351,197.425,38.5339,0.0,0.0002,0.0,0.0033
64241.0,197.5015,17.532,197.5014,17.5319,197.4971,17.5294,0.0,0.0005,0.0022,0.0147
,197.5015,17.532,197.5014,17.5319,197.4971,17.5294,0.0,0.0005,0.0022,0.0147
64332.0,197.7934,-42.2322,197.7933,-42.2323,197.7867,-42.2331,0.0,-0.0002,0.0034,-0.0019
64246.0,197.5157,38.4986,197.5156,38.4985,197.5133,38.4989,0.0,0.0002,0.0012,0.0008
64395.0,197.9794,-63.3002,197.9793,-63.3003,197.9712,-63.3028,0.0,-0.0001,0.0041,-0.004
64348.0,197.8439,-43.373,197.8439,-43.3731,197.8467,-43.3689,0.0,-0.0002,0.0014,-0.0096
64231.0,197.4563,62.2256,197.4563,62.2255,197.4592,62.2292,0.0,0.0001,0.0015,0.0057
64425.0,198.0813,-59.9154,198.0812,-59.9155,198.0725,-59.9208,0.0,-0.0001,0.0044,-0.009
64587.0,198.5824,-78.4488,198.5824,-78.4489,198.5717,-78.4472,0.0,-0.0001,0.0054,-0.002
64466.0,198.2088,-66.222,198.2088,-66.222,198.2037,-66.2269,0.0,-0.0001,0.0026,-0.0075
64375.0,197.9145,-26.5518,197.9145,-26.5519,197.9133,-26.5517,0.0,-0.0003,0.0006,-0.0004
64408.0,198.0252,-37.8011,198.0252,-37.8012,198.0133,-37.8031,0.0,-0.0002,0.006,-0.0051
64407.0,198.0157,-16.1936,198.0157,-16.1937,198.0146,-16.1986,0.0,-0.0005,0.0006,-0.0309
64472.0,198.2174,-42.6973,198.2173,-42.6974,198.2121,-42.6997,0.0,-0.0002,0.0027,-0.0056
64394.0,197.9787,27.8656,197.9787,27.8655,197.9683,27.8781,0.0,0.0003,0.0052,0.0448
64417.0,198.0396,24.2559,198.0396,24.2558,198.035,24.2581,0.0,0.0003,0.0023,0.0088
64445.0,198.1361,11.5585,198.136,11.5584,198.1371,11.5561,0.0,0.0007,0.0005,0.0207
64449.0,198.1516,18.7491,198.1516,18.749,198.1496,18.7517,0.0,0.0004,0.001,0.0137
64580.0,198.5428,-58.681,198.5428,-58.6811,198.5504,-58.6839,0.0,-0.0001,0.0038,-0.0049
64583.0,198.5764,-59.1012,198.5763,-59.1012,198.5617,-59.1033,0.0,-0.0001,0.0074,-0.0037
64520.0,198.363,-18.8229,198.363,-18.823,198.3617,-18.8267,0.0,-0.0004,0.0007,-0.0199
64557.0,198.4918,-43.1409,198.4918,-43.141,198.4896,-43.1389,0.0,-0.0002,0.0011,-0.0048
64496.0,198.3041,18.7274,198.304,18.7273,198.3017,18.7269,0.0,0.0004,0.0012,0.0023
64661.0,198.8195,-67.8975,198.8195,-67.8976,198.8121,-67.8944,0.0,-0.0001,0.0037,-0.0046
64682.0,198.8654,-69.6737,198.8654,-69.6738,198.8571,-69.6797,0.0,-0.0001,0.0042,-0.0086
64577.0,198.5504,-19.9297,198.5504,-19.9298,198.5454,-19.9308,0.0,-0.0004,0.0025,-0.0054
64623.0,198.6756,-48.9541,198.6756,-48.9542,198.6796,-48.9567,0.0,-0.0002,0.002,-0.0052
64540.0,198.4321,40.1549,198.4321,40.1548,198.4292,40.1528,0.0,0.0002,0.0015,0.0052
64607.0,198.6284,11.3334,198.6284,11.3333,198.6304,11.3317,0.0,0.0007,0.001,0.0153
64651.0,198.7954,-36.3659,198.7954,-36.366,198.7904,-36.3711,0.0,-0.0002,0.0025,-0.0143
64790.0,199.1875,-65.1409,199.1875,-65.141,199.1867,-65.1383,0.0,-0.0001,0.0004,-0.004
64725.0,198.9935,-19.9379,198.9934,-19.938,198.995,-19.9431,0.0,-0.0004,0.0008,-0.0256
64820.0,199.2937,-66.7847,199.2937,-66.7848,199.3042,-66.7836,0.0,-0.0001,0.0052,-0.0017
64527.0,198.3721,72.8009,198.372,72.8009,198.3833,72.7989,0.0,0.0001,0.0057,0.0028
64692.0,198.886,40.8573,198.8859,40.8572,198.8833,40.8553,0.0,0.0002,0.0013,0.005
64769.0,199.1082,-1.3937,199.1081,-1.3938,199.1063,-1.3906,0.0,-0.006,0.001,-0.2266
64803.0,199.2186,-31.5089,199.2186,-31.509,199.2212,-31.5061,0.0,-0.0003,0.0013,-0.0089
64751.0,199.0581,19.0543,199.058,19.0542,199.0596,19.0517,0.0,0.0004,0.0008,0.0137
64822.0,199.3012,-43.977,199.3012,-43.9771,199.3079,-43.9794,0.0,-0.0002,0.0034,-0.0056
64437.0,198.1143,80.4741,198.1143,80.4741,198.1058,80.4714,0.0,0.0001,0.0043,0.0034
64779.0,199.1375,19.7828,199.1375,19.7827,199.1346,19.7853,0.0,0.0004,0.0015,0.0124
64792.0,199.1976,9.4229,199.1976,9.4228,199.1938,9.4242,0.0,0.0009,0.0019,0.0134
64994.0,199.8438,-72.0334,199.8438,-72.0335,199.8288,-72.0356,0.0,-0.0001,0.0075,-0.003
64823.0,199.3129,13.6775,199.3129,13.6774,199.315,13.6756,0.0,0.0006,0.001,0.014
64852.0,199.401,5.4667,199.401,5.4666,199.4012,5.4697,0.0,0.0015,0.0001,0.0551
64933.0,199.6375,-51.2842,199.6375,-51.2843,199.6442,-51.2861,0.0,-0.0002,0.0033,-0.0037
64844.0,199.3863,40.5676,199.3863,40.5675,199.3854,40.5725,0.0,0.0002,0.0005,0.012
64774.0,199.1139,68.4093,199.1139,68.4093,199.1192,68.4081,0.0,0.0001,0.0026,0.0019
64924.0,199.6159,-18.3016,199.6159,-18.3017,199.6013,-18.3114,0.0,-0.0005,0.0073,-0.0534
64962.0,199.7322,-23.1753,199.7322,-23.1753,199.7304,-23.1717,0.0,-0.0004,0.0009,-0.0155
64954.0,199.7146,3.6866,199.7145,3.6865,199.7129,3.6878,0.0,0.0023,0.0008,0.0326
64927.0,199.6146,34.097,199.6145,34.0969,199.6158,34.0981,0.0,0.0002,0.0006,0.003
64906.0,199.5603,49.6776,199.5602,49.6776,199.5604,49.6819,0.0,0.0002,0.0001,0.0087
65108.0,200.1513,-59.7738,200.1513,-59.7739,200.1454,-59.7733,0.0,-0.0001,0.003,-0.0007
64979.0,199.7675,35.1262,199.7674,35.1261,199.7675,35.1281,0.0,0.0002,0.0,0.0052
65112.0,200.1601,-52.7476,200.1601,-52.7477,200.1575,-52.7481,0.0,-0.0002,0.0013,-0.0009
65129.0,200.2016,-55.805,200.2016,-55.805,200.2013,-55.8006,0.0,-0.0001,0.0002,-0.0079
65109.0,200.1511,-36.714,200.151,-36.714,200.1492,-36.7122,0.0,-0.0002,0.0009,-0.0047
65144.0,200.2476,-46.8809,200.2475,-46.881,200.2404,-46.8806,0.0,-0.0002,0.0036,-0.0007
65289.0,200.7253,-72.1426,200.7253,-72.1426,200.7192,-72.1467,0.0,-0.0001,0.0031,-0.0057
65119.0,200.1739,2.9407,200.1739,2.9406,200.1733,2.9417,0.0,0.0028,0.0003,0.0336
65072.0,200.0807,40.1508,200.0807,40.1507,200.0792,40.1506,0.0,0.0002,0.0008,0.0005
65183.0,200.3754,-19.486,200.3754,-19.4861,200.3746,-19.4889,0.0,-0.0004,0.0004,-0.0148
,200.6404,-60.9738,200.6404,-60.9738,200.6488,-60.9722,0.0,-0.0001,0.0042,-0.0025
65271.0,200.6658,-60.9924,200.6658,-60.9925,200.6579,-60.9883,0.0,-0.0001,0.0039,-0.0067
65247.0,200.5708,-52.1841,200.5708,-52.1842,200.5675,-52.1831,0.0,-0.0002,0.0016,-0.0019
65198.0,200.4238,2.0863,200.4238,2.0862,200.4233,2.0872,0.0,0.004,0.0002,0.0437
65288.0,200.7135,-47.9403,200.7135,-47.9404,200.7196,-47.9431,0.0,-0.0002,0.003,-0.0058
65303.0,200.7585,-48.5615,200.7585,-48.5615,200.7608,-48.5628,0.0,-0.0002,0.0012,-0.0027
65241.0,200.5424,5.1564,200.5423,5.1563,200.5404,5.1547,0.0,0.0016,0.001,0.0319
65387.0,200.9888,-64.5312,200.9888,-64.5313,201.0021,-64.5358,0.0,-0.0001,0.0066,-0.0072
65468.0,201.2781,-74.8851,201.2781,-74.8852,201.2796,-74.8878,0.0,-0.0001,0.0007,-0.0035
65311.0,200.7866,-33.1934,200.7866,-33.1935,200.7862,-33.19,0.0,-0.0003,0.0002,-0.0103
65301.0,200.7547,-17.7327,200.7547,-17.7327,200.7546,-17.7353,0.0,-0.0005,0.0001,-0.0147
65230.0,200.5214,43.9072,200.5213,43.9071,200.5158,43.9031,0.0,0.0002,0.0028,0.0094
65372.0,200.9766,-49.8236,200.9766,-49.8237,200.9679,-49.8231,0.0,-0.0002,0.0043,-0.0011
65323.0,200.8311,-4.9283,200.8311,-4.9284,200.8287,-4.9244,0.0,-0.0017,0.0012,-0.0784
65479.0,201.3023,-64.4835,201.3023,-64.4836,201.3079,-64.4853,0.0,-0.0001,0.0028,-0.0027
65522.0,201.4525,-70.63,201.4525,-70.6301,201.4587,-70.6275,0.0,-0.0001,0.0031,-0.0036
65420.0,201.1353,-5.1649,201.1352,-5.165,201.1383,-5.1639,0.0,-0.0016,0.0015,-0.0199
65628.0,201.8167,-74.6939,201.8167,-74.694,201.8262,-74.6919,0.0,-0.0001,0.0047,-0.0026
65376.0,200.9778,37.0363,200.9778,37.0362,200.975,37.0339,0.0,0.0002,0.0014,0.0065
65417.0,201.1261,12.4363,201.1261,12.4362,201.1271,12.4319,0.0,0.0007,0.0005,0.0349
65378.0,200.9814,54.9245,200.9814,54.9244,200.9812,54.9253,0.0,0.0002,0.0001,0.0015
,200.9814,54.9245,200.9814,54.9244,200.985,54.9217,0.0,0.0002,0.0018,0.0051
65474.0,201.2978,-11.166,201.2977,-11.1661,201.2983,-11.1614,0.0,-0.0007,0.0003,-0.0413
65466.0,201.2766,23.8552,201.2766,23.8551,201.2779,23.8544,0.0,0.0004,0.0006,0.003
65535.0,201.5239,-39.7561,201.5239,-39.7562,201.5325,-39.7553,0.0,-0.0002,0.0043,-0.0021
65545.0,201.55,-1.1915,201.55,-1.1915,201.5475,-1.1925,0.0,-0.007,0.0013,-0.088
65593.0,201.7398,-41.5009,201.7398,-41.501,201.7338,-41.4981,0.0,-0.0002,0.003,-0.0068
65606.0,201.773,-49.1474,201.773,-49.1475,201.7762,-49.1439,0.0,-0.0002,0.0016,-0.0071
65477.0,201.3049,54.9868,201.3048,54.9867,201.3062,54.9881,0.0,0.0002,0.0007,0.0022
65630.0,201.84,-49.3836,201.84,-49.3836,201.8367,-49.3808,0.0,-0.0002,0.0017,-0.0055
65581.0,201.6806,-12.7119,201.6806,-12.712,201.68,-12.7078,0.0,-0.0007,0.0003,-0.0324
65621.0,201.8094,-40.1582,201.8093,-40.1583,201.8112,-40.1631,0.0,-0.0002,0.0009,-0.012
65755.0,202.1841,-69.6254,202.1841,-69.6255,202.1933,-69.6281,0.0,-0.0001,0.0045,-0.0038
65550.0,201.5666,46.0265,201.5666,46.0264,201.5692,46.0281,0.0,0.0002,0.0013,0.0034
65639.0,201.8666,-15.9741,201.8666,-15.9742,201.8633,-15.9736,0.0,-0.0005,0.0016,-0.0032
65783.0,202.2822,-64.6772,202.2822,-64.6773,202.2817,-64.6758,0.0,-0.0001,0.0002,-0.0021
65530.0,201.5093,63.258,201.5092,63.2579,201.4996,63.2611,0.0,0.0001,0.0048,0.0049
65810.0,202.36,-51.1641,202.36,-51.1642,202.355,-51.1653,0.0,-0.0002,0.0025,-0.0023
65721.0,202.1085,13.7903,202.1084,13.7903,202.1075,13.7789,0.0,0.0006,0.0005,0.0831
65536.0,201.5218,72.3911,201.5218,72.3911,201.5338,72.3914,0.0,0.0001,0.0059,0.0003
65603.0,201.7762,64.7395,201.7762,64.7394,201.7692,64.7356,0.0,0.0001,0.0035,0.0061
65613.0,201.7939,64.7173,201.7938,64.7172,201.7946,64.7194,0.0,0.0001,0.0004,0.0034
65678.0,202.0004,52.7461,202.0003,52.7461,201.9979,52.7458,0.0,0.0002,0.0012,0.0006
65723.0,202.1127,40.7339,202.1127,40.7338,202.1092,40.7297,0.0,0.0002,0.0017,0.0103
65796.0,202.3139,-1.3623,202.3139,-1.3623,202.3121,-1.3644,0.0,-0.0061,0.0009,-0.1599
65698.0,202.0476,50.5857,202.0476,50.5857,202.0487,50.5872,0.0,0.0002,0.0005,0.0029
65835.0,202.4258,-23.2815,202.4258,-23.2816,202.4283,-23.2814,0.0,-0.0004,0.0013,-0.0004
65790.0,202.3069,10.8143,202.3069,10.8142,202.3042,10.8183,0.0,0.0008,0.0014,0.0372
66121.0,203.3171,-77.563,203.3172,-77.5631,203.3117,-77.5683,0.0,-0.0001,0.0027,-0.0069
65754.0,202.19,50.7231,202.1899,50.723,202.1904,50.7183,0.0,0.0002,0.0002,0.0093
66753.0,205.2102,-85.7875,205.2104,-85.7876,205.2312,-85.7861,0.0001,-0.0001,0.0102,-0.0016
65728.0,202.1209,59.9492,202.1209,59.9491,202.1129,59.9458,0.0,0.0001,0.004,0.0056
65862.0,202.5023,7.1776,202.5023,7.1775,202.5004,7.1789,0.0,0.0012,0.0009,0.0181
65892.0,202.6063,-6.4722,202.6063,-6.4722,202.6071,-6.4703,0.0,-0.0013,0.0004,-0.029
65936.0,202.7602,-39.4035,202.7602,-39.4036,202.7613,-39.4075,0.0,-0.0002,0.0005,-0.0102
65969.0,202.8879,-28.1093,202.8879,-28.1094,202.8888,-28.1128,0.0,-0.0003,0.0004,-0.0122
65595.0,201.7452,78.6446,201.7452,78.6445,201.7363,78.6439,0.0,0.0001,0.0045,0.0009
66019.0,203.0172,-38.3953,203.0172,-38.3953,203.0221,-38.3992,0.0,-0.0002,0.0024,-0.0102
66152.0,203.409,-65.6356,203.409,-65.6357,203.3988,-65.6325,0.0,-0.0001,0.005,-0.0048
66015.0,203.0133,-18.7268,203.0132,-18.7269,203.0117,-18.7289,0.0,-0.0004,0.0008,-0.011
66006.0,202.9918,-6.251,202.9918,-6.2511,202.9912,-6.2558,0.0,-0.0013,0.0003,-0.0775
65951.0,202.8161,42.1018,202.816,42.1017,202.8158,42.1061,0.0,0.0002,0.0001,0.0102
66065.0,203.151,-28.6962,203.1509,-28.6963,203.1496,-28.6928,0.0,-0.0003,0.0007,-0.0121
66060.0,203.1464,-29.5627,203.1463,-29.5628,203.1438,-29.5653,0.0,-0.0003,0.0013,-0.0088
66091.0,203.213,-15.3593,203.2129,-15.3594,203.2154,-15.3631,0.0,-0.0005,0.0012,-0.0242
66098.0,203.2421,-10.1656,203.2421,-10.1657,203.2421,-10.165,0.0,-0.0008,0.0,-0.006
66100.0,203.2516,-7.1965,203.2515,-7.1966,203.2529,-7.195,0.0,-0.0012,0.0007,-0.0209
66086.0,203.2034,24.3475,203.2033,24.3474,203.2004,24.3464,0.0,0.0003,0.0015,0.0045
66236.0,203.6214,-48.2757,203.6214,-48.2758,203.6204,-48.2722,0.0,-0.0002,0.0005,-0.0072
66254.0,203.6862,-33.3134,203.6861,-33.3134,203.6817,-33.3108,0.0,-0.0002,0.0022,-0.0076
66200.0,203.5338,3.6595,203.5337,3.6594,203.5329,3.6589,0.0,0.0023,0.0004,0.0165
66247.0,203.67,-13.209,203.67,-13.209,203.6688,-13.2144,0.0,-0.0006,0.0006,-0.0416
66223.0,203.5915,38.7904,203.5915,38.7903,203.5908,38.7892,0.0,0.0002,0.0003,0.0031
66198.0,203.5319,55.3452,203.5318,55.3451,203.5304,55.3486,0.0,0.0002,0.0007,0.0062
66257.0,203.6956,37.1818,203.6955,37.1817,203.6992,37.1825,0.0,0.0002,0.0018,0.002
66320.0,203.8818,-5.3994,203.8818,-5.3995,203.8804,-5.3961,0.0,-0.0015,0.0007,-0.0612
66438.0,204.3007,-61.6911,204.3006,-61.6912,204.3008,-61.6919,0.0,-0.0001,0.0001,-0.0014
66326.0,203.889,10.2068,203.889,10.2068,203.8888,10.2047,0.0,0.0008,0.0001,0.0208
66607.0,204.7877,-75.6823,204.7877,-75.6823,204.7996,-75.6839,0.0,-0.0001,0.0058,-0.0021
66294.0,203.8109,44.2,203.8108,44.1999,203.8088,44.1969,0.0,0.0002,0.001,0.0068
66405.0,204.2111,-34.4708,204.2111,-34.4709,204.2104,-34.4678,0.0,-0.0002,0.0003,-0.0088
66427.0,204.2754,-44.1389,204.2754,-44.139,204.275,-44.1433,0.0,-0.0002,0.0002,-0.0101
66574.0,204.7053,-70.4448,204.7053,-70.4449,204.6904,-70.445,0.0,-0.0001,0.0073,-0.0003
66400.0,204.1984,-26.4929,204.1984,-26.493,204.2017,-26.495,0.0,-0.0003,0.0016,-0.0078
66454.0,204.3471,-46.4289,204.3471,-46.429,204.3488,-46.4283,0.0,-0.0002,0.0008,-0.0013
66521.0,204.535,-58.4176,204.5349,-58.4177,204.5317,-58.415,0.0,-0.0001,0.0016,-0.0045
66417.0,204.2515,24.6126,204.2514,24.6126,204.2462,24.6133,0.0,0.0003,0.0026,0.0028
66575.0,204.6964,-57.6188,204.6964,-57.6188,204.7046,-57.6231,0.0,-0.0001,0.004,-0.0074
66668.0,204.9959,-70.7929,204.9959,-70.793,205.0025,-70.7883,0.0,-0.0001,0.0032,-0.0065
66385.0,204.1634,49.4853,204.1633,49.4852,204.1658,49.4867,0.0,0.0002,0.0012,0.0028
66458.0,204.3664,36.2932,204.3664,36.2931,204.365,36.295,0.0,0.0002,0.0007,0.0051
66563.0,204.6744,-29.5644,204.6743,-29.5645,204.675,-29.5608,0.0,-0.0003,0.0003,-0.0121
66522.0,204.5319,14.3033,204.5318,14.3032,204.5329,14.3017,0.0,0.0006,0.0005,0.0116
66681.0,205.0575,-64.5772,205.0575,-64.5772,205.0454,-64.5769,0.0,-0.0001,0.0059,-0.0003
66251.0,203.68,76.5513,203.6799,76.5512,203.6783,76.5467,0.0,0.0001,0.0008,0.006
66657.0,204.9691,-53.4677,204.9691,-53.4678,204.9717,-53.4664,0.0,-0.0002,0.0012,-0.0024
66475.0,204.4339,50.7181,204.4338,50.7181,204.4292,50.7147,0.0,0.0002,0.0023,0.0067
66666.0,205.001,-49.9497,205.001,-49.9498,204.9988,-49.9503,0.0,-0.0002,0.0011,-0.0011
66645.0,204.9154,-39.7446,204.9154,-39.7446,204.92,-39.7481,0.0,-0.0002,0.0022,-0.0088
66656.0,204.9492,-40.0557,204.9492,-40.0558,204.9525,-40.0519,0.0,-0.0002,0.0016,-0.0094
66594.0,204.7568,18.2688,204.7567,18.2687,204.7596,18.2653,0.0,0.0005,0.0014,0.0193
66640.0,204.8968,10.7448,204.8967,10.7447,204.8942,10.7461,0.0,0.0008,0.0013,0.0122
66435.0,204.2962,71.2426,204.2961,71.2425,204.2958,71.2422,0.0,0.0001,0.0002,0.0005
66849.0,205.5099,-58.7888,205.5099,-58.7889,205.5046,-58.7872,0.0,-0.0001,0.0026,-0.0027
66821.0,205.4346,-54.5554,205.4346,-54.5555,205.4362,-54.56,0.0,-0.0002,0.0008,-0.0085
66634.0,204.882,52.9193,204.8819,52.9192,204.8767,52.9214,0.0,0.0002,0.0026,0.0039
66727.0,205.1701,19.955,205.17,19.9549,205.1688,19.9556,0.0,0.0004,0.0006,0.0029
66725.0,205.1639,28.0648,205.1639,28.0647,205.1629,28.0653,0.0,0.0003,0.0005,0.0018
66800.0,205.379,-23.446,205.379,-23.4461,205.3788,-23.4497,0.0,-0.0004,0.0001,-0.0157
66825.0,205.4386,-33.5994,205.4386,-33.5995,205.4404,-33.5969,0.0,-0.0002,0.0009,-0.0074
66704.0,205.0992,50.5161,205.0992,50.5161,205.0967,50.5194,0.0,0.0002,0.0012,0.0065
66763.0,205.2567,22.4977,205.2566,22.4976,205.2596,22.4958,0.0,0.0004,0.0014,0.0082
66803.0,205.4053,-8.7041,205.4053,-8.7042,205.4033,-8.7031,0.0,-0.001,0.001,-0.0118
66925.0,205.7381,-56.7651,205.7381,-56.7651,205.7337,-56.7681,0.0,-0.0001,0.0021,-0.0053
66923.0,205.7366,-50.7939,205.7366,-50.794,205.7275,-50.7906,0.0,-0.0002,0.0044,-0.0066
66700.0,205.0881,57.2109,205.088,57.2108,205.0887,57.2075,0.0,0.0001,0.0003,0.006
66738.0,205.1858,54.6837,205.1858,54.6836,205.1846,54.6817,0.0,0.0002,0.0006,0.0036
66924.0,205.7264,-41.4032,205.7263,-41.4033,205.7292,-41.4011,0.0,-0.0002,0.0014,-0.0051
66860.0,205.5557,8.3912,205.5557,8.3911,205.5529,8.3883,0.0,0.001,0.0014,0.0345
66984.0,205.9201,-42.0677,205.9201,-42.0678,205.9167,-42.0675,0.0,-0.0002,0.0017,-0.0005
66936.0,205.7702,3.5415,205.7702,3.5414,205.7654,3.5381,0.0,0.0023,0.0023,0.0959
66892.0,205.6186,41.6721,205.6186,41.672,205.62,41.6742,0.0,0.0002,0.0007,0.005
66907.0,205.6848,34.99,205.6847,34.9899,205.6808,34.9889,0.0,0.0002,0.0019,0.0032
66798.0,205.3768,64.8229,205.3767,64.8228,205.3746,64.8225,0.0,0.0001,0.0011,0.0006
67004.0,205.977,-5.502,205.9769,-5.502,205.9762,-5.4989,0.0,-0.0015,0.0003,-0.0557
66992.0,205.9365,22.7024,205.9365,22.7024,205.9383,22.7003,0.0,0.0004,0.0009,0.0095
67057.0,206.1233,-16.1792,206.1233,-16.1793,206.1242,-16.1792,0.0,-0.0005,0.0004,-0.0001
67071.0,206.1938,-25.496,206.1938,-25.496,206.1904,-25.5008,0.0,-0.0003,0.0017,-0.0191
67143.0,206.4035,-26.1184,206.4035,-26.1185,206.4038,-26.1161,0.0,-0.0003,0.0001,-0.0088
67153.0,206.4303,-33.0453,206.4303,-33.0454,206.4217,-33.0439,0.0,-0.0002,0.0042,-0.0042
67005.0,205.9784,52.0632,205.9784,52.0632,205.9779,52.0644,0.0,0.0002,0.0003,0.0023
67139.0,206.3992,-15.7638,206.3992,-15.7638,206.3962,-15.7675,0.0,-0.0005,0.0014,-0.0237
67261.0,206.8009,-62.5902,206.8009,-62.5902,206.7946,-62.59,0.0,-0.0001,0.0031,-0.0003
67234.0,206.6595,-51.437,206.6595,-51.4371,206.6638,-51.4328,0.0,-0.0002,0.0021,-0.0082
67172.0,206.485,-12.4294,206.485,-12.4295,206.4846,-12.4267,0.0,-0.0007,0.0002,-0.0224
67244.0,206.7315,-36.2476,206.7315,-36.2477,206.735,-36.2519,0.0,-0.0002,0.0017,-0.0119
67292.0,206.8612,-50.2508,206.8612,-50.2509,206.865,-50.2494,0.0,-0.0002,0.0018,-0.0026
67304.0,206.9187,-50.3245,206.9187,-50.3246,206.91,-50.3211,0.0,-0.0002,0.0042,-0.0067
67103.0,206.3031,55.8788,206.3031,55.8788,206.305,55.8794,0.0,0.0001,0.0009,0.0011
67271.0,206.8057,-9.707,206.8056,-9.7071,206.8062,-9.7092,0.0,-0.0008,0.0003,-0.0225
67194.0,206.5581,41.0895,206.558,41.0894,206.5562,41.0886,0.0,0.0002,0.0009,0.0021
67210.0,206.5781,38.5034,206.578,38.5033,206.5792,38.5039,0.0,0.0002,0.0005,0.0013
67288.0,206.8545,-17.8584,206.8545,-17.8585,206.8558,-17.86,0.0,-0.0005,0.0006,-0.0091
67239.0,206.6769,25.7032,206.6768,25.7031,206.6804,25.7022,0.0,0.0003,0.0017,0.0039
67246.0,206.7457,6.3471,206.7456,6.347,206.7379,6.3506,0.0,0.0013,0.0037,0.0552
66903.0,205.6739,78.0607,205.6738,78.0607,205.6638,78.0644,0.0,0.0001,0.0049,0.0047
67275.0,206.8253,17.4541,206.8253,17.454,206.8154,17.4567,0.0,0.0005,0.0048,0.0146
67250.0,206.7531,38.5433,206.7531,38.5432,206.7492,38.5428,0.0,0.0002,0.0019,0.0013
67231.0,206.6434,54.431,206.6434,54.4309,206.6488,54.4328,0.0,0.0002,0.0026,0.0033
68009.0,208.9347,-82.6607,208.9348,-82.6608,208.9112,-82.6661,0.0001,-0.0001,0.0112,-0.0065
67408.0,207.2423,-35.7021,207.2423,-35.7022,207.2296,-35.7039,0.0,-0.0002,0.0061,-0.005
67464.0,207.3701,-41.6844,207.3701,-41.6845,207.3762,-41.6878,0.0,-0.0002,0.003,-0.0081
67301.0,206.8902,49.3143,206.8902,49.3142,206.885,49.3133,0.0,0.0002,0.0025,0.0019
67457.0,207.3597,-34.4493,207.3597,-34.4494,207.3612,-34.4508,0.0,-0.0002,0.0007,-0.0045
67472.0,207.4061,-42.4704,207.4061,-42.4705,207.4042,-42.4739,0.0,-0.0002,0.0009,-0.0081
67664.0,207.952,-69.3983,207.9521,-69.3984,207.9475,-69.4014,0.0,-0.0001,0.0022,-0.0044
67384.0,207.1606,31.1884,207.1605,31.1883,207.1612,31.1903,0.0,0.0003,0.0003,0.006
67494.0,207.4716,-18.1352,207.4716,-18.1353,207.4679,-18.1342,0.0,-0.0005,0.0018,-0.006
67523.0,207.5291,-29.0809,207.5291,-29.081,207.5271,-29.0814,0.0,-0.0003,0.001,-0.0016
67537.0,207.5776,-39.9046,207.5775,-39.9047,207.5808,-39.9011,0.0,-0.0002,0.0016,-0.0088
67410.0,207.2364,39.5433,207.2363,39.5432,207.2383,39.5428,0.0,0.0002,0.001,0.0014
67459.0,207.3701,15.7971,207.3701,15.7971,207.3692,15.7978,0.0,0.0005,0.0004,0.0041
67480.0,207.4275,21.2653,207.4275,21.2652,207.4283,21.2642,0.0,0.0004,0.0004,0.0054
67555.0,207.6413,-19.8994,207.6412,-19.8994,207.6438,-19.8972,0.0,-0.0004,0.0012,-0.0108
66878.0,205.5732,82.7576,205.5731,82.7575,205.5962,82.7525,0.0001,0.0001,0.0112,0.0062
67483.0,207.4437,36.6344,207.4437,36.6343,207.4375,36.6328,0.0,0.0002,0.003,0.0044
67545.0,207.6026,5.4949,207.6026,5.4948,207.6029,5.4972,0.0,0.0015,0.0001,0.042
67663.0,207.9477,-46.896,207.9477,-46.896,207.9467,-46.8992,0.0,-0.0002,0.0005,-0.0068
67703.0,208.0198,-52.8141,208.0198,-52.8142,208.02,-52.8117,0.0,-0.0002,0.0001,-0.0046
67620.0,207.841,-24.3923,207.8409,-24.3923,207.835,-24.3908,0.0,-0.0003,0.0029,-0.0058
67669.0,207.9542,-32.9938,207.9542,-32.9939,207.9567,-32.9944,0.0,-0.0002,0.0012,-0.0019
,207.9542,-32.9938,207.9542,-32.9939,207.9588,-32.9947,0.0,-0.0002,0.0022,-0.0027
67696.0,208.0031,-31.6239,208.0031,-31.624,208.0038,-31.6194,0.0,-0.0003,0.0003,-0.0141
67485.0,207.439,61.4937,207.4389,61.4936,207.4396,61.4892,0.0,0.0001,0.0003,0.0073
67596.0,207.7669,34.7713,207.7668,34.7712,207.7688,34.7725,0.0,0.0002,0.0009,0.0035
67605.0,207.7902,34.6662,207.7902,34.6661,207.7883,34.6644,0.0,0.0002,0.0009,0.005
67548.0,207.615,58.5431,207.6149,58.543,207.6154,58.5394,0.0,0.0001,0.0002,0.0063
67836.0,208.434,-53.3708,208.434,-53.3709,208.4296,-53.3736,0.0,-0.0002,0.0021,-0.0052
67942.0,208.7076,-67.6517,208.7076,-67.6518,208.7038,-67.6525,0.0,-0.0001,0.0018,-0.0012
67665.0,207.9481,34.4444,207.9481,34.4444,207.9479,34.4442,0.0,0.0002,0.0001,0.0008
67714.0,208.0789,12.1626,208.0788,12.1625,208.0767,12.1653,0.0,0.0007,0.0011,0.0218
67786.0,208.3048,-31.926,208.3048,-31.9261,208.3021,-31.9278,0.0,-0.0003,0.0013,-0.0056
67819.0,208.3892,-35.6635,208.3892,-35.6636,208.3867,-35.6642,0.0,-0.0002,0.0012,-0.0018
67861.0,208.4852,-47.1236,208.4852,-47.1236,208.4871,-47.1281,0.0,-0.0002,0.0009,-0.0095
67851.0,208.4771,-35.312,208.4771,-35.312,208.4675,-35.3144,0.0,-0.0002,0.0046,-0.007
67787.0,208.3066,17.9322,208.3066,17.9321,208.3037,17.9328,0.0,0.0005,0.0014,0.0034
67627.0,207.8587,64.7182,207.8586,64.7182,207.8579,64.7233,0.0,0.0001,0.0004,0.0079
67589.0,207.7614,68.315,207.7613,68.315,207.7467,68.3153,0.0,0.0001,0.0071,0.0003
67890.0,208.5681,-28.5704,208.5681,-28.5705,208.5692,-28.5697,0.0,-0.0003,0.0005,-0.0023
67782.0,208.2978,28.6489,208.2978,28.6488,208.2929,28.6481,0.0,0.0003,0.0024,0.0028
67973.0,208.8042,-52.1592,208.8042,-52.1593,208.8008,-52.1611,0.0,-0.0002,0.0016,-0.0037
68002.0,208.8876,-47.2904,208.8876,-47.2905,208.885,-47.2883,0.0,-0.0002,0.0013,-0.0044
67929.0,208.6772,-1.5012,208.6772,-1.5013,208.6754,-1.5031,0.0,-0.0055,0.0009,-0.1238
67953.0,208.7483,-8.0611,208.7483,-8.0612,208.7425,-8.0589,0.0,-0.001,0.0028,-0.0272
68080.0,209.088,-54.129,209.088,-54.129,209.0825,-54.1319,0.0,-0.0002,0.0026,-0.0055
67927.0,208.6734,18.4004,208.6734,18.4003,208.6713,18.3978,0.0,0.0004,0.0011,0.0143
68101.0,209.1316,-54.7009,209.1316,-54.701,209.1375,-54.7044,0.0,-0.0001,0.0028,-0.0065
68021.0,208.9381,-31.281,208.9381,-31.2811,208.9354,-31.285,0.0,-0.0003,0.0013,-0.0127
67848.0,208.4679,53.7329,208.4678,53.7328,208.4625,53.7286,0.0,0.0002,0.0026,0.0079
68079.0,209.0869,-46.5925,209.0869,-46.5926,209.0812,-46.5925,0.0,-0.0002,0.0027,-0.0
68191.0,209.4099,-63.6849,209.4099,-63.685,209.4121,-63.6867,0.0,-0.0001,0.001,-0.0028
68270.0,209.631,-65.801,209.631,-65.8011,209.63,-65.8006,0.0,-0.0001,0.0005,-0.0007
68030.0,208.9614,14.059,208.9614,14.0589,208.9583,14.0564,0.0,0.0006,0.0015,0.0186
68092.0,209.1188,1.0497,209.1187,1.0496,209.1162,1.0506,0.0,0.0078,0.0012,0.0829
68065.0,209.0489,32.0319,209.0488,32.0319,209.0438,32.0325,0.0,0.0003,0.0025,0.0017
68177.0,209.3648,-23.0268,209.3648,-23.0269,209.3654,-23.0228,0.0,-0.0004,0.0003,-0.0175
68103.0,209.14,27.4927,209.14,27.4926,209.1425,27.4919,0.0,0.0003,0.0012,0.0029
68245.0,209.5731,-42.1015,209.5731,-42.1016,209.5679,-42.1008,0.0,-0.0002,0.0025,-0.0017
68282.0,209.6745,-44.8017,209.6745,-44.8018,209.67,-44.8036,0.0,-0.0002,0.0021,-0.0043
68269.0,209.6292,-24.9703,209.6292,-24.9704,209.6296,-24.9722,0.0,-0.0003,0.0002,-0.0076
68333.0,209.8182,-50.3668,209.8182,-50.3669,209.8221,-50.37,0.0,-0.0002,0.0018,-0.0064
68279.0,209.6702,14.648,209.6702,14.6479,209.6662,14.6494,0.0,0.0006,0.0019,0.0101
68276.0,209.6638,21.6959,209.6638,21.6958,209.6621,21.6961,0.0,0.0004,0.0008,0.001
68184.0,209.3822,61.4857,209.3821,61.4856,209.3838,61.4928,0.0,0.0001,0.0007,0.0115
68380.0,209.9533,-3.5449,209.9533,-3.545,209.9554,-3.5497,0.0,-0.0023,0.001,-0.1354
68493.0,210.331,-40.2184,210.3309,-40.2185,210.3292,-40.2222,0.0,-0.0002,0.0008,-0.0094
68523.0,210.4387,-45.605,210.4387,-45.6051,210.4308,-45.6036,0.0,-0.0002,0.0037,-0.003
68815.0,211.3278,-76.7927,211.3279,-76.7927,211.3325,-76.7967,0.0,-0.0001,0.0022,-0.0052
68498.0,210.3328,8.8984,210.3328,8.8983,210.335,8.8947,0.0,0.0009,0.001,0.0412
68478.0,210.2963,27.3875,210.2962,27.3874,210.2938,27.3867,0.0,0.0003,0.0012,0.0031
68520.0,210.4109,1.548,210.4109,1.548,210.4117,1.5444,0.0,0.0053,0.0003,0.2325
68581.0,210.5919,-27.4335,210.5918,-27.4336,210.595,-27.43,0.0,-0.0003,0.0015,-0.0129
68670.0,210.8621,-56.2159,210.8621,-56.216,210.8592,-56.2136,0.0,-0.0001,0.0014,-0.0041
68702.0,210.9624,-60.3732,210.9624,-60.3733,210.9558,-60.3731,0.0,-0.0001,0.0031,-0.0002
68641.0,210.7595,-31.6868,210.7595,-31.6869,210.7571,-31.6839,0.0,-0.0003,0.0012,-0.0093
68673.0,210.863,-41.4235,210.863,-41.4236,210.8646,-41.4233,0.0,-0.0002,0.0008,-0.0005
68594.0,210.6362,9.6839,210.6362,9.6839,210.6325,9.6864,0.0,0.0008,0.0018,0.0253
68567.0,210.552,45.7569,210.5519,45.7569,210.5508,45.7536,0.0,0.0002,0.0005,0.0073
68705.0,210.9678,-22.4192,210.9677,-22.4192,210.9712,-22.4217,0.0,-0.0004,0.0017,-0.0112
68682.0,210.8836,10.7894,210.8835,10.7893,210.8846,10.7867,0.0,0.0008,0.0005,0.0254
68687.0,210.9015,7.5485,210.9014,7.5484,210.9033,7.5464,0.0,0.0011,0.0009,0.0283
68707.0,210.9799,4.9014,210.9799,4.9013,210.9825,4.9008,0.0,0.0017,0.0012,0.0117
68739.0,211.0611,-5.3829,211.0611,-5.383,211.0608,-5.3814,0.0,-0.0015,0.0001,-0.0281
68763.0,211.112,-14.9762,211.112,-14.9762,211.1125,-14.9717,0.0,-0.0005,0.0002,-0.03
68842.0,211.4525,-54.6695,211.4525,-54.6696,211.4438,-54.6694,0.0,-0.0001,0.0042,-0.0001
69090.0,212.1198,-74.8584,212.1199,-74.8585,212.1129,-74.8503,0.0,-0.0001,0.0033,-0.0109
68637.0,210.7443,50.9713,210.7443,50.9712,210.7488,50.9719,0.0,0.0002,0.0021,0.0013
68902.0,211.5995,-59.7172,211.5995,-59.7173,211.6046,-59.7156,0.0,-0.0001,0.0024,-0.0027
68537.0,210.4523,68.6771,210.4523,68.677,210.4608,68.6786,0.0,0.0001,0.004,0.0022
68776.0,211.1547,2.2977,211.1547,2.2976,211.1562,2.2975,0.0,0.0035,0.0007,0.0098
68808.0,211.3075,-16.3397,211.3075,-16.3397,211.3083,-16.3358,0.0,-0.0005,0.0004,-0.0234
68862.0,211.5104,-41.1781,211.5104,-41.1781,211.5117,-41.1797,0.0,-0.0002,0.0006,-0.004
68872.0,211.5455,-43.0886,211.5454,-43.0887,211.5454,-43.0919,0.0,-0.0002,0.0,-0.0077
68895.0,211.5931,-26.6848,211.593,-26.6849,211.5929,-26.6825,0.0,-0.0003,0.0001,-0.0086
68933.0,211.676,-36.3643,211.676,-36.3643,211.6708,-36.37,0.0,-0.0002,0.0024,-0.0158
69065.0,212.0624,-63.2128,212.0624,-63.2128,212.0596,-63.2081,0.0,-0.0001,0.0013,-0.0075
68940.0,211.6832,-9.3171,211.6832,-9.3171,211.6783,-9.3133,0.0,-0.0009,0.0023,-0.04
68756.0,211.101,64.3738,211.1009,64.3737,211.0971,64.3758,0.0,0.0001,0.0018,0.0032
69122.0,212.2393,-59.2736,212.2393,-59.2736,212.2346,-59.2767,0.0,-0.0001,0.0022,-0.0053
69241.0,212.6338,-70.3086,212.6338,-70.3087,212.6288,-70.3056,0.0,-0.0001,0.0024,-0.0044
69113.0,212.2203,-43.4672,212.2203,-43.4672,212.2162,-43.4711,0.0,-0.0002,0.0019,-0.0091
69298.0,212.7497,-69.7184,212.7497,-69.7185,212.7579,-69.7197,0.0,-0.0001,0.0039,-0.0019
69174.0,212.4016,-51.5023,212.4016,-51.5024,212.3958,-51.5047,0.0,-0.0002,0.0027,-0.0046
69191.0,212.4872,-53.4368,212.4872,-53.4368,212.4783,-53.4392,0.0,-0.0002,0.0042,-0.0045
69127.0,212.2506,-10.3348,212.2506,-10.3349,212.2525,-10.3344,0.0,-0.0008,0.0009,-0.0037
69038.0,211.9833,43.8557,211.9833,43.8556,211.9825,43.8544,0.0,0.0002,0.0004,0.0028
69068.0,212.07,49.4544,212.07,49.4543,212.0721,49.4581,0.0,0.0002,0.001,0.0074
69269.0,212.7084,-16.3022,212.7083,-16.3023,212.7104,-16.3019,0.0,-0.0005,0.001,-0.0015
69107.0,212.1917,59.3334,212.1916,59.3333,212.1917,59.3378,0.0,0.0001,0.0,0.0074
69226.0,212.5956,25.0919,212.5955,25.0918,212.5996,25.0917,0.0,0.0003,0.0019,0.0009
68956.0,211.7326,74.5979,211.7325,74.5978,211.735,74.5936,0.0001,0.0001,0.0011,0.0058
69778.0,214.2434,-77.6646,214.2434,-77.6647,214.2288,-77.6639,0.0,-0.0001,0.0068,-0.0009
69340.0,212.881,1.3674,212.8809,1.3673,212.88,1.3622,0.0,0.0059,0.0004,0.3768
69462.0,213.314,-53.6668,213.314,-53.6669,213.3183,-53.6658,0.0,-0.0001,0.002,-0.0019
69398.0,213.1011,-24.3621,213.1011,-24.3622,213.1021,-24.3642,0.0,-0.0003,0.0005,-0.0083
69316.0,212.8104,32.2957,212.8103,32.2956,212.8129,32.2956,0.0,0.0002,0.0012,0.0004
69491.0,213.4101,-54.6277,213.4101,-54.6278,213.4162,-54.6258,0.0,-0.0001,0.0029,-0.0035
69415.0,213.1888,-27.2589,213.1888,-27.259,213.1917,-27.2611,0.0,-0.0003,0.0013,-0.008
69389.0,213.0673,2.4101,213.0672,2.41,213.0658,2.4094,0.0,0.0033,0.0007,0.0281
69458.0,213.3098,-26.6141,213.3098,-26.6142,213.305,-26.6122,0.0,-0.0003,0.0023,-0.0071
69427.0,213.2216,-10.2776,213.2216,-10.2776,213.2242,-10.2736,0.0,-0.0008,0.0012,-0.0384
69618.0,213.7464,-57.0841,213.7464,-57.0841,213.7375,-57.0858,0.0,-0.0001,0.0042,-0.0031
69598.0,213.6824,-41.8353,213.6824,-41.8354,213.6775,-41.8375,0.0,-0.0002,0.0023,-0.0052
69655.0,213.8419,-53.5092,213.8419,-53.5093,213.8383,-53.5097,0.0,-0.0001,0.0016,-0.001
69763.0,214.1465,-66.585,214.1465,-66.5851,214.1608,-66.5878,0.0,-0.0001,0.0067,-0.0042
69112.0,212.2201,77.5461,212.22,77.546,212.2121,77.5475,0.0001,0.0001,0.0038,0.0018
69564.0,213.5907,-5.9459,213.5907,-5.946,213.5887,-5.9475,0.0,-0.0013,0.0009,-0.0265
69536.0,213.5269,12.9586,213.5269,12.9586,213.5217,12.9594,0.0,0.0006,0.0025,0.0062
69623.0,213.7604,-29.2854,213.7604,-29.2855,213.7554,-29.2819,0.0,-0.0003,0.0023,-0.0117
69754.0,214.1479,-59.9163,214.1479,-59.9164,214.1425,-59.9139,0.0,-0.0001,0.0025,-0.004
70418.0,216.1214,-82.8518,216.1216,-82.8519,216.0971,-82.8486,0.0001,-0.0001,0.0113,-0.0039
69481.0,213.3612,51.7866,213.3611,51.7866,213.3654,51.7878,0.0,0.0002,0.002,0.0022
69483.0,213.3716,51.7943,213.3715,51.7942,213.3708,51.7903,0.0,0.0002,0.0003,0.0078
69612.0,213.71,10.1026,213.71,10.1026,213.7117,10.1006,0.0,0.0008,0.0008,0.0206
69614.0,213.7176,3.3388,213.7176,3.3388,213.7208,3.3361,0.0,0.0024,0.0015,0.0818
69658.0,213.8535,-18.1997,213.8535,-18.1998,213.8504,-18.2008,0.0,-0.0004,0.0014,-0.0061
69592.0,213.6656,21.8749,213.6656,21.8749,213.6708,21.8733,0.0,0.0004,0.0024,0.0073
69373.0,213.0151,69.4329,213.015,69.4329,213.0167,69.4325,0.0,0.0001,0.0008,0.0006
69569.0,213.6053,41.5215,213.6052,41.5214,213.5979,41.5189,0.0,0.0002,0.0035,0.0062
70248.0,215.5741,-80.109,215.5742,-80.109,215.5946,-80.1089,0.0001,-0.0001,0.0095,-0.0001
69722.0,214.0702,-33.239,214.0702,-33.2391,214.0762,-33.2414,0.0,-0.0002,0.0028,-0.007
70638.0,216.7405,-83.6656,216.7407,-83.6656,216.7288,-83.6678,0.0001,-0.0001,0.0054,-0.0027
69673.0,213.9316,19.2107,213.9315,19.2106,213.9154,19.1825,0.0,0.0004,0.0076,0.1468
69727.0,214.0893,-6.6176,214.0893,-6.6176,214.0896,-6.6219,0.0,-0.0012,0.0001,-0.0664
69747.0,214.1245,-3.1921,214.1245,-3.1921,214.1254,-3.1964,0.0,-0.0025,0.0004,-0.1357
,214.0205,18.9086,214.0204,18.9085,214.0175,18.9119,0.0,0.0004,0.0014,0.0179
69792.0,214.2624,-18.582,214.2624,-18.5821,214.2658,-18.5853,0.0,-0.0004,0.0016,-0.0176
69650.0,213.8224,52.5403,213.8224,52.5403,213.8204,52.5358,0.0,0.0002,0.0009,0.0086
69751.0,214.1375,20.1226,214.1375,20.1225,214.1367,20.1214,0.0,0.0004,0.0004,0.0061
69735.0,214.1079,39.747,214.1079,39.7469,214.1008,39.7447,0.0,0.0002,0.0033,0.0058
69904.0,214.6004,-33.2163,214.6003,-33.2164,214.5992,-33.2206,0.0,-0.0002,0.0006,-0.0127
70035.0,214.9581,-61.2709,214.9581,-61.2709,214.9646,-61.2731,0.0,-0.0001,0.003,-0.0036
69713.0,214.0481,51.3667,214.048,51.3667,214.0412,51.3672,0.0,0.0002,0.0032,0.0009
69732.0,214.096,46.0825,214.096,46.0824,214.0958,46.0883,0.0,0.0002,0.0001,0.0126
69829.0,214.3659,15.2642,214.3659,15.2642,214.3683,15.2633,0.0,0.0005,0.0011,0.0059
69881.0,214.4985,-7.5387,214.4984,-7.5388,214.5025,-7.5425,0.0,-0.0011,0.0019,-0.0504
69996.0,214.8574,-46.0584,214.8574,-46.0585,214.8508,-46.0578,0.0,-0.0002,0.0031,-0.0013
69929.0,214.6602,-18.7142,214.6602,-18.7142,214.6596,-18.7161,0.0,-0.0004,0.0003,-0.0104
69965.0,214.7552,-25.8169,214.7552,-25.817,214.7533,-25.8156,0.0,-0.0003,0.0009,-0.0054
70069.0,215.0758,-56.3865,215.0758,-56.3865,215.0812,-56.3867,0.0,-0.0001,0.0025,-0.0004
69974.0,214.7806,-13.3728,214.7806,-13.3729,214.7775,-13.3711,0.0,-0.0006,0.0014,-0.0128
69818.0,214.3423,51.3098,214.3422,51.3098,214.3379,51.3072,0.0,0.0002,0.002,0.0051
69879.0,214.5012,35.5093,214.5012,35.5092,214.4992,35.5094,0.0,0.0002,0.001,0.0004
70054.0,215.041,-43.0559,215.041,-43.056,215.0404,-43.0589,0.0,-0.0002,0.0003,-0.0069
70104.0,215.1787,-45.1864,215.1787,-45.1865,215.1771,-45.1872,0.0,-0.0002,0.0007,-0.0019
70012.0,214.887,-2.2667,214.887,-2.2668,214.8854,-2.2656,0.0,-0.0035,0.0007,-0.0522
70090.0,215.1402,-37.8886,215.1402,-37.8886,215.1392,-37.8853,0.0,-0.0002,0.0005,-0.0087
69955.0,214.7263,38.7649,214.7262,38.7648,214.7321,38.7675,0.0,0.0002,0.0027,0.0067
70027.0,214.9415,16.3034,214.9415,16.3034,214.9383,16.3069,0.0,0.0005,0.0015,0.0215
70264.0,215.6608,-58.4531,215.6608,-58.4532,215.6542,-58.4594,0.0,-0.0001,0.0031,-0.0109
69958.0,214.7332,54.8635,214.7332,54.8634,214.7325,54.8642,0.0,0.0001,0.0003,0.0013
70029.0,214.9494,38.7958,214.9494,38.7957,214.9488,38.7939,0.0,0.0002,0.0003,0.0048
70051.0,215.0331,30.4282,215.0331,30.4281,215.0363,30.4292,0.0,0.0003,0.0015,0.0031
70270.0,215.6643,-48.3189,215.6643,-48.319,215.6612,-48.3203,0.0,-0.0002,0.0014,-0.0028
70243.0,215.5835,-34.7857,215.5835,-34.7857,215.5821,-34.7869,0.0,-0.0002,0.0007,-0.0037
70325.0,215.838,-50.7661,215.838,-50.7662,215.8346,-50.7722,0.0,-0.0002,0.0016,-0.0121
70300.0,215.7655,-39.5127,215.7655,-39.5127,215.7592,-39.5122,0.0,-0.0002,0.0029,-0.0011
70492.0,216.2661,-68.194,216.2661,-68.194,216.2762,-68.1953,0.0,-0.0001,0.0047,-0.0019
70363.0,215.9534,-53.1753,215.9534,-53.1754,215.9517,-53.1767,0.0,-0.0001,0.0008,-0.0026
70306.0,215.7745,-27.7548,215.7744,-27.7549,215.7742,-27.7539,0.0,-0.0003,0.0001,-0.0034
70528.0,216.4157,-66.1703,216.4157,-66.1704,216.4146,-66.1733,0.0,-0.0001,0.0005,-0.0046
70336.0,215.8611,-11.7157,215.8611,-11.7158,215.8567,-11.7142,0.0,-0.0007,0.0021,-0.0132
70319.0,215.8144,1.246,215.8144,1.2459,215.8138,1.2417,0.0,0.0064,0.0003,0.3469
70327.0,215.8472,8.4455,215.8472,8.4454,215.8442,8.445,0.0,0.0009,0.0014,0.0057
,215.8472,8.4455,215.8472,8.4454,215.8446,8.4467,0.0,0.0009,0.0012,0.014
70310.0,215.7808,25.3368,215.7808,25.3368,215.7783,25.3381,0.0,0.0003,0.0011,0.0048
70384.0,216.0033,8.2451,216.0032,8.245,216.0038,8.2436,0.0,0.001,0.0002,0.0182
70874.0,217.4199,-76.7281,217.42,-76.7282,217.4033,-76.7292,0.0,-0.0001,0.0076,-0.0014
70469.0,216.2003,-24.8038,216.2002,-24.8039,216.2025,-24.8064,0.0,-0.0003,0.001,-0.0104
70657.0,216.7713,-65.8252,216.7714,-65.8253,216.7796,-65.8217,0.0,-0.0001,0.0038,-0.0054
70400.0,216.0472,5.8205,216.0471,5.8205,216.0471,5.82,0.0,0.0014,0.0,0.0093
70452.0,216.1732,-11.6677,216.1732,-11.6678,216.1704,-11.6697,0.0,-0.0007,0.0013,-0.0172
70414.0,216.076,8.089,216.076,8.0889,216.0762,8.085,0.0,0.001,0.0001,0.049
70574.0,216.5384,-45.2245,216.5384,-45.2246,216.5342,-45.2214,0.0,-0.0002,0.002,-0.007
70576.0,216.5531,-45.3818,216.5531,-45.3819,216.545,-45.3794,0.0,-0.0002,0.0038,-0.0052
70518.0,216.379,-19.9701,216.379,-19.9701,216.3742,-19.9697,0.0,-0.0004,0.0022,-0.0017
70580.0,216.5632,-42.3197,216.5632,-42.3198,216.5558,-42.3192,0.0,-0.0002,0.0034,-0.0012
70538.0,216.446,-26.85,216.446,-26.8501,216.4488,-26.8525,0.0,-0.0003,0.0013,-0.0092
70626.0,216.7093,-39.8768,216.7093,-39.8769,216.7079,-39.8739,0.0,-0.0002,0.0007,-0.0074
70663.0,216.8015,-46.1309,216.8015,-46.131,216.8008,-46.1344,0.0,-0.0002,0.0003,-0.0077
70517.0,216.3746,38.3932,216.3745,38.3931,216.3717,38.3931,0.0,0.0002,0.0013,0.0004
70798.0,217.1828,-59.2017,217.1829,-59.2018,217.1812,-59.1978,0.0,-0.0001,0.0007,-0.0067
70497.0,216.2976,51.8555,216.2975,51.8554,216.2992,51.8508,0.0,0.0002,0.0007,0.0089
70602.0,216.6192,19.224,216.6192,19.2239,216.6142,19.2269,0.0,0.0004,0.0023,0.0152
70680.0,216.854,-6.1193,216.854,-6.1193,216.8517,-6.1203,0.0,-0.0013,0.0011,-0.0168
70753.0,217.0426,-29.4911,217.0426,-29.4912,217.0433,-29.4917,0.0,-0.0003,0.0003,-0.0018
71002.0,217.8131,-67.7175,217.8132,-67.7176,217.8188,-67.7172,0.0,-0.0001,0.0026,-0.0004
70755.0,217.0535,-2.2296,217.0535,-2.2297,217.0504,-2.2281,0.0,-0.0035,0.0014,-0.0683
70794.0,217.1754,-6.9041,217.1754,-6.9042,217.1738,-6.9006,0.0,-0.0011,0.0008,-0.0511
70685.0,216.8599,41.0217,216.8598,41.0217,216.8638,41.025,0.0,0.0002,0.0018,0.0079
70915.0,217.5292,-45.3192,217.5292,-45.3193,217.5358,-45.3217,0.0,-0.0002,0.0031,-0.0054
70931.0,217.5857,-49.5208,217.5857,-49.5209,217.5871,-49.5192,0.0,-0.0002,0.0007,-0.0033
70781.0,217.127,28.2901,217.1269,28.29,217.1312,28.2892,0.0,0.0003,0.002,0.0033
70786.0,217.1383,28.2896,217.1383,28.2896,217.1388,28.2908,0.0,0.0003,0.0002,0.0042
70762.0,217.0672,36.1959,217.0671,36.1959,217.0683,36.1969,0.0,0.0002,0.0005,0.0028
70966.0,217.7439,-40.847,217.7439,-40.8471,217.7354,-40.845,0.0,-0.0002,0.0039,-0.005
70987.0,217.7965,-38.8686,217.7965,-38.8687,217.795,-38.8697,0.0,-0.0002,0.0007,-0.0028
70791.0,217.1629,49.8465,217.1629,49.8464,217.1575,49.8447,0.0,0.0002,0.0025,0.0035
71116.0,218.1284,-56.8872,218.1284,-56.8872,218.1371,-56.8878,0.0,-0.0001,0.004,-0.0011
70892.0,217.4594,31.7904,217.4594,31.7903,217.4571,31.7911,0.0,0.0002,0.0011,0.0022
70873.0,217.3959,41.7989,217.3959,41.7988,217.4033,41.7958,0.0,0.0002,0.0034,0.0073
70949.0,217.6894,4.7688,217.6893,4.7687,217.6892,4.7722,0.0,0.0016,0.0001,0.0714
71121.0,218.1511,-50.4526,218.1511,-50.4527,218.1537,-50.4569,0.0,-0.0002,0.0012,-0.0086
71184.0,218.3883,-54.9976,218.3883,-54.9976,218.385,-54.9983,0.0,-0.0001,0.0015,-0.0014
71182.0,218.3734,-52.6818,218.3734,-52.6819,218.3746,-52.68,0.0,-0.0001,0.0005,-0.0034
71154.0,218.2861,-30.7106,218.2861,-30.7106,218.29,-30.7142,0.0,-0.0003,0.0018,-0.0118
71053.0,217.9629,30.3694,217.9629,30.3693,217.9575,30.3714,0.0,0.0003,0.0025,0.0066
70692.0,216.8821,75.699,216.882,75.699,216.8812,75.6961,0.0001,0.0001,0.0004,0.0039
71239.0,218.5363,-42.0937,218.5363,-42.0938,218.5333,-42.0997,0.0,-0.0002,0.0014,-0.0143
71094.0,218.0825,26.6763,218.0824,26.6762,218.0842,26.6772,0.0,0.0003,0.0008,0.0034
71115.0,218.1338,22.2597,218.1337,22.2597,218.1354,22.26,0.0,0.0004,0.0008,0.0012
71075.0,218.023,38.3079,218.0229,38.3079,218.0196,38.3083,0.0,0.0002,0.0016,0.001
70952.0,217.6996,63.185,217.6995,63.1849,217.6921,63.1856,0.0,0.0001,0.0035,0.0009
71040.0,217.9342,60.2239,217.9341,60.2238,217.9283,60.2256,0.0,0.0001,0.0027,0.0028
71295.0,218.708,-20.4371,218.708,-20.4371,218.7112,-20.4392,0.0,-0.0004,0.0015,-0.0103
71353.0,218.882,-41.5197,218.882,-41.5198,218.8812,-41.5172,0.0,-0.0002,0.0003,-0.006
71352.0,218.8716,-42.1585,218.8716,-42.1586,218.8767,-42.1578,0.0,-0.0002,0.0023,-0.0018
71168.0,218.3378,36.9601,218.3377,36.9601,218.3346,36.9594,0.0,0.0002,0.0015,0.0019
71111.0,218.1354,55.3982,218.1353,55.3981,218.1288,55.3978,0.0,0.0001,0.0031,0.0007
71530.0,219.4545,-67.9331,219.4546,-67.9332,219.4429,-67.9322,0.0,-0.0001,0.0053,-0.0013
71419.0,219.0843,-46.2476,219.0843,-46.2477,219.0792,-46.2453,0.0,-0.0002,0.0023,-0.005
71243.0,218.5488,32.5343,218.5487,32.5342,218.5488,32.5344,0.0,0.0002,0.0,0.0004
71429.0,219.0985,-39.6012,219.0985,-39.6012,219.1008,-39.5972,0.0,-0.0002,0.0011,-0.0099
71284.0,218.6711,29.7428,218.6711,29.7427,218.67,29.745,0.0,0.0003,0.0005,0.0074
71277.0,218.6585,36.6258,218.6584,36.6257,218.6604,36.6258,0.0,0.0002,0.0009,0.0001
71453.0,219.1883,-40.2074,219.1883,-40.2075,219.1842,-40.2117,0.0,-0.0002,0.0019,-0.0105
71500.0,219.3371,-46.1372,219.3371,-46.1373,219.3338,-46.1339,0.0,-0.0002,0.0015,-0.0072
71251.0,218.5659,57.0699,218.5658,57.0699,218.5662,57.0653,0.0,0.0001,0.0002,0.0082
71280.0,218.658,49.3666,218.6579,49.3665,218.665,49.3683,0.0,0.0002,0.0032,0.0036
71536.0,219.466,-49.4248,219.466,-49.4249,219.4717,-49.4258,0.0,-0.0002,0.0026,-0.0021
71406.0,219.0268,23.2485,219.0268,23.2484,219.0288,23.2503,0.0,0.0003,0.0009,0.0076
71469.0,219.2587,-12.3117,219.2586,-12.3117,219.2492,-12.3053,0.0,-0.0006,0.0043,-0.0518
71581.0,219.58,-38.7891,219.58,-38.7892,219.5817,-38.7942,0.0,-0.0002,0.0007,-0.013
71639.0,219.7997,-46.5857,219.7997,-46.5858,219.7958,-46.5842,0.0,-0.0002,0.0018,-0.0034
71658.0,219.8534,-49.0491,219.8534,-49.0492,219.8529,-49.0556,0.0,-0.0002,0.0002,-0.0131
71683.0,220.0132,-60.8431,220.0133,-60.8432,219.8996,-60.8353,0.0,-0.0001,0.0517,-0.0128
71681.0,220.0132,-60.8431,220.0133,-60.8432,219.9004,-60.8356,0.0,-0.0001,0.0513,-0.0124
71746.0,220.1291,-56.4367,220.1292,-56.4368,220.1367,-56.4408,0.0,-0.0001,0.0034,-0.0072
71571.0,219.5624,18.2979,219.5624,18.2978,219.5583,18.2983,0.0,0.0004,0.0019,0.0026
71908.0,220.636,-64.9714,220.636,-64.9714,220.6267,-64.9753,0.0,-0.0001,0.0042,-0.006
71568.0,219.5488,43.6415,219.5488,43.6414,219.5521,43.6419,0.0,0.0002,0.0015,0.001
71861.0,220.4826,-58.6105,220.4826,-58.6106,220.4821,-58.6161,0.0,-0.0001,0.0002,-0.0096
71783.0,220.2531,-36.1372,220.2531,-36.1372,220.2558,-36.135,0.0,-0.0002,0.0013,-0.006
71573.0,219.5597,54.0223,219.5596,54.0222,219.5633,54.0233,0.0,0.0001,0.0017,0.0019
71618.0,219.7043,44.4041,219.7042,44.404,219.7092,44.4044,0.0,0.0002,0.0022,0.0007
71860.0,220.4792,-47.3853,220.4792,-47.3854,220.4825,-47.3883,0.0,-0.0002,0.0015,-0.0064
72370.0,221.9498,-79.0446,221.95,-79.0447,221.965,-79.0447,0.0001,-0.0001,0.0068,-0.0002
71865.0,220.4877,-37.7937,220.4877,-37.7937,220.49,-37.7936,0.0,-0.0002,0.001,-0.0001
71729.0,220.0946,21.9732,220.0945,21.9731,220.0912,21.9756,0.0,0.0003,0.0015,0.0109
71759.0,220.1779,13.5305,220.1779,13.5305,220.1767,13.5342,0.0,0.0006,0.0006,0.0268
71762.0,220.1821,16.4168,220.1821,16.4168,220.1817,16.4183,0.0,0.0005,0.0002,0.0091
,220.1821,16.4168,220.1821,16.4168,220.1829,16.4178,0.0,0.0005,0.0004,0.0057
71795.0,220.2821,13.7294,220.282,13.7293,220.2871,13.7283,0.0,0.0006,0.0023,0.0077
,220.2821,13.7294,220.282,13.7293,220.2871,13.7283,0.0,0.0006,0.0023,0.0077
71196.0,218.432,79.6566,218.4318,79.6565,218.4096,79.6603,0.0001,0.0001,0.0103,0.0046
71832.0,220.4095,8.1631,220.4094,8.163,220.4117,8.1617,0.0,0.0009,0.001,0.0178
71837.0,220.4315,11.6627,220.4315,11.6626,220.4312,11.6606,0.0,0.0007,0.0001,0.0181
72131.0,221.3232,-62.8697,221.3232,-62.8697,221.3221,-62.8758,0.0,-0.0001,0.0005,-0.0098
71857.0,220.4745,21.1227,220.4744,21.1226,220.4758,21.1236,0.0,0.0004,0.0006,0.0042
71974.0,220.8094,-24.9995,220.8094,-24.9996,220.8067,-24.9975,0.0,-0.0003,0.0012,-0.008
72010.0,220.9131,-35.1766,220.9131,-35.1767,220.9142,-35.1736,0.0,-0.0002,0.0005,-0.0086
72097.0,221.2282,-58.4755,221.2282,-58.4756,221.2312,-58.4778,0.0,-0.0001,0.0014,-0.0038
71957.0,220.7626,-5.656,220.7626,-5.6561,220.765,-5.6583,0.0,-0.0014,0.0011,-0.0414
72121.0,221.29,-55.6004,221.29,-55.6005,221.2954,-55.6019,0.0,-0.0001,0.0024,-0.0027
72104.0,221.2432,-35.1961,221.2432,-35.1962,221.2467,-35.1919,0.0,-0.0002,0.0015,-0.0119
71995.0,220.8575,26.5268,220.8574,26.5267,220.8558,26.5278,0.0,0.0003,0.0008,0.0037
75736.0,232.1232,-88.1371,232.1247,-88.1372,232.0796,-88.1331,0.0006,-0.0001,0.0188,-0.0046
71876.0,220.507,61.2585,220.5069,61.2584,220.5133,61.2619,0.0,0.0001,0.0029,0.0056
72012.0,220.9352,40.4589,220.9351,40.4589,220.935,40.4592,0.0,0.0002,0.0001,0.0005
72250.0,221.6235,-47.4385,221.6235,-47.4386,221.6212,-47.4411,0.0,-0.0002,0.001,-0.0055
72290.0,221.7503,-52.3839,221.7503,-52.384,221.7554,-52.3836,0.0,-0.0001,0.0023,-0.0006
72122.0,221.2983,-1.4176,221.2982,-1.4177,221.2988,-1.4178,0.0,-0.0054,0.0002,-0.0116
72197.0,221.4982,-25.4399,221.4982,-25.44,221.5004,-25.4431,0.0,-0.0003,0.001,-0.0123
72308.0,221.805,-52.2014,221.805,-52.2015,221.8012,-52.2056,0.0,-0.0001,0.0017,-0.0079
72210.0,221.5226,-23.1505,221.5225,-23.1506,221.5283,-23.1531,0.0,-0.0003,0.0026,-0.0109
72438.0,222.1856,-66.5957,222.1856,-66.5957,222.185,-66.5939,0.0,-0.0001,0.0003,-0.0027
72125.0,221.315,16.9656,221.315,16.9656,221.3104,16.9644,0.0,0.0004,0.0021,0.007
72194.0,221.489,-15.4606,221.489,-15.4606,221.4908,-15.4597,0.0,-0.0005,0.0008,-0.0054
72217.0,221.5406,-21.1734,221.5406,-21.1735,221.5454,-21.1761,0.0,-0.0004,0.0022,-0.0127
72105.0,221.2512,27.0718,221.2512,27.0718,221.2467,27.075,0.0,0.0003,0.002,0.0117
,221.2512,27.0718,221.2512,27.0718,221.2467,27.0742,0.0,0.0003,0.002,0.0086
72139.0,221.3334,18.8882,221.3333,18.8881,221.3362,18.8847,0.0,0.0004,0.0013,0.0183
72296.0,221.7691,-38.295,221.7691,-38.2951,221.7712,-38.2908,0.0,-0.0002,0.001,-0.0109
72338.0,221.8817,-43.5613,221.8817,-43.5614,221.8838,-43.5575,0.0,-0.0002,0.0009,-0.0087
72124.0,221.3117,32.7907,221.3116,32.7907,221.3071,32.7883,0.0,0.0002,0.0021,0.0074
72220.0,221.5622,1.8925,221.5622,1.8925,221.5621,1.8928,0.0,0.004,0.0001,0.0132
72208.0,221.5282,15.1316,221.5282,15.1315,221.525,15.1319,0.0,0.0005,0.0015,0.0024
72310.0,221.8067,-21.3271,221.8067,-21.3272,221.8071,-21.3247,0.0,-0.0004,0.0002,-0.0113
72323.0,221.8431,-25.6187,221.8431,-25.6188,221.8438,-25.6244,0.0,-0.0003,0.0003,-0.0223
72471.0,222.2831,-56.666,222.2831,-56.6661,222.2788,-56.6678,0.0,-0.0001,0.002,-0.0032
72357.0,221.9345,-26.0907,221.9344,-26.0908,221.9367,-26.0875,0.0,-0.0003,0.001,-0.0123
72378.0,221.9907,-26.6499,221.9907,-26.65,221.9896,-26.6464,0.0,-0.0003,0.0005,-0.0131
72373.0,221.9795,-12.8402,221.9795,-12.8403,221.9788,-12.8397,0.0,-0.0006,0.0004,-0.004
72432.0,222.155,-36.6381,222.155,-36.6382,222.1588,-36.6347,0.0,-0.0002,0.0017,-0.0093
72833.0,223.2979,-73.1883,223.2979,-73.1883,223.3071,-73.19,0.0,-0.0001,0.0041,-0.0024
72488.0,222.3288,-24.2475,222.3288,-24.2475,222.3279,-24.2517,0.0,-0.0003,0.0004,-0.0174
72489.0,222.3284,-14.152,222.3284,-14.152,222.3296,-14.1489,0.0,-0.0005,0.0005,-0.0217
73540.0,225.4333,-83.2297,225.4336,-83.2298,225.4617,-83.2278,0.0001,-0.0001,0.0126,-0.0023
72571.0,222.5732,-27.9556,222.5732,-27.9557,222.5721,-27.9603,0.0,-0.0003,0.0005,-0.0168
72773.0,223.153,-63.8048,223.1531,-63.8049,223.1458,-63.81,0.0,-0.0001,0.0032,-0.0082
72683.0,222.9113,-43.575,222.9113,-43.5751,222.91,-43.5756,0.0,-0.0002,0.0006,-0.0012
72469.0,222.2865,37.8101,222.2865,37.81,222.2779,37.8111,0.0,0.0002,0.0039,0.0027
72603.0,222.6729,-15.9976,222.6728,-15.9977,222.6717,-15.9972,0.0,-0.0005,0.0005,-0.0027
72622.0,222.7215,-16.0384,222.7215,-16.0385,222.7196,-16.0417,0.0,-0.0005,0.0009,-0.0203
72552.0,222.4912,28.6162,222.4911,28.6161,222.4933,28.6158,0.0,0.0003,0.001,0.0012
72487.0,222.3279,46.1183,222.3278,46.1183,222.3279,46.1161,0.0,0.0002,0.0,0.0048
72567.0,222.5677,23.9095,222.5676,23.9094,222.5658,23.9119,0.0,0.0003,0.0008,0.0104
72631.0,222.7561,-2.2985,222.7561,-2.2986,222.7542,-2.2992,0.0,-0.0033,0.0009,-0.0283
72508.0,222.3899,51.3745,222.3898,51.3744,222.3846,51.3747,0.0,0.0001,0.0024,0.0004
72524.0,222.4259,48.7208,222.4258,48.7207,222.4221,48.7206,0.0,0.0002,0.0017,0.0005
72965.0,223.6745,-65.9931,223.6746,-65.9932,223.6767,-65.9914,0.0,-0.0001,0.001,-0.0026
73223.0,224.4672,-76.6683,224.4673,-76.6684,224.4704,-76.6628,0.0001,-0.0001,0.0014,-0.0072
72582.0,222.6259,37.2702,222.6258,37.2701,222.6233,37.2719,0.0,0.0002,0.0011,0.0047
72772.0,223.1423,-30.5767,223.1423,-30.5768,223.1379,-30.5769,0.0,-0.0002,0.002,-0.0008
72800.0,223.2129,-37.7982,223.2129,-37.7983,223.2129,-37.8033,0.0,-0.0002,0.0,-0.0136
72659.0,222.8446,19.1038,222.8446,19.1037,222.8471,19.1011,0.0,0.0004,0.0011,0.0139
73771.0,226.1768,-83.0352,226.1771,-83.0353,226.1946,-83.0383,0.0001,-0.0001,0.0079,-0.0038
73036.0,223.895,-60.1132,223.895,-60.1133,223.8942,-60.1142,0.0,-0.0001,0.0004,-0.0016
72929.0,223.5851,-24.6404,223.5851,-24.6405,223.5838,-24.6422,0.0,-0.0003,0.0006,-0.0075
72959.0,223.6598,-33.2968,223.6598,-33.2968,223.6583,-33.3006,0.0,-0.0002,0.0006,-0.0114
72846.0,223.348,15.7027,223.3479,15.7026,223.3471,15.7044,0.0,0.0005,0.0004,0.0113
73129.0,224.18,-62.7809,224.18,-62.781,224.1833,-62.7808,0.0,-0.0001,0.0015,-0.0002
72664.0,222.8572,59.2933,222.8572,59.2932,222.86,59.2939,0.0,0.0001,0.0012,0.001
72848.0,223.3544,19.1506,223.3544,19.1505,223.3488,19.1528,0.0,0.0004,0.0025,0.0116
72934.0,223.595,-11.9031,223.595,-11.9032,223.5954,-11.8983,0.0,-0.0006,0.0002,-0.0404
73394.0,224.9887,-75.0295,224.9888,-75.0296,224.9833,-75.0325,0.0001,-0.0001,0.0024,-0.004
73095.0,224.076,-52.8055,224.0761,-52.8056,224.0721,-52.8097,0.0,-0.0001,0.0018,-0.008
74296.0,227.8241,-84.7874,227.8246,-84.7875,227.7846,-84.7875,0.0002,-0.0001,0.0174,-0.0001
73049.0,223.9396,-33.8545,223.9396,-33.8546,223.9362,-33.8558,0.0,-0.0002,0.0015,-0.0039
73111.0,224.1346,-47.8807,224.1346,-47.8808,224.1333,-47.8792,0.0,-0.0002,0.0006,-0.0032
73154.0,224.2514,-51.4499,224.2514,-51.45,224.2558,-51.4469,0.0,-0.0001,0.002,-0.0057
73116.0,224.151,-39.4147,224.151,-39.4148,224.1492,-39.4161,0.0,-0.0002,0.0008,-0.0035
73107.0,224.1278,-32.6324,224.1278,-32.6325,224.1288,-32.6367,0.0,-0.0002,0.0004,-0.013
72607.0,222.6758,74.159,222.6757,74.1589,222.6762,74.1556,0.0001,0.0001,0.0002,0.0046
73133.0,224.1896,-11.4079,224.1896,-11.408,224.1921,-11.4097,0.0,-0.0007,0.0011,-0.0156
73171.0,224.3106,-29.1565,224.3106,-29.1566,224.3067,-29.1578,0.0,-0.0003,0.0018,-0.0042
73241.0,224.5353,-48.8609,224.5353,-48.8609,224.5367,-48.8631,0.0,-0.0002,0.0006,-0.0045
73087.0,224.0547,14.448,224.0546,14.4479,224.055,14.4464,0.0,0.0005,0.0001,0.0109
73184.0,224.3512,-21.3972,224.3512,-21.3972,224.3667,-21.4156,0.0,-0.0003,0.0069,-0.0859
73068.0,223.9933,32.298,223.9932,32.2979,223.9946,32.3003,0.0,0.0002,0.0006,0.007
73165.0,224.299,-4.3445,224.299,-4.3446,224.2958,-4.3464,0.0,-0.0017,0.0014,-0.0439
73273.0,224.6299,-43.1342,224.6299,-43.1343,224.6329,-43.1339,0.0,-0.0002,0.0014,-0.0007
73279.0,224.6517,-39.9097,224.6517,-39.9098,224.6533,-39.9067,0.0,-0.0002,0.0007,-0.0077
73156.0,224.2624,21.5545,224.2624,21.5544,224.265,21.5553,0.0,0.0003,0.0012,0.0037
73166.0,224.2963,16.3916,224.2963,16.3916,224.2988,16.3883,0.0,0.0005,0.0011,0.0202
73334.0,224.7905,-42.1083,224.7905,-42.1084,224.7904,-42.1042,0.0,-0.0002,0.0,-0.0098
73284.0,224.6583,-27.6556,224.6583,-27.6556,224.6633,-27.6572,0.0,-0.0003,0.0022,-0.006
73249.0,224.5544,-11.1539,224.5544,-11.154,224.5558,-11.155,0.0,-0.0007,0.0006,-0.0099
73341.0,224.8049,-37.8768,224.8049,-37.8769,224.8079,-37.8814,0.0,-0.0002,0.0014,-0.012
73354.0,224.8592,-43.1559,224.8592,-43.1559,224.8629,-43.16,0.0,-0.0002,0.0016,-0.0096
73100.0,224.0968,49.6328,224.0967,49.6327,224.0958,49.6286,0.0,0.0001,0.0004,0.0085
73310.0,224.7265,-11.148,224.7265,-11.1481,224.7233,-11.1442,0.0,-0.0007,0.0014,-0.0345
73309.0,224.7227,-4.9874,224.7226,-4.9875,224.72,-4.9892,0.0,-0.0015,0.0012,-0.0354
73350.0,224.8465,4.5659,224.8465,4.5658,224.8462,4.5678,0.0,0.0016,0.0001,0.042
73493.0,225.2979,-38.0568,225.2979,-38.0569,225.3042,-38.0583,0.0,-0.0002,0.0028,-0.004
73559.0,225.4896,-34.3542,225.4896,-34.3543,225.4921,-34.3589,0.0,-0.0002,0.0011,-0.0136
73369.0,224.9038,39.2635,224.9038,39.2635,224.9037,39.2653,0.0,0.0002,0.0,0.0044
73199.0,224.3912,65.929,224.391,65.9289,224.3958,65.9325,0.0001,0.0001,0.0021,0.0053
73497.0,225.3332,-2.7585,225.3332,-2.7586,225.3325,-2.755,0.0,-0.0027,0.0003,-0.1275
73566.0,225.5283,-28.0579,225.5283,-28.058,225.5267,-28.0606,0.0,-0.0003,0.0007,-0.0095
73776.0,226.2027,-64.0304,226.2027,-64.0305,226.2008,-64.0317,0.0,-0.0001,0.0008,-0.0019
73624.0,225.7436,-32.6464,225.7435,-32.6465,225.7471,-32.6433,0.0,-0.0002,0.0016,-0.0093
72573.0,222.557,82.5148,222.5567,82.5147,222.585,82.5119,0.0001,0.0001,0.0126,0.0035
73980.0,226.7737,-71.9014,226.7738,-71.9015,226.7863,-71.9053,0.0,-0.0001,0.0055,-0.0054
73608.0,225.685,-3.0306,225.6849,-3.0307,225.6871,-3.0314,0.0,-0.0024,0.0009,-0.0265
73620.0,225.7234,2.0894,225.7233,2.0893,225.725,2.0914,0.0,0.0035,0.0007,0.0964
73555.0,225.4848,40.3908,225.4847,40.3907,225.4867,40.3906,0.0,0.0002,0.0008,0.0005
73714.0,226.0142,-25.2812,226.0142,-25.2812,226.0175,-25.2819,0.0,-0.0003,0.0014,-0.0031
73764.0,226.1801,-40.8554,226.1801,-40.8555,226.1788,-40.8614,0.0,-0.0002,0.0006,-0.0146
73807.0,226.2816,-47.0448,226.2816,-47.0449,226.28,-47.0511,0.0,-0.0002,0.0007,-0.0135
,226.2816,-47.0448,226.2816,-47.0449,226.28,-47.0511,0.0,-0.0002,0.0007,-0.0135
73826.0,226.3304,-41.0671,226.3304,-41.0672,226.3296,-41.0672,0.0,-0.0002,0.0004,-0.0003
73507.0,225.3693,60.2083,225.3692,60.2082,225.3629,60.2044,0.0,0.0001,0.0028,0.0064
73634.0,225.7749,35.2032,225.7749,35.2031,225.7754,35.2058,0.0,0.0002,0.0002,0.0074
73716.0,226.0282,5.4938,226.0282,5.4937,226.0267,5.4925,0.0,0.0013,0.0007,0.0235
74047.0,226.9865,-65.2786,226.9866,-65.2787,226.9867,-65.2756,0.0,-0.0001,0.0001,-0.0047
73637.0,225.7737,44.642,225.7737,44.642,225.7775,44.6444,0.0,0.0002,0.0017,0.0054
73675.0,225.8965,34.567,225.8964,34.567,225.9021,34.5661,0.0,0.0002,0.0025,0.0027
73865.0,226.4492,-25.7886,226.4491,-25.7887,226.4488,-25.7897,0.0,-0.0003,0.0002,-0.0042
73901.0,226.5621,-36.2678,226.5621,-36.2679,226.5579,-36.2642,0.0,-0.0002,0.0019,-0.01
73745.0,226.1112,26.9465,226.1112,26.9464,226.1112,26.9475,0.0,0.0003,0.0,0.0038
74006.0,226.852,-49.0879,226.852,-49.088,226.8579,-49.0883,0.0,-0.0001,0.0026,-0.0008
73695.0,225.9586,47.6521,225.9586,47.6521,225.9475,47.6544,0.0,0.0002,0.0049,0.0049
73937.0,226.6391,-30.9171,226.6391,-30.9172,226.6388,-30.9189,0.0,-0.0002,0.0001,-0.0057
73927.0,226.6131,-22.0312,226.6131,-22.0313,226.6129,-22.0319,0.0,-0.0003,0.0001,-0.0033
74184.0,227.3854,-67.085,227.3854,-67.0851,227.3746,-67.0842,0.0,-0.0001,0.0047,-0.0013
73945.0,226.6576,-16.2528,226.6576,-16.2528,226.6567,-16.2569,0.0,-0.0004,0.0004,-0.0257
74181.0,227.3662,-63.6432,227.3662,-63.6432,227.3562,-63.6428,0.0,-0.0001,0.0044,-0.0006
74066.0,227.0455,-40.5803,227.0455,-40.5804,227.0504,-40.5839,0.0,-0.0002,0.0021,-0.0089
74100.0,227.1625,-42.8636,227.1625,-42.8637,227.1629,-42.8678,0.0,-0.0002,0.0002,-0.0098
74117.0,227.2084,-45.2794,227.2085,-45.2794,227.2108,-45.2797,0.0,-0.0002,0.001,-0.0008
73841.0,226.3547,48.1474,226.3546,48.1473,226.3575,48.1511,0.0,0.0002,0.0013,0.0077
74421.0,228.1342,-72.7737,228.1344,-72.7738,228.1408,-72.7703,0.0,-0.0001,0.0029,-0.0047
73706.0,225.9811,65.9195,225.981,65.9194,225.9908,65.9197,0.0001,0.0001,0.0043,0.0003
73941.0,226.6514,36.4536,226.6513,36.4536,226.6462,36.4556,0.0,0.0002,0.0023,0.0053
74026.0,226.922,5.4978,226.9219,5.4977,226.9179,5.4981,0.0,0.0013,0.0018,0.0045
74273.0,227.6906,-61.4198,227.6906,-61.4198,227.6858,-61.4225,0.0,-0.0001,0.0021,-0.0045
74000.0,226.832,18.4436,226.832,18.4435,226.835,18.4417,0.0,0.0004,0.0013,0.0105
73996.0,226.8246,24.8689,226.8246,24.8688,226.8254,24.8692,0.0,0.0003,0.0004,0.001
73909.0,226.5645,54.5564,226.5644,54.5563,226.5696,54.5564,0.0,0.0001,0.0023,0.0
74224.0,227.5261,-38.7927,227.5261,-38.7928,227.5312,-38.7925,0.0,-0.0002,0.0023,-0.0005
74305.0,227.8175,-55.3496,227.8175,-55.3497,227.8167,-55.3461,0.0,-0.0001,0.0004,-0.0063
74087.0,227.0979,26.2999,227.0978,26.2998,227.0992,26.3011,0.0,0.0003,0.0006,0.0047
74121.0,227.2216,13.2343,227.2215,13.2343,227.2225,13.235,0.0,0.0005,0.0004,0.005
74096.0,227.1494,25.1105,227.1493,25.1104,227.1479,25.1086,0.0,0.0003,0.0006,0.0073
74239.0,227.5783,-26.3318,227.5783,-26.3318,227.5775,-26.3328,0.0,-0.0003,0.0003,-0.0039
74336.0,227.8937,-45.2808,227.8937,-45.2808,227.8954,-45.2775,0.0,-0.0002,0.0008,-0.0072
74329.0,227.8744,-45.2773,227.8744,-45.2774,227.8829,-45.2794,0.0,-0.0002,0.0038,-0.0047
74582.0,228.5747,-70.085,228.5748,-70.0851,228.5796,-70.0794,0.0,-0.0001,0.0021,-0.008
74470.0,228.2512,-61.7497,228.2512,-61.7497,228.2542,-61.7439,0.0,-0.0001,0.0013,-0.0093
74376.0,227.9902,-48.7377,227.9902,-48.7378,227.9838,-48.7378,0.0,-0.0001,0.0028,-0.0002
74380.0,227.998,-48.7462,227.9981,-48.7463,227.99,-48.7436,0.0,-0.0001,0.0035,-0.0054
74083.0,227.0864,50.0548,227.0864,50.0548,227.0812,50.055,0.0,0.0001,0.0023,0.0003
74395.0,228.076,-52.1019,228.076,-52.102,228.0712,-52.0992,0.0,-0.0001,0.0021,-0.0053
74418.0,228.1246,-48.216,228.1246,-48.2161,228.1304,-48.2186,0.0,-0.0001,0.0025,-0.0054
74449.0,228.2079,-44.499,228.2079,-44.4991,228.2062,-44.5006,0.0,-0.0002,0.0007,-0.0034
74392.0,228.0581,-19.7905,228.058,-19.7906,228.0554,-19.7917,0.0,-0.0004,0.0012,-0.006
74479.0,228.2813,-36.0903,228.2813,-36.0904,228.2808,-36.0914,0.0,-0.0002,0.0002,-0.003
74386.0,228.0152,18.978,228.0151,18.978,228.0179,18.9758,0.0,0.0004,0.0012,0.0115
74493.0,228.3274,-19.6473,228.3273,-19.6473,228.33,-19.6475,0.0,-0.0004,0.0012,-0.0011
74500.0,228.3767,-25.3124,228.3766,-25.3125,228.3696,-25.3092,0.0,-0.0003,0.0031,-0.0129
74539.0,228.4707,-26.198,228.4707,-26.1981,228.4721,-26.1936,0.0,-0.0003,0.0006,-0.0168
74432.0,228.1911,19.2789,228.1911,19.2788,228.1812,19.2858,0.0,0.0004,0.0043,0.0361
74604.0,228.6522,-31.5179,228.6522,-31.518,228.6554,-31.5192,0.0,-0.0002,0.0014,-0.004
74750.0,229.1453,-60.901,229.1453,-60.9011,229.1517,-60.9039,0.0,-0.0001,0.0028,-0.0047
74600.0,228.6392,-17.7673,228.6391,-17.7674,228.6404,-17.7686,0.0,-0.0004,0.0006,-0.0075
74696.0,228.9734,-48.0785,228.9734,-48.0786,228.9742,-48.0742,0.0,-0.0001,0.0003,-0.009
74778.0,229.2388,-60.9552,229.2388,-60.9553,229.2362,-60.9575,0.0,-0.0001,0.0011,-0.0037
74837.0,229.4137,-63.6055,229.4138,-63.6055,229.4121,-63.6106,0.0,-0.0001,0.0007,-0.008
74707.0,229.0117,-41.4938,229.0117,-41.4939,229.0167,-41.4911,0.0,-0.0002,0.0022,-0.0065
74716.0,229.0431,-43.4849,229.0431,-43.485,229.0438,-43.4847,0.0,-0.0002,0.0003,-0.0005
74623.0,228.7123,-5.5032,228.7122,-5.5033,228.7112,-5.5028,0.0,-0.0013,0.0004,-0.0077
74824.0,229.3793,-58.8018,229.3793,-58.8019,229.3783,-58.8011,0.0,-0.0001,0.0004,-0.0012
74946.0,229.7238,-68.6807,229.7239,-68.6808,229.7275,-68.6794,0.0,-0.0001,0.0016,-0.0019
74272.0,227.6825,67.7797,227.6824,67.7797,227.6837,67.7814,0.0001,0.0001,0.0005,0.0025
74514.0,228.3991,38.2665,228.399,38.2665,228.3983,38.2647,0.0,0.0002,0.0003,0.0047
74561.0,228.5227,31.7896,228.5226,31.7895,228.5254,31.7881,0.0,0.0002,0.0012,0.0048
74649.0,228.8018,4.9369,228.8018,4.9368,228.7975,4.9394,0.0,0.0014,0.0019,0.0524
74596.0,228.6232,29.164,228.6232,29.1639,228.6217,29.1642,0.0,0.0002,0.0007,0.0007
74571.0,228.5428,42.1733,228.5427,42.1732,228.5429,42.1714,0.0,0.0002,0.0001,0.0046
74732.0,229.0973,-22.3934,229.0973,-22.3935,229.0958,-22.3994,0.0,-0.0003,0.0007,-0.027
74941.0,229.7067,-60.4929,229.7067,-60.493,229.7038,-60.4964,0.0,-0.0001,0.0013,-0.0057
74666.0,228.8771,33.3189,228.877,33.3188,228.8758,33.3147,0.0,0.0002,0.0005,0.0125
74875.0,229.5323,-41.0615,229.5323,-41.0616,229.5392,-41.0608,0.0,-0.0002,0.003,-0.0017
74911.0,229.634,-47.8702,229.634,-47.8702,229.6333,-47.875,0.0,-0.0001,0.0003,-0.0101
75091.0,230.1608,-67.4791,230.1608,-67.4792,230.1696,-67.4814,0.0,-0.0001,0.0038,-0.0033
74785.0,229.2535,-9.3871,229.2534,-9.3871,229.2517,-9.3831,0.0,-0.0008,0.0008,-0.0428
74857.0,229.4602,-30.1502,229.4601,-30.1503,229.4579,-30.1489,0.0,-0.0002,0.001,-0.0043
74950.0,229.7421,-40.79,229.7421,-40.7901,229.735,-40.7883,0.0,-0.0002,0.0031,-0.004
74929.0,229.6694,-31.2095,229.6694,-31.2096,229.6721,-31.2094,0.0,-0.0002,0.0012,-0.0003
75003.0,229.8814,-37.0987,229.8814,-37.0988,229.8817,-37.0967,0.0,-0.0002,0.0001,-0.0055
74605.0,228.6555,67.3525,228.6553,67.3524,228.6596,67.3467,0.0001,0.0001,0.0018,0.0086
74896.0,229.5979,20.5731,229.5978,20.573,229.6021,20.5728,0.0,0.0003,0.0018,0.0014
74625.0,228.7175,68.9459,228.7173,68.9458,228.7162,68.9453,0.0001,0.0001,0.0005,0.0009
74975.0,229.8229,1.7742,229.8229,1.7741,229.8283,1.7653,0.0,0.004,0.0023,0.5024
75141.0,230.3383,-40.6454,230.3383,-40.6455,230.3429,-40.6475,0.0,-0.0002,0.002,-0.0051
75164.0,230.3979,-40.7475,230.3979,-40.7476,230.3971,-40.7497,0.0,-0.0002,0.0004,-0.0054
75151.0,230.3766,-38.2226,230.3766,-38.2226,230.3754,-38.2192,0.0,-0.0002,0.0005,-0.0089
75206.0,230.5374,-47.9307,230.5374,-47.9308,230.5346,-47.9278,0.0,-0.0001,0.0012,-0.0061
75181.0,230.4857,-48.3121,230.4858,-48.3121,230.4508,-48.3178,0.0,-0.0001,0.0151,-0.0118
75308.0,230.7958,-60.66,230.7959,-60.6601,230.7933,-60.6569,0.0,-0.0001,0.0011,-0.005
75110.0,230.223,-18.1551,230.223,-18.1552,230.2238,-18.1586,0.0,-0.0004,0.0003,-0.0193
75000.0,229.8767,32.5126,229.8766,32.5125,229.8758,32.5153,0.0,0.0002,0.0004,0.0082
75118.0,230.2571,-15.5517,230.2571,-15.5517,230.2558,-15.5483,0.0,-0.0004,0.0005,-0.0214
75323.0,230.8494,-59.3154,230.8495,-59.3155,230.8446,-59.3208,0.0,-0.0001,0.0021,-0.0091
75177.0,230.4538,-36.2637,230.4538,-36.2638,230.4517,-36.2614,0.0,-0.0002,0.0009,-0.0064
75101.0,230.2038,-2.4127,230.2037,-2.4128,230.1962,-2.4133,0.0,-0.0029,0.0033,-0.025
75127.0,230.2817,-5.8286,230.2816,-5.8287,230.2817,-5.8247,0.0,-0.0012,0.0,-0.0667
75264.0,230.6748,-44.6907,230.6748,-44.6908,230.6704,-44.6894,0.0,-0.0002,0.0019,-0.0028
75049.0,230.0394,29.6161,230.0393,29.616,230.0354,29.6161,0.0,0.0002,0.0017,0.0001
75125.0,230.2816,24.9578,230.2816,24.9578,230.2788,24.9578,0.0,0.0003,0.0012,0.0002
75304.0,230.7907,-36.8549,230.7907,-36.855,230.7892,-36.8586,0.0,-0.0002,0.0007,-0.0101
75565.0,231.5623,-68.3054,231.5624,-68.3054,231.5612,-68.3092,0.0,-0.0001,0.0005,-0.0056
74793.0,229.2829,71.8277,229.2827,71.8276,229.2746,71.8239,0.0001,0.0001,0.0036,0.0053
75043.0,230.0191,51.9556,230.019,51.9555,230.0217,51.9586,0.0,0.0001,0.0011,0.0058
75093.0,230.1771,44.4394,230.177,44.4393,230.1733,44.4342,0.0,0.0002,0.0016,0.0117
75230.0,230.5969,12.5681,230.5969,12.568,230.5967,12.5675,0.0,0.0006,0.0001,0.0049
75178.0,230.4481,32.9325,230.448,32.9324,230.4525,32.9339,0.0,0.0002,0.0019,0.0043
75439.0,231.1897,-39.7053,231.1897,-39.7053,231.1871,-39.7103,0.0,-0.0002,0.0011,-0.0126
75352.0,230.9666,-12.3682,230.9666,-12.3683,230.9675,-12.3694,0.0,-0.0006,0.0004,-0.0102
75342.0,230.932,-1.0203,230.932,-1.0203,230.9321,-1.0225,0.0,-0.0068,0.0,-0.2188
75476.0,231.2822,-38.1683,231.2822,-38.1683,231.2775,-38.1694,0.0,-0.0002,0.002,-0.0031
75379.0,231.0459,-10.3186,231.0459,-10.3186,231.0496,-10.3222,0.0,-0.0007,0.0016,-0.0355
75501.0,231.3382,-38.7357,231.3382,-38.7358,231.3342,-38.7336,0.0,-0.0002,0.0017,-0.0054
75665.0,231.8927,-64.5332,231.8927,-64.5332,231.8879,-64.5314,0.0,-0.0001,0.002,-0.0028
75257.0,230.6587,39.5846,230.6586,39.5845,230.6558,39.5814,0.0,0.0002,0.0012,0.008
75312.0,230.7955,30.2903,230.7954,30.2903,230.8012,30.2878,0.0,0.0002,0.0025,0.0085
,230.7955,30.2903,230.7954,30.2903,230.8012,30.2878,0.0,0.0002,0.0025,0.0085
76996.0,235.773,-84.4702,235.7735,-84.4703,235.82,-84.4653,0.0002,-0.0001,0.0199,-0.0058
76013.0,232.8666,-73.39,232.8668,-73.3901,232.8783,-73.3894,0.0001,-0.0001,0.005,-0.0008
75256.0,230.6531,62.0508,230.653,62.0507,230.6554,62.0472,0.0001,0.0001,0.001,0.0058
75369.0,231.0182,45.2706,231.0181,45.2705,231.0212,45.2711,0.0,0.0002,0.0013,0.0012
75411.0,231.131,37.3755,231.1309,37.3754,231.1225,37.3772,0.0,0.0002,0.0037,0.0046
75415.0,231.1348,37.348,231.1348,37.3479,231.1288,37.3478,0.0,0.0002,0.0026,0.0005
75097.0,230.1817,71.8303,230.1815,71.8302,230.1821,71.8339,0.0001,0.0001,0.0002,0.005
75647.0,231.8294,-36.7691,231.8294,-36.7691,231.8258,-36.7678,0.0,-0.0002,0.0015,-0.0035
75260.0,230.6634,63.3479,230.6632,63.3478,230.66,63.3414,0.0001,0.0001,0.0015,0.0103
75742.0,232.1131,-51.5944,232.1132,-51.5944,232.1133,-51.5975,0.0,-0.0001,0.0001,-0.0061
75530.0,231.451,15.4279,231.4509,15.4279,231.4475,15.4281,0.0,0.0004,0.0015,0.0008
75535.0,231.4718,19.4811,231.4718,19.481,231.4721,19.4808,0.0,0.0004,0.0001,0.0013
75572.0,231.5769,34.3372,231.5768,34.3372,231.5725,34.3358,0.0,0.0002,0.0019,0.0041
75828.0,232.3597,-46.7329,232.3598,-46.733,232.3512,-46.7328,0.0,-0.0001,0.0037,-0.0003
75730.0,232.0674,-16.7152,232.0674,-16.7152,232.0642,-16.7164,0.0,-0.0004,0.0014,-0.0073
75458.0,231.2297,58.9643,231.2295,58.9643,231.2325,58.9661,0.0,0.0001,0.0012,0.003
75674.0,231.9072,25.1045,231.9072,25.1044,231.9121,25.1017,0.0,0.0003,0.0021,0.0113
75761.0,232.1572,1.8408,232.1572,1.8407,232.1592,1.8422,0.0,0.0037,0.0008,0.0775
75695.0,231.965,29.1068,231.9649,29.1067,231.9571,29.1058,0.0,0.0002,0.0034,0.0033
75587.0,231.6367,54.0239,231.6366,54.0238,231.6354,54.02,0.0,0.0001,0.0005,0.0071
75939.0,232.6519,-20.7241,232.6519,-20.7242,232.6512,-20.7283,0.0,-0.0003,0.0003,-0.0204
75944.0,232.6663,-16.6048,232.6663,-16.6049,232.6683,-16.6094,0.0,-0.0004,0.0009,-0.0278
76063.0,233.0168,-38.6204,233.0168,-38.6205,233.0183,-38.6231,0.0,-0.0002,0.0006,-0.0069
75770.0,232.1909,47.1999,232.1908,47.1998,232.1854,47.2014,0.0,0.0001,0.0024,0.0032
76048.0,232.9641,-32.8838,232.9641,-32.8839,232.9596,-32.8811,0.0,-0.0002,0.002,-0.0082
75678.0,231.9158,62.2777,231.9157,62.2776,231.92,62.2756,0.0001,0.0001,0.0018,0.0034
75696.0,231.9567,60.6706,231.9566,60.6705,231.9642,60.6703,0.0001,0.0001,0.0032,0.0006
76028.0,232.9328,-20.1688,232.9328,-20.1688,232.9308,-20.1647,0.0,-0.0003,0.0008,-0.0201
76664.0,234.8225,-77.9171,234.8227,-77.9172,234.8262,-77.9181,0.0001,-0.0001,0.0016,-0.0012
75971.0,232.7363,8.5792,232.7363,8.5792,232.7308,8.5792,0.0,0.0008,0.0024,0.0006
75788.0,232.2395,55.1971,232.2393,55.197,232.2367,55.195,0.0,0.0001,0.0012,0.0037
75919.0,232.5988,31.2863,232.5988,31.2862,232.5946,31.2861,0.0,0.0002,0.0018,0.0006
75928.0,232.6221,36.8047,232.622,36.8046,232.6162,36.8042,0.0,0.0002,0.0025,0.0014
76106.0,233.1516,-19.6718,233.1516,-19.6719,233.1529,-19.6706,0.0,-0.0003,0.0006,-0.0065
75973.0,232.7352,40.8337,232.7351,40.8336,232.7325,40.8331,0.0,0.0002,0.0011,0.0015
76126.0,233.2302,-16.8577,233.2302,-16.8578,233.23,-16.8528,0.0,-0.0004,0.0001,-0.0293
76143.0,233.2903,-24.4871,233.2903,-24.4872,233.2879,-24.4894,0.0,-0.0003,0.001,-0.0096
76407.0,234.0768,-65.6091,234.0769,-65.6092,234.0725,-65.6133,0.0,-0.0001,0.0018,-0.0064
76207.0,233.507,-40.0679,233.507,-40.068,233.5067,-40.0661,0.0,-0.0002,0.0001,-0.0045
75822.0,232.3441,62.0981,232.3439,62.0981,232.3383,62.0997,0.0001,0.0001,0.0025,0.0026
76006.0,232.8398,36.617,232.8397,36.6169,232.8433,36.6164,0.0,0.0002,0.0015,0.0016
76069.0,233.0409,16.0584,233.0409,16.0583,233.0404,16.0561,0.0,0.0004,0.0002,0.0141
76440.0,234.1732,-66.3131,234.1733,-66.3131,234.18,-66.3169,0.0,-0.0001,0.0029,-0.0058
76133.0,233.2444,-1.1831,233.2444,-1.1832,233.2412,-1.1864,0.0,-0.0057,0.0013,-0.2759
76234.0,233.5867,-39.35,233.5868,-39.35,233.5871,-39.3494,0.0,-0.0002,0.0001,-0.0013
76041.0,232.9485,40.8976,232.9484,40.8976,232.9458,40.8994,0.0,0.0002,0.0011,0.0044
76259.0,233.6528,-28.0463,233.6528,-28.0463,233.6554,-28.0469,0.0,-0.0002,0.0011,-0.0024
76297.0,233.782,-41.1702,233.782,-41.1703,233.7854,-41.1669,0.0,-0.0002,0.0014,-0.0079
76219.0,233.5454,-10.063,233.5454,-10.063,233.5446,-10.0644,0.0,-0.0007,0.0004,-0.0148
76127.0,233.2376,31.3618,233.2376,31.3618,233.2325,31.3592,0.0,0.0002,0.0022,0.0085
76233.0,233.5831,-5.6939,233.583,-5.694,233.5867,-5.695,0.0,-0.0012,0.0015,-0.0191
76371.0,233.9752,-44.9561,233.9752,-44.9562,233.9717,-44.9586,0.0,-0.0001,0.0015,-0.0055
76750.0,235.1032,-73.446,235.1034,-73.446,235.0883,-73.4467,0.0001,-0.0001,0.0063,-0.0009
76198.0,233.4698,17.1352,233.4697,17.1352,233.47,17.1378,0.0,0.0004,0.0001,0.0149
76397.0,234.05,-44.3954,234.0501,-44.3954,234.0504,-44.3969,0.0,-0.0001,0.0002,-0.0035
75974.0,232.7424,64.2061,232.7422,64.206,232.7321,64.2086,0.0001,0.0001,0.0044,0.0039
76877.0,235.486,-76.0768,235.4862,-76.0768,235.4775,-76.0819,0.0001,-0.0001,0.0036,-0.0068
76333.0,233.8753,-14.7894,233.8752,-14.7895,233.8817,-14.7894,0.0,-0.0005,0.0027,-0.0002
76276.0,233.6985,10.5383,233.6984,10.5382,233.7004,10.5375,0.0,0.0006,0.0008,0.0076
,233.6985,10.5383,233.6984,10.5382,233.7004,10.5392,0.0,0.0006,0.0008,0.0082
76395.0,234.0435,-33.0941,234.0435,-33.0942,234.0475,-33.0928,0.0,-0.0002,0.0017,-0.0041
76291.0,233.7698,1.6656,233.7698,1.6655,233.7692,1.6689,0.0,0.004,0.0003,0.1985
76736.0,235.0569,-70.2257,235.057,-70.2258,235.0479,-70.2278,0.0,-0.0001,0.0038,-0.003
76267.0,233.6746,26.7145,233.6745,26.7144,233.6721,26.7147,0.0,0.0003,0.0011,0.0008
76470.0,234.2638,-28.136,234.2638,-28.136,234.2562,-28.135,0.0,-0.0002,0.0032,-0.0034
76337.0,233.8923,17.6557,233.8922,17.6557,233.8883,17.6556,0.0,0.0004,0.0017,0.0009
76372.0,233.9759,11.2624,233.9759,11.2624,233.9725,11.2656,0.0,0.0006,0.0015,0.0276
76552.0,234.515,-42.5725,234.515,-42.5726,234.5133,-42.5675,0.0,-0.0002,0.0007,-0.0118
76618.0,234.7041,-52.3741,234.7041,-52.3741,234.7062,-52.3728,0.0,-0.0001,0.0009,-0.0024
76503.0,234.3669,-26.2801,234.3669,-26.2802,234.3688,-26.28,0.0,-0.0003,0.0008,-0.0004
76716.0,234.9864,-59.9017,234.9864,-59.9017,234.9854,-59.9083,0.0,-0.0001,0.0004,-0.0112
76424.0,234.1227,16.1187,234.1227,16.1186,234.1221,16.1189,0.0,0.0004,0.0003,0.0011
76591.0,234.6337,-39.1635,234.6337,-39.1636,234.6362,-39.1608,0.0,-0.0002,0.0011,-0.0068
76532.0,234.4493,-23.1415,234.4493,-23.1416,234.4504,-23.1417,0.0,-0.0003,0.0005,-0.0006
76608.0,234.6756,-39.1259,234.6757,-39.126,234.6762,-39.1281,0.0,-0.0002,0.0003,-0.0055
76366.0,233.9524,38.3712,233.9523,38.3711,233.9554,38.3739,0.0,0.0002,0.0013,0.007
76567.0,234.5606,-28.2054,234.5606,-28.2055,234.5654,-28.2067,0.0,-0.0002,0.002,-0.0045
76311.0,233.8133,53.9213,233.8132,53.9213,233.8179,53.9219,0.0,0.0001,0.002,0.0012
76600.0,234.659,-29.7789,234.659,-29.779,234.6642,-29.7778,0.0,-0.0002,0.0022,-0.0039
76456.0,234.2241,29.9887,234.2241,29.9887,234.2225,29.9911,0.0,0.0002,0.0007,0.0079
76628.0,234.7216,-19.3004,234.7216,-19.3005,234.7271,-19.3019,0.0,-0.0003,0.0023,-0.0077
76602.0,234.6608,-8.7932,234.6607,-8.7932,234.6667,-8.7944,0.0,-0.0008,0.0025,-0.0147
76603.0,234.6663,-8.7872,234.6663,-8.7873,234.6671,-8.7911,0.0,-0.0008,0.0003,-0.0442
76384.0,234.0242,52.0698,234.0241,52.0697,234.0171,52.0697,0.0,0.0001,0.003,0.0001
76376.0,233.9926,54.6311,233.9924,54.6311,233.9879,54.6306,0.0,0.0001,0.002,0.0011
76666.0,234.8354,-23.1505,234.8354,-23.1505,234.8388,-23.1503,0.0,-0.0003,0.0014,-0.0008
76705.0,234.9456,-34.4132,234.9456,-34.4133,234.9417,-34.4119,0.0,-0.0002,0.0017,-0.0037
76809.0,235.2387,-47.736,235.2388,-47.7361,235.2429,-47.7356,0.0,-0.0001,0.0018,-0.0009
76739.0,235.061,-31.2136,235.061,-31.2137,235.0642,-31.2136,0.0,-0.0002,0.0014,-0.0
76534.0,234.4503,40.3506,234.4502,40.3505,234.4567,40.3533,0.0,0.0002,0.0027,0.0068
76742.0,235.0647,-23.8169,235.0647,-23.817,235.0704,-23.8181,0.0,-0.0003,0.0024,-0.0047
76829.0,235.294,-44.6549,235.294,-44.6549,235.2971,-44.6611,0.0,-0.0001,0.0013,-0.014
76008.0,232.8558,77.3467,232.8556,77.3466,232.8538,77.3494,0.0001,0.0001,0.0009,0.0036
76617.0,234.7018,34.6765,234.7018,34.6765,234.7038,34.675,0.0,0.0002,0.0008,0.0044
76509.0,234.3808,54.5076,234.3807,54.5076,234.3833,54.5089,0.0,0.0001,0.0011,0.0023
75809.0,232.311,80.451,232.3107,80.4509,232.2958,80.4486,0.0001,0.0001,0.0065,0.0029
76568.0,234.5635,46.7978,234.5634,46.7977,234.5675,46.7978,0.0,0.0001,0.0017,0.0
76733.0,235.0491,12.0539,235.049,12.0538,235.0433,12.0531,0.0,0.0005,0.0024,0.0069
76935.0,235.6583,-49.4842,235.6583,-49.4843,235.655,-49.4894,0.0,-0.0001,0.0014,-0.0105
76669.0,234.8481,36.6373,234.848,36.6373,234.8425,36.6367,0.0,0.0002,0.0024,0.0018
,234.8481,36.6373,234.848,36.6373,234.8446,36.6358,0.0,0.0002,0.0015,0.0041
76594.0,234.6425,50.421,234.6424,50.4209,234.6429,50.4233,0.0,0.0001,0.0002,0.0047
77042.0,235.9807,-60.2913,235.9808,-60.2914,235.9796,-60.2872,0.0,-0.0001,0.0005,-0.0068
76939.0,235.6587,-37.4301,235.6587,-37.4302,235.6596,-37.425,0.0,-0.0002,0.0004,-0.0137
76880.0,235.4886,-19.6814,235.4886,-19.6814,235.4867,-19.6789,0.0,-0.0003,0.0008,-0.0125
76945.0,235.6728,-34.7146,235.6728,-34.7147,235.6708,-34.7106,0.0,-0.0002,0.0008,-0.0118
76810.0,235.2482,16.0272,235.2482,16.0272,235.2467,16.0247,0.0,0.0004,0.0007,0.0158
76651.0,234.7878,57.9266,234.7876,57.9265,234.7896,57.9244,0.0,0.0001,0.0008,0.0037
76852.0,235.3902,19.6725,235.3902,19.6725,235.3879,19.6703,0.0,0.0003,0.001,0.0114
76866.0,235.4472,12.8444,235.4471,12.8443,235.4475,12.8475,0.0,0.0005,0.0001,0.0242
76878.0,235.4811,18.4648,235.4811,18.4647,235.4779,18.4639,0.0,0.0004,0.0014,0.0047
77086.0,236.0964,-41.8206,236.0964,-41.8206,236.0942,-41.8194,0.0,-0.0002,0.001,-0.0027
77007.0,235.8584,-15.044,235.8584,-15.0441,235.8538,-15.0433,0.0,-0.0004,0.002,-0.0046
77060.0,236.0129,-15.6713,236.0129,-15.6713,236.0183,-15.6728,0.0,-0.0004,0.0023,-0.0096
76952.0,235.6898,26.2942,235.6897,26.2942,235.6858,26.2956,0.0,0.0002,0.0017,0.0051
76985.0,235.7905,13.6682,235.7904,13.6682,235.7942,13.6678,0.0,0.0005,0.0016,0.0034
77390.0,236.9673,-65.4455,236.9673,-65.4456,236.9733,-65.4425,0.0,-0.0001,0.0026,-0.0046
,236.9673,-65.4455,236.9673,-65.4456,236.9738,-65.4425,0.0,-0.0001,0.0027,-0.0046
77052.0,236.0063,2.5176,236.0062,2.5175,236.0075,2.515,0.0,0.0026,0.0005,0.1015
77070.0,236.065,6.4245,236.065,6.4244,236.0671,6.4256,0.0,0.001,0.0009,0.0166
77048.0,235.9998,32.5165,235.9997,32.5164,235.9971,32.5158,0.0,0.0002,0.0012,0.002
77235.0,236.5576,-28.061,236.5576,-28.0611,236.5533,-28.0617,0.0,-0.0002,0.0018,-0.0024
76957.0,235.7164,52.3612,235.7163,52.3612,235.7112,52.3608,0.0,0.0001,0.0022,0.0008
77111.0,236.1757,17.2616,236.1756,17.2615,236.1754,17.2642,0.0,0.0004,0.0001,0.0148
77163.0,236.3493,5.45,236.3492,5.4499,236.3479,5.4469,0.0,0.0012,0.0006,0.0553
77286.0,236.6827,-34.6798,236.6827,-34.6798,236.6842,-34.6825,0.0,-0.0002,0.0006,-0.0079
77350.0,236.857,-40.1954,236.857,-40.1955,236.8558,-40.1942,0.0,-0.0002,0.0005,-0.003
77227.0,236.5205,-1.803,236.5204,-1.8031,236.5233,-1.8044,0.0,-0.0036,0.0012,-0.0775
77358.0,236.8768,-37.9108,236.8768,-37.9108,236.8708,-37.9164,0.0,-0.0002,0.0025,-0.0149
77454.0,237.2027,-52.4404,237.2027,-52.4405,237.2096,-52.4381,0.0,-0.0001,0.0029,-0.0046
77287.0,236.6885,-6.1215,236.6885,-6.1215,236.6892,-6.1203,0.0,-0.001,0.0003,-0.0192
77233.0,236.5491,15.421,236.5491,15.4209,236.5471,15.4219,0.0,0.0004,0.0009,0.0063
77257.0,236.6148,7.3536,236.6148,7.3535,236.6108,7.3531,0.0,0.0009,0.0017,0.0069
77562.0,237.5195,-53.209,237.5195,-53.209,237.5288,-53.2094,0.0,-0.0001,0.0039,-0.0009
77336.0,236.8261,14.1149,236.826,14.1148,236.8221,14.1153,0.0,0.0005,0.0017,0.0028
77541.0,237.4936,-48.9129,237.4936,-48.913,237.4896,-48.9119,0.0,-0.0001,0.0017,-0.0019
77574.0,237.5698,-45.3991,237.5698,-45.3991,237.5679,-45.4017,0.0,-0.0001,0.0008,-0.0057
77645.0,237.774,-55.0529,237.7741,-55.053,237.7783,-55.0558,0.0,-0.0001,0.0018,-0.0053
77412.0,237.0575,13.7918,237.0575,13.7917,237.0554,13.7886,0.0,0.0005,0.0009,0.0229
77464.0,237.238,-3.8192,237.2379,-3.8192,237.2367,-3.8186,0.0,-0.0017,0.0005,-0.0149
77785.0,238.2323,-65.1547,238.2324,-65.1548,238.2362,-65.1525,0.0,-0.0001,0.0016,-0.0034
77397.0,237.0113,31.7333,237.0113,31.7332,237.0083,31.7358,0.0,0.0002,0.0013,0.0081
77272.0,236.6432,55.47,236.6431,55.4699,236.645,55.4747,0.0,0.0001,0.0008,0.0086
77450.0,237.1876,18.1425,237.1876,18.1424,237.185,18.1417,0.0,0.0004,0.0011,0.0045
77442.0,237.1415,28.1574,237.1414,28.1573,237.1433,28.1567,0.0,0.0002,0.0008,0.0025
77516.0,237.4047,-3.4328,237.4047,-3.4329,237.405,-3.4303,0.0,-0.0018,0.0001,-0.0745
77678.0,237.8742,-47.0589,237.8742,-47.059,237.8812,-47.0606,0.0,-0.0001,0.003,-0.0035
77634.0,237.7382,-33.6256,237.7382,-33.6256,237.7396,-33.6272,0.0,-0.0002,0.0006,-0.0049
77817.0,238.3336,-62.6064,238.3337,-62.6064,238.345,-62.6069,0.0,-0.0001,0.0048,-0.0009
77635.0,237.7433,-25.7469,237.7433,-25.747,237.7446,-25.7514,0.0,-0.0002,0.0005,-0.0175
77277.0,236.6688,62.5978,236.6687,62.5977,236.6667,62.5994,0.0001,0.0001,0.0009,0.0026
77370.0,236.909,55.3741,236.9089,55.3741,236.9083,55.3767,0.0,0.0001,0.0003,0.0046
77578.0,237.5751,2.1971,237.5751,2.197,237.5729,2.1964,0.0,0.0029,0.0009,0.0314
77512.0,237.4018,26.0709,237.4017,26.0709,237.3988,26.0683,0.0,0.0002,0.0013,0.01
77771.0,238.2229,-50.6173,238.2229,-50.6173,238.2146,-50.6153,0.0,-0.0001,0.0035,-0.004
77982.0,238.8721,-68.6006,238.8722,-68.6006,238.8733,-68.6031,0.0,-0.0001,0.0005,-0.0036
77622.0,237.7025,4.4773,237.7024,4.4772,237.7042,4.4778,0.0,0.0014,0.0007,0.0108
77729.0,238.0498,-29.8832,238.0498,-29.8832,238.0533,-29.8867,0.0,-0.0002,0.0015,-0.0118
77615.0,237.6737,15.131,237.6736,15.131,237.6738,15.1336,0.0,0.0004,0.0,0.017
77660.0,237.8162,-3.0872,237.8161,-3.0872,237.815,-3.0906,0.0,-0.002,0.0005,-0.11
77689.0,237.9125,-14.1356,237.9125,-14.1356,237.91,-14.1336,0.0,-0.0004,0.0011,-0.0139
77952.0,238.7885,-63.4248,238.7886,-63.4248,238.7854,-63.4306,0.0,-0.0001,0.0013,-0.0091
77927.0,238.723,-60.747,238.7231,-60.7471,238.7192,-60.7433,0.0,-0.0001,0.0016,-0.006
77661.0,237.8195,20.9789,237.8194,20.9788,237.8162,20.9778,0.0,0.0003,0.0014,0.0054
77990.0,238.8806,-60.1731,238.8807,-60.1731,238.8846,-60.1778,0.0,-0.0001,0.0017,-0.0078
77655.0,237.8097,35.6593,237.8096,35.6593,237.8079,35.6575,0.0,0.0002,0.0008,0.0051
77811.0,238.3307,-20.1698,238.3307,-20.1699,238.3338,-20.1672,0.0,-0.0003,0.0013,-0.0128
77055.0,236.007,77.7928,236.0067,77.7928,236.0146,77.7944,0.0001,0.0001,0.0032,0.0021
77840.0,238.4079,-25.3275,238.4079,-25.3276,238.4029,-25.3272,0.0,-0.0002,0.0021,-0.0012
78045.0,239.0293,-60.4771,239.0294,-60.4771,239.025,-60.4828,0.0,-0.0001,0.0018,-0.0094
77858.0,238.4697,-24.5337,238.4697,-24.5337,238.4742,-24.5331,0.0,-0.0003,0.0019,-0.0024
77859.0,238.4773,-23.9761,238.4773,-23.9762,238.4825,-23.9781,0.0,-0.0003,0.0022,-0.0081
77853.0,238.451,-16.7312,238.451,-16.7312,238.4562,-16.7294,0.0,-0.0004,0.0022,-0.0102
77782.0,238.2394,17.4039,238.2393,17.4038,238.2342,17.4036,0.0,0.0004,0.0022,0.0015
77900.0,238.6306,-27.3404,238.6306,-27.3405,238.625,-27.3386,0.0,-0.0002,0.0024,-0.0066
77801.0,238.307,13.2031,238.307,13.2031,238.3004,13.1967,0.0,0.0005,0.0028,0.0489
77909.0,238.6636,-25.2476,238.6636,-25.2477,238.6646,-25.2436,0.0,-0.0002,0.0004,-0.0158
77835.0,238.3975,16.0726,238.3975,16.0725,238.3954,16.075,0.0,0.0004,0.0009,0.0151
77760.0,238.1548,42.4392,238.1547,42.4392,238.1688,42.4517,0.0,0.0001,0.0059,0.0293
77939.0,238.7527,-19.3792,238.7527,-19.3793,238.7512,-19.3831,0.0,-0.0003,0.0006,-0.0199
77985.0,238.8729,-31.0873,238.8729,-31.0874,238.8767,-31.0836,0.0,-0.0002,0.0016,-0.012
77984.0,238.8725,-26.2649,238.8725,-26.265,238.8754,-26.2658,0.0,-0.0002,0.0012,-0.0034
78046.0,239.0214,-39.8651,239.0214,-39.8652,239.0271,-39.8642,0.0,-0.0002,0.0024,-0.0024
77910.0,238.6654,8.58,238.6654,8.58,238.6679,8.5803,0.0,0.0007,0.001,0.0027
78279.0,239.7428,-65.0324,239.7429,-65.0324,239.7421,-65.0378,0.0,-0.0001,0.0003,-0.0083
78117.0,239.2719,-48.1612,239.2719,-48.1613,239.2658,-48.1622,0.0,-0.0001,0.0025,-0.002
77738.0,238.0676,55.8286,238.0675,55.8285,238.0692,55.8267,0.0,0.0001,0.0006,0.0035
78058.0,239.0513,-31.785,239.0513,-31.7851,239.0579,-31.7858,0.0,-0.0002,0.0028,-0.0027
77902.0,238.6424,20.3078,238.6423,20.3078,238.6442,20.3108,0.0,0.0003,0.0007,0.0148
78105.0,239.2242,-33.9656,239.2242,-33.9657,239.2229,-33.9664,0.0,-0.0002,0.0005,-0.0022
78106.0,239.2242,-33.9656,239.2242,-33.9657,239.2258,-33.9642,0.0,-0.0002,0.0007,-0.0043
78059.0,239.0576,-14.3986,239.0576,-14.3986,239.06,-14.3994,0.0,-0.0004,0.001,-0.0062
78104.0,239.2226,-29.2139,239.2226,-29.2139,239.2212,-29.2142,0.0,-0.0002,0.0006,-0.0011
78142.0,239.3343,-36.1863,239.3344,-36.1864,239.3387,-36.185,0.0,-0.0002,0.0018,-0.0037
78078.0,239.1378,-14.8295,239.1378,-14.8295,239.1392,-14.8292,0.0,-0.0004,0.0006,-0.0021
77995.0,238.9145,18.6179,238.9144,18.6179,238.9158,18.6206,0.0,0.0003,0.0006,0.014
77907.0,238.6546,43.1381,238.6545,43.1381,238.6579,43.1386,0.0,0.0001,0.0014,0.0011
78072.0,239.1057,15.6804,239.1056,15.6803,239.1133,15.6617,0.0,0.0004,0.0032,0.1194
78168.0,239.4122,-20.9822,239.4122,-20.9823,239.4183,-20.9831,0.0,-0.0003,0.0025,-0.0039
78236.0,239.6292,-37.4995,239.6292,-37.4996,239.6279,-37.5031,0.0,-0.0002,0.0005,-0.0094
78012.0,238.9463,37.945,238.9462,37.9449,238.9483,37.9469,0.0,0.0002,0.0009,0.0052
78355.0,239.9782,-54.0256,239.9782,-54.0257,239.975,-54.0211,0.0,-0.0001,0.0013,-0.0084
77986.0,238.8841,42.5685,238.884,42.5685,238.8775,42.5661,0.0,0.0001,0.0028,0.0057
78476.0,240.2896,-63.7733,240.2897,-63.7733,240.2946,-63.7767,0.0,-0.0001,0.0021,-0.0053
78132.0,239.3128,14.4128,239.3127,14.4128,239.3108,14.4144,0.0,0.0004,0.0008,0.0113
78207.0,239.5507,-14.2783,239.5507,-14.2783,239.5475,-14.2794,0.0,-0.0004,0.0013,-0.0082
78246.0,239.6432,-24.8284,239.6432,-24.8285,239.645,-24.8314,0.0,-0.0002,0.0007,-0.0121
78323.0,239.877,-41.7395,239.877,-41.7396,239.8762,-41.7444,0.0,-0.0001,0.0003,-0.0118
78265.0,239.7173,-26.111,239.7173,-26.111,239.7129,-26.1142,0.0,-0.0002,0.0018,-0.0122
78367.0,239.99,-40.6535,239.99,-40.6536,239.9917,-40.6528,0.0,-0.0001,0.0007,-0.0019
78469.0,240.2738,-54.577,240.2739,-54.5771,240.2767,-54.5778,0.0,-0.0001,0.0012,-0.0014
78159.0,239.3995,26.8755,239.3995,26.8754,239.3971,26.8778,0.0,0.0002,0.001,0.0086
78017.0,238.9526,58.9089,238.9525,58.9089,238.9571,58.9117,0.0001,0.0001,0.0019,0.0047
78153.0,239.3807,39.6957,239.3807,39.6956,239.3746,39.6953,0.0,0.0002,0.0026,0.0009
78603.0,240.7197,-62.5445,240.7198,-62.5446,240.7183,-62.5417,0.0,-0.0001,0.0006,-0.0045
78868.0,241.4886,-72.4012,241.4888,-72.4013,241.4825,-72.4008,0.0001,-0.0001,0.0025,-0.0005
78486.0,240.3293,-31.889,240.3293,-31.889,240.3312,-31.8894,0.0,-0.0002,0.0008,-0.0015
78276.0,239.735,36.6429,239.7349,36.6428,239.7404,36.6439,0.0,0.0002,0.0023,0.0028
78322.0,239.8802,25.9167,239.8801,25.9167,239.8758,25.9203,0.0,0.0002,0.0018,0.0137
78180.0,239.4478,54.7505,239.4477,54.7505,239.4475,54.7497,0.0,0.0001,0.0001,0.0015
78662.0,240.8925,-57.7729,240.8926,-57.7729,240.8829,-57.7753,0.0,-0.0001,0.004,-0.0042
78639.0,240.8082,-49.2278,240.8082,-49.2279,240.8038,-49.2297,0.0,-0.0001,0.0018,-0.0039
78286.0,239.7722,49.8806,239.7721,49.8806,239.7683,49.8811,0.0,0.0001,0.0016,0.0009
78575.0,240.6602,-29.1321,240.6602,-29.1321,240.6642,-29.1358,0.0,-0.0002,0.0016,-0.013
78481.0,240.3087,17.8197,240.3087,17.8197,240.3096,17.8183,0.0,0.0003,0.0004,0.0079
78655.0,240.8482,-38.5998,240.8483,-38.5998,240.8508,-38.6025,0.0,-0.0002,0.0011,-0.0071
78459.0,240.2666,33.3172,240.2666,33.3171,240.2612,33.3036,0.0,0.0002,0.0022,0.0407
78650.0,240.8405,-25.8684,240.8405,-25.8684,240.8358,-25.8653,0.0,-0.0002,0.0019,-0.012
78493.0,240.3555,29.8488,240.3555,29.8487,240.3608,29.8511,0.0,0.0002,0.0022,0.0077
78554.0,240.5748,22.806,240.5748,22.806,240.5738,22.8044,0.0,0.0003,0.0005,0.007
78699.0,240.9796,-24.7287,240.9796,-24.7287,240.9779,-24.7264,0.0,-0.0002,0.0007,-0.0093
78726.0,241.0784,-33.2152,241.0784,-33.2152,241.0742,-33.2144,0.0,-0.0002,0.0018,-0.0021
78747.0,241.1594,-37.8618,241.1594,-37.8619,241.1529,-37.8631,0.0,-0.0002,0.0027,-0.0033
78685.0,240.9374,4.9904,240.9374,4.9903,240.9404,4.9867,0.0,0.0012,0.0012,0.0742
,241.0958,-11.375,241.0957,-11.3751,241.0921,-11.3731,0.0,-0.0005,0.0015,-0.0172
,241.0958,-11.375,241.0957,-11.3751,241.0921,-11.3731,0.0,-0.0005,0.0015,-0.0172
78989.0,241.8518,-56.1884,241.8518,-56.1885,241.85,-56.1914,0.0,-0.0001,0.0007,-0.0053
78914.0,241.623,-45.1775,241.6231,-45.1775,241.6225,-45.1733,0.0,-0.0001,0.0002,-0.0091
78542.0,240.5302,52.917,240.5301,52.917,240.5229,52.9158,0.0,0.0001,0.003,0.0023
78592.0,240.6983,46.0352,240.6982,46.0351,240.6996,46.0367,0.0,0.0001,0.0005,0.0033
78649.0,240.8316,36.6341,240.8315,36.634,240.8308,36.6317,0.0,0.0002,0.0003,0.0066
78820.0,241.3571,-19.807,241.3571,-19.8071,241.3592,-19.8056,0.0,-0.0003,0.0009,-0.0075
78821.0,241.3638,-19.8004,241.3638,-19.8004,241.3604,-19.8019,0.0,-0.0003,0.0014,-0.0079
78527.0,240.4862,58.5605,240.4861,58.5604,240.4721,58.5653,0.0001,0.0001,0.0059,0.0081
78918.0,241.647,-36.8074,241.647,-36.8074,241.6479,-36.8022,0.0,-0.0002,0.0004,-0.0139
78877.0,241.5315,-23.6078,241.5315,-23.6079,241.5263,-23.6064,0.0,-0.0003,0.0022,-0.006
78849.0,241.4294,-6.2924,241.4294,-6.2925,241.4354,-6.2917,0.0,-0.0009,0.0025,-0.012
78870.0,241.4964,-6.1411,241.4964,-6.1411,241.4992,-6.1394,0.0,-0.001,0.0011,-0.0267
78970.0,241.8148,-36.75,241.8148,-36.7501,241.8183,-36.7556,0.0,-0.0002,0.0015,-0.0151
78840.0,241.4108,8.0934,241.4108,8.0933,241.4075,8.0961,0.0,0.0007,0.0014,0.0337
78933.0,241.7043,-20.671,241.7043,-20.671,241.7017,-20.6692,0.0,-0.0003,0.0011,-0.0088
79153.0,242.3262,-57.9322,242.3263,-57.9323,242.3275,-57.9344,0.0,-0.0001,0.0005,-0.0039
78632.0,240.7826,59.4086,240.7825,59.4085,240.7888,59.4108,0.0001,0.0001,0.0026,0.0037
78955.0,241.7683,-14.0772,241.7683,-14.0772,241.7642,-14.0708,0.0,-0.0004,0.0017,-0.0452
78990.0,241.8492,-20.8625,241.8492,-20.8625,241.8512,-20.8686,0.0,-0.0003,0.0008,-0.0294
79031.0,241.9628,-24.464,241.9628,-24.4641,241.9662,-24.4619,0.0,-0.0002,0.0014,-0.0085
79080.0,242.1343,-39.1044,242.1343,-39.1045,242.1425,-39.1053,0.0,-0.0002,0.0034,-0.0022
79081.0,242.1436,-39.0977,242.1436,-39.0977,242.1433,-39.0931,0.0,-0.0002,0.0001,-0.0118
79050.0,242.0325,-26.3258,242.0325,-26.3258,242.0317,-26.3267,0.0,-0.0002,0.0004,-0.0035
79005.0,241.9011,-12.7485,241.901,-12.7485,241.9017,-12.7456,0.0,-0.0005,0.0002,-0.0227
79098.0,242.1779,-23.6869,242.1779,-23.687,242.1821,-23.6856,0.0,-0.0002,0.0017,-0.0057
79007.0,241.9041,9.8922,241.9041,9.8921,241.9063,9.8917,0.0,0.0006,0.0009,0.0054
78985.0,241.8382,21.8229,241.8381,21.8228,241.8425,21.8225,0.0,0.0003,0.0018,0.0017
79173.0,242.3856,-32.6502,242.3856,-32.6503,242.3821,-32.6497,0.0,-0.0002,0.0014,-0.0015
79199.0,242.4685,-33.5448,242.4685,-33.5448,242.4692,-33.5458,0.0,-0.0002,0.0003,-0.0032
79043.0,242.0193,17.0495,242.0192,17.0495,242.0188,17.0469,0.0,0.0003,0.0002,0.0152
79045.0,242.022,17.0563,242.022,17.0562,242.0204,17.0544,0.0,0.0003,0.0007,0.0107
79072.0,242.1138,8.532,242.1138,8.5319,242.1167,8.5342,0.0,0.0007,0.0012,0.0258
79120.0,242.2472,3.4493,242.2472,3.4492,242.2454,3.4544,0.0,0.0017,0.0007,0.1491
79203.0,242.4752,-18.34,242.4752,-18.3401,242.48,-18.3408,0.0,-0.0003,0.002,-0.0044
79102.0,242.197,17.2085,242.1969,17.2085,242.1942,17.2058,0.0,0.0003,0.0012,0.0156
79137.0,242.2929,6.3875,242.2928,6.3874,242.2967,6.3789,0.0,0.0009,0.0016,0.1347
79320.0,242.8234,-41.1216,242.8235,-41.1217,242.8238,-41.1197,0.0,-0.0001,0.0001,-0.0047
79195.0,242.4605,-3.4704,242.4604,-3.4705,242.4604,-3.4669,0.0,-0.0017,0.0,-0.0995
79302.0,242.7572,-29.4121,242.7572,-29.4121,242.7583,-29.4164,0.0,-0.0002,0.0004,-0.0147
79119.0,242.2469,36.4862,242.2468,36.4861,242.2429,36.4908,0.0,0.0002,0.0016,0.0128
79497.0,243.3556,-55.5417,243.3557,-55.5418,243.3442,-55.5408,0.0,-0.0001,0.0047,-0.0016
80047.0,245.084,-78.6904,245.0843,-78.6904,245.0867,-78.6958,0.0001,-0.0001,0.0011,-0.0069
80057.0,245.1095,-78.6697,245.1098,-78.6697,245.1117,-78.6672,0.0001,-0.0001,0.0009,-0.0031
79490.0,243.3215,-53.6746,243.3215,-53.6746,243.32,-53.6717,0.0,-0.0001,0.0006,-0.0054
79101.0,242.1885,44.9361,242.1885,44.9361,242.1925,44.935,0.0,0.0001,0.0016,0.0025
79509.0,243.361,-54.6299,243.361,-54.6299,243.3696,-54.6306,0.0,-0.0001,0.0035,-0.0013
78893.0,241.5815,67.8057,241.5814,67.8057,241.5821,67.8103,0.0001,0.0001,0.0002,0.0067
,242.9921,-19.4532,242.9921,-19.4532,242.9942,-19.4497,0.0,-0.0003,0.0009,-0.0177
79374.0,242.9999,-19.4599,242.9999,-19.46,242.9988,-19.4606,0.0,-0.0003,0.0005,-0.0034
79404.0,243.0747,-27.9208,243.0747,-27.9208,243.0758,-27.9264,0.0,-0.0002,0.0005,-0.0201
79399.0,243.0685,-28.4119,243.0685,-28.4119,243.0662,-28.4175,0.0,-0.0002,0.0009,-0.0197
79664.0,243.8552,-63.6833,243.8552,-63.6834,243.8596,-63.6856,0.0,-0.0001,0.0018,-0.0035
79337.0,242.8738,9.7147,242.8737,9.7146,242.8738,9.7125,0.0,0.0006,0.0,0.0225
79387.0,243.0292,-8.5511,243.0291,-8.5512,243.0304,-8.5475,0.0,-0.0007,0.0005,-0.0424
78661.0,240.8969,76.7971,240.8966,76.797,240.8804,76.7936,0.0001,0.0001,0.0068,0.0045
79332.0,242.8708,16.6632,242.8707,16.6631,242.8696,16.6656,0.0,0.0003,0.0005,0.0143
79125.0,242.2593,57.934,242.2592,57.9339,242.2621,57.9378,0.0001,0.0001,0.0011,0.0065
79797.0,244.2604,-67.9386,244.2605,-67.9387,244.2729,-67.9414,0.0,-0.0001,0.0051,-0.004
79164.0,242.3596,55.8299,242.3595,55.8298,242.3583,55.8289,0.0001,0.0001,0.0005,0.0018
79349.0,242.911,23.4953,242.9109,23.4953,242.9083,23.4947,0.0,0.0002,0.0011,0.0025
79689.0,243.9627,-57.9086,243.9628,-57.9087,243.9571,-57.9122,0.0,-0.0001,0.0023,-0.0062
79463.0,243.2403,-4.2204,243.2402,-4.2205,243.2354,-4.2208,0.0,-0.0014,0.002,-0.0102
79530.0,243.439,-24.4211,243.439,-24.4211,243.4404,-24.4219,0.0,-0.0002,0.0006,-0.0037
79350.0,242.9121,33.3399,242.9121,33.3399,242.9154,33.3425,0.0,0.0002,0.0014,0.0077
79653.0,243.8162,-47.3739,243.8162,-47.374,243.8137,-47.3722,0.0,-0.0001,0.001,-0.0036
79358.0,242.9532,36.4245,242.9531,36.4244,242.95,36.425,0.0,0.0002,0.0013,0.0015
79488.0,243.3174,5.0183,243.3174,5.0183,243.3142,5.0211,0.0,0.0011,0.0013,0.0558
79540.0,243.463,-11.8414,243.463,-11.8415,243.4621,-11.8375,0.0,-0.0005,0.0004,-0.0333
79661.0,243.8502,-42.8966,243.8502,-42.8966,243.85,-42.8997,0.0,-0.0001,0.0001,-0.0074
79357.0,242.9436,42.3709,242.9435,42.3708,242.9483,42.3744,0.0,0.0001,0.002,0.0085
79599.0,243.6224,-21.1068,243.6224,-21.1069,243.62,-21.1075,0.0,-0.0003,0.001,-0.0033
79441.0,243.1874,26.674,243.1873,26.6739,243.1887,26.6708,0.0,0.0002,0.0006,0.0118
79605.0,243.663,-18.536,243.663,-18.536,243.6629,-18.5353,0.0,-0.0003,0.0001,-0.0039
79622.0,243.7233,-25.4732,243.7233,-25.4733,243.7233,-25.4769,0.0,-0.0002,0.0,-0.0146
79754.0,244.1771,-53.8134,244.1771,-53.8135,244.1796,-53.8111,0.0,-0.0001,0.001,-0.0043
79593.0,243.5872,-3.6874,243.5871,-3.6875,243.5862,-3.6944,0.0,-0.0016,0.0004,-0.1897
79581.0,243.5552,5.9022,243.5552,5.9021,243.5562,5.9019,0.0,0.001,0.0004,0.0037
79790.0,244.2544,-50.0664,244.2544,-50.0665,244.2538,-50.0683,0.0,-0.0001,0.0003,-0.0038
79812.0,244.3384,-53.0797,244.3384,-53.0798,244.3371,-53.0867,0.0,-0.0001,0.0005,-0.0131
79672.0,243.9055,-8.3642,243.9055,-8.3643,243.9054,-8.3694,0.0,-0.0007,0.0,-0.0621
79692.0,243.9678,-14.8501,243.9678,-14.8502,243.9646,-14.8492,0.0,-0.0004,0.0013,-0.0063
79932.0,244.7065,-57.8998,244.7066,-57.8998,244.7162,-57.8997,0.0,-0.0001,0.004,-0.0001
79607.0,243.6719,33.8606,243.6718,33.8605,243.67,33.8586,0.0,0.0002,0.0008,0.0059
,243.6719,33.8606,243.6718,33.8605,243.67,33.8583,0.0,0.0002,0.0008,0.0067
79666.0,243.8658,18.8115,243.8658,18.8115,243.8696,18.8083,0.0,0.0003,0.0015,0.0169
79785.0,244.2425,-21.3028,244.2425,-21.3029,244.245,-21.3039,0.0,-0.0003,0.001,-0.0051
79781.0,244.2313,-3.957,244.2313,-3.957,244.2304,-3.9533,0.0,-0.0014,0.0004,-0.0922
79686.0,243.9445,27.4218,243.9445,27.4217,243.9475,27.4222,0.0,0.0002,0.0012,0.0016
79414.0,243.1165,67.1463,243.1163,67.1462,243.1046,67.1442,0.0001,0.0001,0.0049,0.0031
79881.0,244.5763,-28.6096,244.5763,-28.6096,244.5746,-28.6139,0.0,-0.0002,0.0007,-0.0151
79963.0,244.8236,-42.673,244.8236,-42.673,244.8238,-42.6739,0.0,-0.0001,0.0001,-0.0021
80000.0,244.9585,-50.1565,244.9585,-50.1566,244.96,-50.1556,0.0,-0.0001,0.0006,-0.0019
80054.0,245.105,-55.1335,245.105,-55.1335,245.105,-55.14,0.0,-0.0001,0.0,-0.0118
79757.0,244.1833,29.1535,244.1832,29.1534,244.1867,29.1503,0.0,0.0002,0.0014,0.011
79882.0,244.5773,-4.6965,244.5773,-4.6965,244.5804,-4.6925,0.0,-0.0012,0.0013,-0.0843
79945.0,244.7813,-20.2114,244.7813,-20.2115,244.7821,-20.2178,0.0,-0.0003,0.0003,-0.0315
79980.0,244.8809,-30.91,244.8809,-30.9101,244.8862,-30.9067,0.0,-0.0002,0.0022,-0.0108
79938.0,244.7574,-14.8729,244.7574,-14.873,244.7517,-14.8725,0.0,-0.0004,0.0024,-0.0029
79280.0,242.7006,75.8753,242.7003,75.8752,242.7063,75.8775,0.0001,0.0001,0.0023,0.0029
80066.0,245.1374,-39.4245,245.1374,-39.4246,245.1358,-39.4308,0.0,-0.0001,0.0006,-0.0161
80079.0,245.1608,-24.168,245.1608,-24.168,245.1592,-24.1694,0.0,-0.0002,0.0006,-0.006
79420.0,243.1292,75.2105,243.129,75.2105,243.1342,75.2106,0.0001,0.0001,0.002,0.0
80208.0,245.6079,-49.5706,245.608,-49.5707,245.6167,-49.5722,0.0,-0.0001,0.0036,-0.0032
80112.0,245.2941,-25.5941,245.2941,-25.5942,245.2971,-25.5928,0.0,-0.0002,0.0012,-0.0053
80212.0,245.6221,-43.9163,245.6221,-43.9163,245.6204,-43.9122,0.0,-0.0001,0.0007,-0.0092
79804.0,244.3112,59.7563,244.311,59.7563,244.3138,59.755,0.0001,0.0001,0.0011,0.0022
80021.0,245.0201,21.1366,245.02,21.1365,245.0179,21.1325,0.0,0.0003,0.0009,0.0193
79601.0,243.6438,73.3956,243.6436,73.3956,243.6396,73.395,0.0001,0.0001,0.0017,0.0009
80455.0,246.3307,-63.1265,246.3308,-63.1265,246.3417,-63.1247,0.0,-0.0001,0.0045,-0.0027
79953.0,244.8002,49.0361,244.8001,49.036,244.7967,49.0381,0.0,0.0001,0.0015,0.0041
80008.0,244.9856,39.7099,244.9855,39.7099,244.9796,39.7086,0.0,0.0001,0.0025,0.0033
79992.0,244.931,46.3091,244.9309,46.3091,244.935,46.3133,0.0,0.0001,0.0016,0.0091
80179.0,245.5211,1.0235,245.5211,1.0234,245.5183,1.0292,0.0,0.0054,0.0011,0.5562
80337.0,246.007,-39.1954,246.0071,-39.1954,246.0054,-39.1931,0.0,-0.0001,0.0007,-0.0059
80170.0,245.4804,19.1542,245.4803,19.1541,245.48,19.1531,0.0,0.0003,0.0002,0.0058
80227.0,245.6604,-2.0814,245.6603,-2.0815,245.6621,-2.0797,0.0,-0.0026,0.0007,-0.0828
80324.0,245.9851,-33.2041,245.9851,-33.2042,245.9862,-33.1994,0.0,-0.0002,0.0005,-0.014
80686.0,247.1075,-70.0825,247.1076,-70.0825,247.1171,-70.0844,0.0001,-0.0001,0.0039,-0.0028
80421.0,246.2256,-45.3474,246.2256,-45.3475,246.2258,-45.3492,0.0,-0.0001,0.0001,-0.0039
80390.0,246.132,-37.5681,246.1321,-37.5681,246.1321,-37.5658,0.0,-0.0001,0.0,-0.006
79867.0,244.5413,68.55,244.5411,68.55,244.5392,68.5544,0.0001,0.0001,0.0009,0.0064
81065.0,248.3659,-78.895,248.3662,-78.8951,248.3625,-78.8972,0.0001,-0.0001,0.0014,-0.0028
80181.0,245.5244,30.8886,245.5243,30.8886,245.5242,30.8919,0.0,0.0002,0.0001,0.0108
80343.0,246.0283,-20.0385,246.0283,-20.0385,246.0258,-20.0375,0.0,-0.0003,0.001,-0.0048
80399.0,246.1679,-29.7004,246.1679,-29.7004,246.165,-29.7033,0.0,-0.0002,0.0012,-0.01
,246.1679,-29.7004,246.1679,-29.7004,246.1654,-29.7047,0.0,-0.0002,0.001,-0.0147
80197.0,245.589,33.8023,245.5889,33.8022,245.5892,33.7992,0.0,0.0002,0.0001,0.0093
80214.0,245.6243,33.7057,245.6242,33.7057,245.6217,33.7036,0.0,0.0002,0.0011,0.0063
80645.0,246.9826,-64.0599,246.9827,-64.0599,246.9888,-64.0581,0.0,-0.0001,0.0025,-0.0028
80247.0,245.7308,32.3331,245.7307,32.333,245.7354,32.3331,0.0,0.0002,0.0019,0.0
80351.0,246.0454,6.9466,246.0454,6.9465,246.045,6.9481,0.0,0.0008,0.0002,0.0211
80473.0,246.3964,-23.4421,246.3964,-23.4421,246.3967,-23.4472,0.0,-0.0002,0.0001,-0.0219
,246.3964,-23.4421,246.3964,-23.4421,246.3962,-23.4461,0.0,-0.0002,0.0001,-0.0171
80675.0,247.0708,-58.6014,247.0709,-58.6015,247.0633,-58.5997,0.0,-0.0001,0.003,-0.0029
80582.0,246.7961,-47.5547,246.7962,-47.5547,246.7962,-47.555,0.0,-0.0001,0.0,-0.0007
79822.0,244.3764,75.7494,244.3761,75.7494,244.3762,75.7553,0.0001,0.0001,0.0,0.0077
80569.0,246.7515,-18.456,246.7515,-18.4561,246.7558,-18.4564,0.0,-0.0003,0.0018,-0.0019
80488.0,246.45,18.8957,246.45,18.8956,246.4488,18.8925,0.0,0.0003,0.0005,0.0169
80788.0,247.4313,-57.7573,247.4314,-57.7573,247.4375,-57.7558,0.0,-0.0001,0.0025,-0.0025
80514.0,246.5478,11.4098,246.5477,11.4098,246.5479,11.4075,0.0,0.0005,0.0001,0.0202
80672.0,247.0648,-37.18,247.0648,-37.18,247.0612,-37.1794,0.0,-0.0001,0.0014,-0.0014
80460.0,246.3554,37.3923,246.3553,37.3922,246.3508,37.3939,0.0,0.0001,0.0019,0.0043
80558.0,246.7053,2.3511,246.7053,2.3511,246.7088,2.3475,0.0,0.0023,0.0014,0.1538
80874.0,247.7137,-61.6329,247.7137,-61.633,247.7058,-61.6336,0.0,-0.0001,0.0032,-0.0012
80161.0,245.4446,69.1111,245.4444,69.1111,245.4529,69.1094,0.0001,0.0001,0.0034,0.0024
80375.0,246.0968,55.2039,246.0966,55.2038,246.1054,55.205,0.0001,0.0001,0.0035,0.0021
80620.0,246.9282,-7.5951,246.9282,-7.5951,246.9312,-7.5981,0.0,-0.0007,0.0012,-0.0396
80628.0,246.9551,-8.3747,246.955,-8.3747,246.9504,-8.3717,0.0,-0.0006,0.0019,-0.0358
80309.0,245.9541,61.6957,245.9539,61.6956,245.9458,61.6967,0.0001,0.0001,0.0033,0.0016
80782.0,247.4262,-46.237,247.4262,-46.237,247.4262,-46.2433,0.0,-0.0001,0.0,-0.0138
80331.0,246.0025,61.5114,246.0023,61.5114,245.9979,61.5142,0.0001,0.0001,0.0019,0.0045
84461.0,258.9451,-87.5661,258.9468,-87.5661,258.9971,-87.5664,0.0007,-0.0,0.0201,-0.0004
80763.0,247.3576,-26.4327,247.3576,-26.4328,247.3517,-26.4319,0.0,-0.0002,0.0024,-0.003
81141.0,248.5785,-70.9819,248.5787,-70.982,248.5804,-70.9881,0.0001,-0.0001,0.0008,-0.0086
80719.0,247.2031,-8.1225,247.2031,-8.1226,247.2037,-8.1289,0.0,-0.0007,0.0002,-0.0784
82076.0,251.4739,-83.2414,251.4744,-83.2415,251.4733,-83.2389,0.0002,-0.0001,0.0002,-0.0031
80793.0,247.4483,-14.5484,247.4483,-14.5484,247.4454,-14.5508,0.0,-0.0004,0.0012,-0.017
80815.0,247.5499,-25.1112,247.5499,-25.1112,247.5517,-25.115,0.0,-0.0002,0.0007,-0.0152
80945.0,247.9217,-41.8151,247.9217,-41.8152,247.9238,-41.8169,0.0,-0.0001,0.0008,-0.0043
80911.0,247.8429,-34.7043,247.8429,-34.7044,247.8454,-34.7044,0.0,-0.0002,0.001,-0.0004
80840.0,247.624,-7.509,247.624,-7.5091,247.6246,-7.515,0.0,-0.0007,0.0002,-0.0793
80910.0,247.8502,-26.5366,247.8502,-26.5366,247.845,-26.5378,0.0,-0.0002,0.0021,-0.0046
80704.0,247.1535,41.8831,247.1534,41.883,247.1604,41.8817,0.0,0.0001,0.0028,0.0034
80894.0,247.7898,-16.6108,247.7898,-16.6108,247.7846,-16.6128,0.0,-0.0003,0.0021,-0.012
80816.0,247.5586,21.4904,247.5586,21.4904,247.555,21.4897,0.0,0.0002,0.0015,0.0033
80883.0,247.7228,1.9846,247.7228,1.9846,247.7283,1.9839,0.0,0.0027,0.0022,0.0368
80710.0,247.1789,51.4037,247.1788,51.4037,247.1808,51.4078,0.0,0.0001,0.0008,0.0079
81252.0,248.9435,-65.4947,248.9436,-65.4948,248.9367,-65.4953,0.0,-0.0001,0.0027,-0.0009
80843.0,247.6391,20.4807,247.6391,20.4807,247.64,20.4792,0.0,0.0003,0.0004,0.0076
80975.0,248.0311,-21.4633,248.0311,-21.4633,248.0342,-21.4664,0.0,-0.0002,0.0012,-0.0145
80898.0,247.8016,22.196,247.8015,22.196,247.8058,22.1953,0.0,0.0002,0.0017,0.0034
81122.0,248.5238,-44.0468,248.5239,-44.0469,248.5208,-44.0453,0.0,-0.0001,0.0012,-0.0035
80809.0,247.5261,48.9648,247.526,48.9648,247.525,48.9608,0.0,0.0001,0.0004,0.0082
80888.0,247.767,35.2278,247.7669,35.2278,247.7617,35.225,0.0,0.0001,0.0021,0.008
81007.0,248.1516,5.5239,248.1515,5.5238,248.1488,5.5211,0.0,0.0009,0.0011,0.05
81008.0,248.1554,11.4868,248.1553,11.4868,248.1513,11.4881,0.0,0.0005,0.0017,0.0106
81198.0,248.7852,-45.2488,248.7852,-45.2488,248.7829,-45.2447,0.0,-0.0001,0.0009,-0.009
80650.0,246.9904,68.77,246.9902,68.77,246.9958,68.7681,0.0001,0.0001,0.0022,0.0029
80953.0,247.9521,45.5987,247.952,45.5987,247.9471,45.5983,0.0,0.0001,0.002,0.0009
81852.0,250.7843,-77.5122,250.7846,-77.5123,250.7692,-77.5175,0.0001,-0.0001,0.006,-0.0068
81305.0,249.092,-42.8542,249.092,-42.8542,249.0938,-42.8589,0.0,-0.0001,0.0007,-0.011
81266.0,248.9728,-28.2109,248.9728,-28.2109,248.9708,-28.2161,0.0,-0.0002,0.0008,-0.0185
81304.0,249.0936,-35.2551,249.0936,-35.2552,249.0938,-35.2556,0.0,-0.0001,0.0001,-0.0012
81507.0,249.7248,-60.9862,249.7249,-60.9862,249.7196,-60.9903,0.0,-0.0001,0.0021,-0.0068
81126.0,248.5246,42.4364,248.5245,42.4364,248.5258,42.4369,0.0,0.0001,0.0005,0.0012
81231.0,248.8551,17.0575,248.855,17.0575,248.8596,17.0572,0.0,0.0003,0.0018,0.0018
80991.0,248.1077,60.8207,248.1075,60.8206,248.1071,60.8233,0.0001,0.0001,0.0002,0.0044
81300.0,249.085,-2.3166,249.085,-2.3166,249.0896,-2.3247,0.0,-0.0022,0.0018,-0.3521
81710.0,250.3493,-68.3017,250.3495,-68.3017,250.3471,-68.2961,0.0001,-0.0001,0.0009,-0.0081
80480.0,246.4397,78.9597,246.4394,78.9596,246.4296,78.9639,0.0001,0.0001,0.0041,0.0053
81472.0,249.6059,-43.3939,249.606,-43.394,249.6092,-43.3986,0.0,-0.0001,0.0013,-0.0108
81377.0,249.2872,-10.5666,249.2872,-10.5667,249.2896,-10.5672,0.0,-0.0005,0.0009,-0.0056
81337.0,249.1756,15.4971,249.1756,15.497,249.1792,15.4981,0.0,0.0003,0.0014,0.0064
81657.0,250.2128,-60.4491,250.2129,-60.4492,250.2104,-60.4461,0.0,-0.0001,0.0009,-0.005
81523.0,249.7679,-37.2205,249.7679,-37.2206,249.7717,-37.2175,0.0,-0.0001,0.0015,-0.0081
81440.0,249.5021,-6.5355,249.5021,-6.5356,249.5067,-6.5381,0.0,-0.0008,0.0018,-0.039
80920.0,247.8717,72.6134,247.8715,72.6133,247.8671,72.6119,0.0001,0.0001,0.0019,0.002
81425.0,249.4548,13.6878,249.4548,13.6878,249.45,13.6869,0.0,0.0004,0.0019,0.0064
81873.0,250.857,-67.4322,250.8571,-67.4322,250.8421,-67.4325,0.0001,-0.0001,0.006,-0.0005
81289.0,249.046,46.6122,249.0459,46.6121,249.0467,46.6133,0.0,0.0001,0.0003,0.0025
81290.0,249.0559,52.9009,249.0558,52.9008,249.0479,52.9003,0.0,0.0001,0.0032,0.0011
81292.0,249.0499,52.923,249.0498,52.923,249.0571,52.9244,0.0,0.0001,0.0029,0.0026
,249.0499,52.923,249.0498,52.923,249.0588,52.9242,0.0,0.0001,0.0035,0.0021
81702.0,250.3285,-48.7614,250.3285,-48.7614,250.3346,-48.7631,0.0,-0.0001,0.0024,-0.0035
81733.0,250.4165,-49.6502,250.4166,-49.6503,250.4175,-49.6517,0.0,-0.0001,0.0004,-0.0029
81580.0,249.9129,-9.5541,249.9129,-9.5542,249.9129,-9.5544,0.0,-0.0005,0.0,-0.0035
81632.0,250.1389,-20.4086,250.1389,-20.4086,250.1438,-20.4086,0.0,-0.0002,0.0019,-0.0002
80850.0,247.6749,77.4409,247.6746,77.4409,247.6617,77.4467,0.0001,0.0001,0.0054,0.0074
81741.0,250.4401,-33.1414,250.4401,-33.1414,250.4396,-33.1464,0.0,-0.0001,0.0002,-0.0152
81728.0,250.4077,-24.4674,250.4076,-24.4675,250.4008,-24.4681,0.0,-0.0002,0.0027,-0.0027
81634.0,250.1472,4.2028,250.1472,4.2027,250.1462,4.2072,0.0,0.0012,0.0004,0.1052
81641.0,250.1598,4.2253,250.1598,4.2252,250.1613,4.2197,0.0,0.0012,0.0006,0.1313
81724.0,250.3902,-17.7385,250.3902,-17.7385,250.3933,-17.7422,0.0,-0.0003,0.0012,-0.0213
81847.0,250.7666,-46.0703,250.7667,-46.0703,250.7642,-46.0706,0.0,-0.0001,0.001,-0.0006
81358.0,249.2361,63.0718,249.2359,63.0718,249.2292,63.0728,0.0001,0.0001,0.0028,0.0015
81497.0,249.6909,48.9302,249.6908,48.9302,249.6871,48.9283,0.0,0.0001,0.0015,0.0039
81754.0,250.4763,-19.9275,250.4763,-19.9275,250.4738,-19.9244,0.0,-0.0002,0.001,-0.0151
81659.0,250.2111,12.3983,250.2111,12.3982,250.2142,12.395,0.0,0.0004,0.0012,0.0266
82129.0,251.6597,-67.1085,251.6598,-67.1085,251.6667,-67.1097,0.0001,-0.0001,0.0028,-0.0018
81734.0,250.4253,1.183,250.4252,1.1829,250.4271,1.1811,0.0,0.0042,0.0007,0.1563
81903.0,250.9391,-41.1221,250.9391,-41.1221,250.9396,-41.1189,0.0,-0.0001,0.0002,-0.0078
81966.0,251.1753,-53.1506,251.1754,-53.1506,251.1658,-53.1525,0.0,-0.0001,0.0038,-0.0036
81670.0,250.2499,24.8591,250.2498,24.859,250.2525,24.8586,0.0,0.0002,0.001,0.0019
81914.0,250.9664,-41.1135,250.9665,-41.1136,250.9746,-41.1131,0.0,-0.0001,0.0032,-0.0011
81904.0,250.9519,-38.1546,250.952,-38.1547,250.9483,-38.1567,0.0,-0.0001,0.0014,-0.0054
81891.0,250.9102,-32.1034,250.9102,-32.1035,250.9112,-32.1061,0.0,-0.0002,0.0004,-0.0083
81693.0,250.3322,31.6006,250.3321,31.6005,250.3217,31.6031,0.0,0.0002,0.0042,0.0078
81729.0,250.4021,26.9137,250.402,26.9136,250.4029,26.9169,0.0,0.0002,0.0003,0.0122
81972.0,251.1738,-40.8398,251.1739,-40.8399,251.1775,-40.8397,0.0,-0.0001,0.0015,-0.0003
82110.0,251.5893,-58.5047,251.5894,-58.5047,251.5883,-58.5036,0.0,-0.0001,0.0004,-0.0018
81939.0,251.0732,-27.4623,251.0732,-27.4623,251.0721,-27.4561,0.0,-0.0002,0.0004,-0.0224
82273.0,252.1756,-69.0252,252.1757,-69.0252,252.1662,-69.0278,0.0001,-0.0001,0.0037,-0.0038
81992.0,251.2573,-28.509,251.2573,-28.509,251.2508,-28.5097,0.0,-0.0002,0.0026,-0.0027
82171.0,251.8276,-58.3384,251.8277,-58.3384,251.8312,-58.3414,0.0,-0.0001,0.0014,-0.0052
81833.0,250.7286,38.9213,250.7285,38.9212,250.7242,38.9222,0.0,0.0001,0.0018,0.0025
82135.0,251.7057,-39.3765,251.7057,-39.3765,251.6992,-39.3772,0.0,-0.0001,0.0026,-0.0019
81911.0,250.9623,34.0357,250.9622,34.0356,250.9654,34.0389,0.0,0.0001,0.0013,0.0094
81660.0,250.2203,64.586,250.2202,64.5859,250.2296,64.5892,0.0001,0.0001,0.0037,0.005
82037.0,251.3742,1.0191,251.3742,1.019,251.3738,1.0203,0.0,0.0047,0.0002,0.1184
82140.0,251.7181,-25.5275,251.7181,-25.5275,251.7138,-25.5286,0.0,-0.0002,0.0017,-0.0045
81840.0,250.7469,55.6884,250.7467,55.6884,250.7433,55.6903,0.0001,0.0001,0.0014,0.0033
82028.0,251.3404,15.7498,251.3404,15.7498,251.3438,15.7453,0.0,0.0003,0.0013,0.029
82073.0,251.46,8.578,251.46,8.5779,251.4579,8.5825,0.0,0.0006,0.0008,0.0525
82363.0,252.4464,-59.0352,252.4465,-59.0352,252.4462,-59.0414,0.0,-0.0001,0.0001,-0.0105
82012.0,251.3004,43.2209,251.3003,43.2209,251.2988,43.2172,0.0,0.0001,0.0007,0.0086
82539.0,253.081,-67.6772,253.0811,-67.6773,253.0725,-67.6819,0.0001,-0.0001,0.0034,-0.007
82162.0,251.7862,2.0631,251.7862,2.063,251.7908,2.0644,0.0,0.0023,0.0018,0.0662
82517.0,252.9688,-65.3751,252.9689,-65.3751,252.9746,-65.3756,0.0,-0.0001,0.0023,-0.0008
82216.0,251.9476,5.2451,251.9476,5.2451,251.9433,5.2467,0.0,0.0009,0.0017,0.0294
82259.0,252.1066,-14.9105,252.1065,-14.9106,252.1125,-14.9094,0.0,-0.0003,0.0024,-0.0072
82418.0,252.6431,-50.0469,252.6431,-50.0469,252.6496,-50.0456,0.0,-0.0001,0.0026,-0.0026
82020.0,251.3252,56.7773,251.3251,56.7772,251.3242,56.7819,0.0001,0.0001,0.0004,0.0082
81428.0,249.4812,78.9233,249.4808,78.9233,249.4704,78.9183,0.0001,0.0001,0.0043,0.0063
82241.0,252.041,13.5898,252.041,13.5897,252.0371,13.5906,0.0,0.0004,0.0016,0.0058
82339.0,252.3666,-15.6692,252.3666,-15.6692,252.3658,-15.6675,0.0,-0.0003,0.0003,-0.0107
82396.0,252.5485,-34.2869,252.5485,-34.287,252.5408,-34.2933,0.0,-0.0001,0.003,-0.0187
82172.0,251.8349,42.2357,251.8348,42.2356,251.8325,42.2389,0.0,0.0001,0.0009,0.0076
82369.0,252.4538,-10.7775,252.4538,-10.7775,252.4583,-10.7831,0.0,-0.0004,0.0018,-0.0517
82453.0,252.7463,-37.5103,252.7463,-37.5103,252.7492,-37.5144,0.0,-0.0001,0.0011,-0.0111
82493.0,252.892,-41.2257,252.892,-41.2258,252.8904,-41.2306,0.0,-0.0001,0.0006,-0.0117
82350.0,252.3982,13.2625,252.3981,13.2624,252.3942,13.2614,0.0,0.0004,0.0016,0.0082
82514.0,252.9753,-38.0461,252.9754,-38.0462,252.9675,-38.0475,0.0,-0.0001,0.0031,-0.0036
82405.0,252.5911,-2.6493,252.5911,-2.6494,252.5929,-2.6539,0.0,-0.0018,0.0007,-0.1713
82543.0,253.0785,-41.8586,253.0786,-41.8586,253.0796,-41.8544,0.0,-0.0001,0.0004,-0.0098
82402.0,252.5768,7.2457,252.5768,7.2456,252.5808,7.2478,0.0,0.0006,0.0016,0.0289
82672.0,253.5047,-57.9098,253.5048,-57.9099,253.5021,-57.9094,0.0,-0.0001,0.001,-0.0006
82545.0,253.0887,-38.016,253.0887,-38.0161,253.0838,-38.0175,0.0,-0.0001,0.0019,-0.0038
82806.0,253.8536,-63.275,253.8537,-63.2751,253.8529,-63.2697,0.0,-0.0001,0.0003,-0.0084
82480.0,252.8537,1.2114,252.8537,1.2114,252.8538,1.2161,0.0,0.0038,0.0,0.3853
82355.0,252.4207,43.4315,252.4206,43.4315,252.4188,43.4306,0.0,0.0001,0.0008,0.0023
82650.0,253.4227,-43.0483,253.4228,-43.0483,253.4271,-43.0508,0.0,-0.0001,0.0017,-0.0059
82422.0,252.6597,29.8059,252.6596,29.8059,252.6625,29.8067,0.0,0.0002,0.0011,0.0024
82426.0,252.6764,32.5537,252.6763,32.5536,252.6796,32.5536,0.0,0.0001,0.0013,0.0002
82676.0,253.5006,-41.8057,253.5006,-41.8057,253.5075,-41.8064,0.0,-0.0001,0.0027,-0.0017
82669.0,253.4985,-41.9978,253.4985,-41.9978,253.495,-41.9947,0.0,-0.0001,0.0014,-0.0072
82671.0,253.5009,-42.3601,253.5009,-42.3601,253.4988,-42.3622,0.0,-0.0001,0.0009,-0.0051
,253.5546,-41.8513,253.5546,-41.8513,253.5492,-41.8503,0.0,-0.0001,0.0021,-0.0024
82419.0,252.6499,41.8935,252.6498,41.8934,252.6504,41.8967,0.0,0.0001,0.0002,0.0076
82706.0,253.5884,-41.8202,253.5884,-41.8203,253.5817,-41.82,0.0,-0.0001,0.0027,-0.0006
82716.0,253.614,-42.4794,253.614,-42.4794,253.6121,-42.4789,0.0,-0.0001,0.0007,-0.0012
81854.0,250.7689,77.515,250.7685,77.515,250.775,77.5142,0.0001,0.0001,0.0024,0.0011
82526.0,253.0172,14.9764,253.0172,14.9764,253.0204,14.9742,0.0,0.0003,0.0013,0.0151
82621.0,253.3559,-20.4133,253.3559,-20.4134,253.355,-20.4156,0.0,-0.0002,0.0004,-0.011
82504.0,252.9364,24.6546,252.9364,24.6545,252.9388,24.6564,0.0,0.0002,0.0009,0.0073
82729.0,253.6447,-42.3562,253.6447,-42.3562,253.6458,-42.3614,0.0,-0.0001,0.0005,-0.0123
82775.0,253.7416,-41.1542,253.7416,-41.1542,253.7433,-41.1511,0.0,-0.0001,0.0007,-0.0074
82731.0,253.643,-30.5873,253.643,-30.5874,253.65,-30.5872,0.0,-0.0001,0.0028,-0.0004
82868.0,254.0388,-50.6796,254.0389,-50.6796,254.0371,-50.675,0.0,-0.0001,0.0007,-0.009
82902.0,254.1239,-52.2856,254.124,-52.2857,254.1196,-52.2839,0.0,-0.0001,0.0017,-0.0033
83150.0,254.8831,-69.2671,254.8832,-69.2671,254.8908,-69.2683,0.0001,-0.0001,0.003,-0.0018
82693.0,253.5445,-1.6084,253.5445,-1.6085,253.5442,-1.6122,0.0,-0.0028,0.0001,-0.2343
82737.0,253.67,-11.7957,253.67,-11.7957,253.6679,-11.7925,0.0,-0.0004,0.0008,-0.0267
82587.0,253.2381,31.7004,253.2381,31.7003,253.2421,31.7017,0.0,0.0001,0.0016,0.0041
82730.0,253.6483,-6.1483,253.6482,-6.1484,253.6487,-6.1539,0.0,-0.0007,0.0002,-0.0906
82673.0,253.5009,10.162,253.5009,10.1619,253.5021,10.1653,0.0,0.0005,0.0004,0.0326
82855.0,253.9905,-33.5027,253.9905,-33.5027,253.9908,-33.5072,0.0,-0.0001,0.0001,-0.0135
82911.0,254.146,-40.8224,254.1461,-40.8224,254.15,-40.8236,0.0,-0.0001,0.0016,-0.003
82861.0,254.0021,-16.8084,254.0021,-16.8085,254.0075,-16.8061,0.0,-0.0003,0.0021,-0.0137
83081.0,254.6469,-55.988,254.6469,-55.988,254.655,-55.9903,0.0,-0.0001,0.0032,-0.0041
82611.0,253.3286,47.4147,253.3285,47.4147,253.3233,47.4169,0.0,0.0001,0.0021,0.0047
82764.0,253.7266,20.9553,253.7265,20.9553,253.73,20.9586,0.0,0.0002,0.0013,0.0158
82960.0,254.2957,-33.2605,254.2957,-33.2605,254.2962,-33.2594,0.0,-0.0001,0.0002,-0.0032
83057.0,254.5698,-50.6408,254.5698,-50.6409,254.575,-50.6411,0.0,-0.0001,0.002,-0.0006
82798.0,253.8197,13.6217,253.8197,13.6217,253.8167,13.6197,0.0,0.0003,0.0012,0.0146
82780.0,253.756,25.7325,253.7559,25.7324,253.7588,25.7306,0.0,0.0002,0.0011,0.0074
82951.0,254.2677,-19.5419,254.2676,-19.542,254.2667,-19.54,0.0,-0.0002,0.0004,-0.0099
83153.0,254.9031,-53.1595,254.9032,-53.1595,254.8962,-53.1606,0.0,-0.0001,0.0027,-0.0021
82979.0,254.3588,-10.9655,254.3588,-10.9655,254.3588,-10.9633,0.0,-0.0004,0.0,-0.0194
83100.0,254.7245,-37.6193,254.7245,-37.6193,254.7183,-37.6211,0.0,-0.0001,0.0024,-0.0049
83000.0,254.4234,9.3769,254.4233,9.3769,254.4171,9.375,0.0,0.0005,0.0025,0.0204
82989.0,254.3867,13.8828,254.3866,13.8827,254.3833,13.8842,0.0,0.0003,0.0013,0.0099
83090.0,254.6696,-14.8661,254.6696,-14.8661,254.6733,-14.8697,0.0,-0.0003,0.0015,-0.0247
83323.0,255.4375,-58.9573,255.4376,-58.9574,255.4475,-58.9583,0.0,-0.0001,0.0039,-0.0017
82987.0,254.3825,25.3483,254.3824,25.3483,254.3792,25.3528,0.0,0.0002,0.0013,0.0176
82867.0,254.0337,50.0358,254.0336,50.0358,254.0267,50.0389,0.0,0.0001,0.0028,0.0062
83007.0,254.4296,24.3797,254.4296,24.3797,254.4262,24.3814,0.0,0.0002,0.0013,0.0068
83176.0,254.988,-25.0909,254.988,-25.0909,254.99,-25.0919,0.0,-0.0002,0.0008,-0.0043
83321.0,255.4484,-51.1337,255.4484,-51.1337,255.4421,-51.1308,0.0,-0.0001,0.0025,-0.0055
83013.0,254.4568,42.5165,254.4567,42.5164,254.4592,42.5125,0.0,0.0001,0.0009,0.0094
83431.0,255.7883,-53.2394,255.7883,-53.2394,255.7867,-53.2369,0.0,-0.0001,0.0006,-0.0045
82860.0,253.9895,65.1344,253.9893,65.1343,254.0071,65.1347,0.0001,0.0001,0.0069,0.0005
83336.0,255.4757,-32.1427,255.4757,-32.1428,255.4696,-32.1436,0.0,-0.0001,0.0024,-0.0027
83262.0,255.2674,-4.2234,255.2674,-4.2235,255.265,-4.2225,0.0,-0.001,0.001,-0.0223
82898.0,254.0963,65.0379,254.0962,65.0379,254.105,65.0392,0.0001,0.0001,0.0034,0.0019
83535.0,256.1014,-57.7097,256.1015,-57.7097,256.1029,-57.7122,0.0,-0.0001,0.0006,-0.0044
83331.0,255.4625,-18.8858,255.4625,-18.8859,255.4633,-18.8856,0.0,-0.0002,0.0003,-0.0015
82080.0,251.4716,82.0395,251.4711,82.0394,251.4921,82.0372,0.0002,0.0001,0.0082,0.0028
83481.0,255.9242,-47.155,255.9243,-47.155,255.9238,-47.16,0.0,-0.0001,0.0002,-0.0106
83308.0,255.387,14.947,255.387,14.9469,255.3875,14.9494,0.0,0.0003,0.0002,0.0164
83491.0,255.9654,-38.1515,255.9654,-38.1515,255.9617,-38.1522,0.0,-0.0001,0.0015,-0.002
83274.0,255.2944,27.1965,255.2944,27.1964,255.29,27.1964,0.0,0.0002,0.0017,0.0003
83342.0,255.4952,8.4475,255.4951,8.4475,255.4962,8.4506,0.0,0.0005,0.0004,0.0362
83138.0,254.8373,56.688,254.8372,56.6879,254.8396,56.6886,0.0001,0.0001,0.0009,0.0011
83594.0,256.2694,-45.5043,256.2694,-45.5043,256.2721,-45.5017,0.0,-0.0001,0.0011,-0.0057
83313.0,255.3959,33.5665,255.3958,33.5665,255.4017,33.5683,0.0,0.0001,0.0023,0.0053
83367.0,255.5781,25.5076,255.578,25.5075,255.5779,25.5056,0.0,0.0002,0.0001,0.0079
83574.0,256.2018,-34.1189,256.2018,-34.1189,256.2058,-34.1228,0.0,-0.0001,0.0016,-0.0114
82880.0,254.0647,73.1265,254.0644,73.1265,254.07,73.1278,0.0001,0.0001,0.0021,0.0017
83365.0,255.5669,31.8814,255.5668,31.8813,255.5717,31.8847,0.0,0.0001,0.0019,0.0105
83430.0,255.7828,14.0897,255.7828,14.0897,255.7825,14.0919,0.0,0.0003,0.0001,0.0159
83650.0,256.45,-44.1096,256.45,-44.1097,256.4525,-44.105,0.0,-0.0001,0.001,-0.0105
83435.0,255.7935,14.5176,255.7934,14.5176,255.7933,14.5111,0.0,0.0003,0.0001,0.0448
83567.0,256.1861,-20.4964,256.1861,-20.4964,256.1887,-20.4947,0.0,-0.0002,0.001,-0.0081
83478.0,255.9151,13.6089,255.9151,13.6089,255.9138,13.6053,0.0,0.0003,0.0005,0.0268
83504.0,255.9869,13.5688,255.9868,13.5688,255.9917,13.5675,0.0,0.0003,0.0019,0.0097
83493.0,255.9737,19.6925,255.9736,19.6925,255.9696,19.6906,0.0,0.0002,0.0016,0.01
83693.0,256.581,-37.2289,256.581,-37.2289,256.5846,-37.2275,0.0,-0.0001,0.0014,-0.0037
83114.0,254.7666,69.1858,254.7664,69.1857,254.7608,69.1864,0.0001,0.0001,0.0023,0.0009
83462.0,255.8697,35.4173,255.8696,35.4173,255.8758,35.4142,0.0,0.0001,0.0024,0.0088
83706.0,256.6132,-35.4482,256.6132,-35.4483,256.6183,-35.4511,0.0,-0.0001,0.002,-0.0082
83289.0,255.3193,60.6452,255.3191,60.6452,255.3196,60.6492,0.0001,0.0001,0.0001,0.0065
83684.0,256.5512,-21.5686,256.5512,-21.5686,256.5492,-21.5647,0.0,-0.0002,0.0008,-0.0178
83494.0,255.969,34.789,255.9689,34.7889,255.9729,34.7903,0.0,0.0001,0.0015,0.0038
83565.0,256.1734,19.5957,256.1733,19.5956,256.1721,19.5992,0.0,0.0002,0.0005,0.0178
83740.0,256.7202,-26.514,256.7202,-26.514,256.7217,-26.5131,0.0,-0.0002,0.0006,-0.0035
83613.0,256.3396,12.7405,256.3395,12.7405,256.3446,12.7408,0.0,0.0003,0.0019,0.0024
83984.0,257.5302,-61.6713,257.5303,-61.6714,257.5263,-61.6756,0.0,-0.0001,0.0015,-0.0068
84158.0,258.0651,-70.7215,258.0653,-70.7215,258.0825,-70.7211,0.0001,-0.0001,0.0067,-0.0005
83688.0,256.5554,10.4501,256.5553,10.45,256.5546,10.4542,0.0,0.0004,0.0003,0.0392
83359.0,255.571,64.5966,255.5708,64.5966,255.5638,64.6006,0.0001,0.0001,0.0028,0.0061
83738.0,256.7148,-1.6576,256.7147,-1.6577,256.7204,-1.6564,0.0,-0.0025,0.0022,-0.0742
83593.0,256.2763,43.8092,256.2762,43.8092,256.2708,43.8122,0.0,0.0001,0.0021,0.0068
83575.0,256.1994,48.8071,256.1993,48.8071,256.2075,48.8042,0.0,0.0001,0.0032,0.0061
83692.0,256.5801,22.0835,256.5801,22.0835,256.5754,22.0842,0.0,0.0002,0.0018,0.0029
83854.0,257.0594,-17.6109,257.0594,-17.6109,257.0621,-17.6092,0.0,-0.0002,0.001,-0.0097
83896.0,257.2039,-30.403,257.204,-30.403,257.1979,-30.4036,0.0,-0.0001,0.0023,-0.0021
83853.0,257.0544,-1.0736,257.0544,-1.0736,257.0567,-1.0794,0.0,-0.0039,0.0009,-0.5471
84248.0,258.3299,-67.1972,258.33,-67.1972,258.3229,-67.1967,0.0001,-0.0001,0.0027,-0.0007
83608.0,256.3303,54.4706,256.3301,54.4706,256.3325,54.4703,0.0001,0.0001,0.0009,0.0006
,256.3303,54.4706,256.3301,54.4706,256.3321,54.4703,0.0001,0.0001,0.0007,0.0006
84033.0,257.6794,-44.5528,257.6794,-44.5528,257.6762,-44.5575,0.0,-0.0001,0.0012,-0.0105
83906.0,257.2222,-3.8828,257.2222,-3.8828,257.2271,-3.8828,0.0,-0.0011,0.0019,-0.0008
84510.0,259.1496,-74.5274,259.1498,-74.5274,259.1483,-74.5331,0.0001,-0.0001,0.0005,-0.0076
84105.0,257.9084,-48.8734,257.9084,-48.8735,257.9121,-48.8742,0.0,-0.0001,0.0014,-0.0015
83962.0,257.4495,-10.5211,257.4495,-10.5211,257.45,-10.5233,0.0,-0.0004,0.0002,-0.0214
83816.0,256.9503,40.5181,256.9502,40.518,256.9446,40.5161,0.0,0.0001,0.0022,0.0048
83838.0,257.0066,35.9375,257.0065,35.9375,257.0083,35.9353,0.0,0.0001,0.0007,0.0062
84012.0,257.5919,-15.7248,257.5919,-15.7249,257.5946,-15.7247,0.0,-0.0003,0.0011,-0.0006
83317.0,255.3949,75.2987,255.3946,75.2986,255.4175,75.2972,0.0001,0.0001,0.0089,0.0019
84143.0,258.0385,-43.2325,258.0386,-43.2325,258.0383,-43.2392,0.0,-0.0001,0.0001,-0.0155
84150.0,258.0687,-39.5005,258.0687,-39.5005,258.0675,-39.5069,0.0,-0.0001,0.0005,-0.0163
84151.0,258.0698,-38.8204,258.0699,-38.8205,258.0687,-38.8222,0.0,-0.0001,0.0004,-0.0046
83857.0,257.0738,50.8396,257.0737,50.8395,257.0712,50.8422,0.0,0.0001,0.001,0.0052
84311.0,258.5608,-56.8898,258.5609,-56.8898,258.555,-56.8883,0.0,-0.0001,0.0022,-0.0026
84036.0,257.6856,12.4674,257.6856,12.4673,257.6908,12.4672,0.0,0.0003,0.002,0.0013
84147.0,258.0535,-25.256,258.0535,-25.256,258.0567,-25.2547,0.0,-0.0002,0.0012,-0.005
84175.0,258.1074,-27.7597,258.1074,-27.7597,258.1042,-27.7619,0.0,-0.0001,0.0012,-0.0081
83947.0,257.3891,40.7797,257.389,40.7796,257.3888,40.7772,0.0,0.0001,0.0001,0.006
84226.0,258.2473,-32.4429,258.2473,-32.443,258.2446,-32.4386,0.0,-0.0001,0.0011,-0.0133
84113.0,257.9368,7.8973,257.9368,7.8973,257.9383,7.8947,0.0,0.0005,0.0006,0.0327
84054.0,257.762,24.2345,257.7619,24.2344,257.7633,24.2378,0.0,0.0002,0.0005,0.0137
84332.0,258.6173,-39.7696,258.6173,-39.7696,258.6154,-39.7669,0.0,-0.0001,0.0007,-0.0066
84177.0,258.1139,10.5819,258.1138,10.5819,258.1158,10.5853,0.0,0.0004,0.0008,0.0316
84021.0,257.6316,52.406,257.6315,52.406,257.6275,52.4089,0.0,0.0001,0.0016,0.0054
83895.0,257.1977,65.7149,257.1975,65.7149,257.1967,65.7147,0.0001,0.0001,0.0004,0.0003
84401.0,258.8314,-33.544,258.8315,-33.5441,258.8304,-33.5483,0.0,-0.0001,0.0004,-0.0129
84425.0,258.9026,-38.5867,258.9026,-38.5867,258.8996,-38.5939,0.0,-0.0001,0.0012,-0.0186
84108.0,257.9233,49.7471,257.9232,49.747,257.9175,49.7467,0.0,0.0001,0.0023,0.0008
84827.0,260.0462,-70.0452,260.0463,-70.0453,260.0533,-70.0456,0.0001,-0.0001,0.0028,-0.0004
84405.0,258.8491,-26.5845,258.8491,-26.5845,258.8375,-26.6028,0.0,-0.0001,0.0045,-0.0687
,258.8491,-26.5845,258.8491,-26.5845,258.8367,-26.6014,0.0,-0.0001,0.0048,-0.0635
84445.0,258.9644,-30.209,258.9644,-30.209,258.9646,-30.2106,0.0,-0.0001,0.0001,-0.0051
84402.0,258.8351,-14.5867,258.8351,-14.5868,258.8346,-14.5839,0.0,-0.0003,0.0002,-0.0194
84489.0,259.0891,-35.7446,259.0892,-35.7446,259.0896,-35.7494,0.0,-0.0001,0.0002,-0.0137
84345.0,258.6591,14.3879,258.659,14.3879,258.6621,14.3903,0.0,0.0003,0.0012,0.0163
,258.6591,14.3879,258.659,14.3879,258.6633,14.39,0.0,0.0003,0.0016,0.0143
84731.0,259.8061,-59.6935,259.8062,-59.6935,259.8017,-59.6944,0.0,-0.0001,0.0017,-0.0016
84551.0,259.269,-32.6652,259.269,-32.6652,259.2654,-32.6628,0.0,-0.0001,0.0014,-0.0074
84379.0,258.7632,24.843,258.7631,24.843,258.7579,24.8392,0.0,0.0002,0.002,0.0156
84979.0,260.5312,-70.1191,260.5314,-70.1191,260.5246,-70.1233,0.0001,-0.0001,0.0026,-0.006
84479.0,259.063,2.1849,259.0629,2.1849,259.0592,2.1861,0.0,0.0018,0.0015,0.0538
84524.0,259.1803,-6.2467,259.1802,-6.2467,259.1783,-6.245,0.0,-0.0006,0.0007,-0.0273
84500.0,259.1319,1.2058,259.1319,1.2058,259.1321,1.2106,0.0,0.0032,0.0001,0.3922
84720.0,259.749,-46.6389,259.7491,-46.6389,259.7633,-46.6339,0.0,-0.0001,0.0055,-0.0108
84969.0,260.4988,-67.775,260.4989,-67.775,260.4975,-67.7706,0.0001,-0.0001,0.0005,-0.0065
84380.0,258.7646,36.8082,258.7645,36.8082,258.7617,36.8092,0.0,0.0001,0.0011,0.0026
84431.0,258.9214,23.7423,258.9213,23.7423,258.9233,23.7428,0.0,0.0002,0.0007,0.0018
84690.0,259.7034,-44.1276,259.7035,-44.1276,259.7,-44.1297,0.0,-0.0001,0.0013,-0.0048
84183.0,258.1327,62.87,258.1325,62.8699,258.1358,62.8744,0.0001,0.0001,0.0012,0.0071
84650.0,259.5852,-32.5474,259.5852,-32.5474,259.585,-32.5533,0.0,-0.0001,0.0001,-0.0183
84759.0,259.8762,-50.0629,259.8763,-50.0629,259.8762,-50.0633,0.0,-0.0001,0.0,-0.0009
84626.0,259.5053,-24.2915,259.5053,-24.2915,259.5029,-24.2869,0.0,-0.0002,0.0009,-0.0186
84625.0,259.5024,-24.2776,259.5024,-24.2777,259.5021,-24.2842,0.0,-0.0002,0.0001,-0.0269
84709.0,259.7129,-34.9901,259.7129,-34.9901,259.7383,-34.9897,0.0,-0.0001,0.0098,-0.001
84748.0,259.8477,-44.224,259.8477,-44.224,259.8521,-44.2231,0.0,-0.0001,0.0017,-0.0021
84649.0,259.5809,-16.3171,259.5809,-16.3172,259.58,-16.3119,0.0,-0.0002,0.0003,-0.0317
85760.0,262.8549,-80.8531,262.8554,-80.8531,262.8638,-80.8592,0.0002,-0.0,0.0033,-0.0075
84599.0,259.3957,23.0951,259.3957,23.0951,259.3996,23.0908,0.0,0.0002,0.0015,0.0185
84631.0,259.5155,17.3163,259.5154,17.3163,259.5208,17.3181,0.0,0.0002,0.0021,0.0101
84671.0,259.6535,10.865,259.6535,10.865,259.6542,10.8644,0.0,0.0004,0.0002,0.0055
84704.0,259.7141,6.0847,259.7141,6.0847,259.72,6.0853,0.0,0.0006,0.0023,0.0095
84792.0,259.9681,-17.7564,259.9681,-17.7565,259.9721,-17.7564,0.0,-0.0002,0.0015,-0.0003
84606.0,259.4225,37.2934,259.4224,37.2934,259.4179,37.2917,0.0,0.0001,0.0018,0.0047
84530.0,259.2057,49.6907,259.2056,49.6907,259.2025,49.6911,0.0,0.0001,0.0012,0.0008
84801.0,260.0024,-5.9144,260.0024,-5.9145,259.9979,-5.9172,0.0,-0.0006,0.0017,-0.0474
85147.0,260.9923,-62.8639,260.9924,-62.8639,261.0046,-62.8642,0.0,-0.0001,0.0047,-0.0005
84856.0,260.1481,-19.3305,260.1481,-19.3305,260.1425,-19.3328,0.0,-0.0002,0.0022,-0.0119
85068.0,260.77,-56.528,260.7701,-56.5281,260.7788,-56.5253,0.0,-0.0001,0.0033,-0.0049
84691.0,259.6995,28.8256,259.6995,28.8256,259.7021,28.8231,0.0,0.0001,0.001,0.0088
84656.0,259.6016,38.8093,259.6015,38.8092,259.5971,38.8114,0.0,0.0001,0.0017,0.0055
84893.0,260.2444,-21.1085,260.2444,-21.1085,260.2508,-21.1128,0.0,-0.0002,0.0025,-0.0204
84880.0,260.2105,-12.8456,260.2105,-12.8456,260.2071,-12.8469,0.0,-0.0003,0.0013,-0.0107
85169.0,261.083,-60.6721,261.0831,-60.6721,261.0779,-60.6736,0.0,-0.0001,0.002,-0.0025
84496.0,259.125,60.6692,259.1249,60.6691,259.1225,60.6706,0.0001,0.0001,0.001,0.0023
84883.0,260.2161,-10.6947,260.216,-10.6948,260.2196,-10.6961,0.0,-0.0003,0.0014,-0.0129
85020.0,260.6557,-37.8063,260.6558,-37.8063,260.6642,-37.805,0.0,-0.0001,0.0032,-0.0034
85079.0,260.8159,-47.4721,260.8159,-47.4722,260.8171,-47.4683,0.0,-0.0001,0.0005,-0.008
84833.0,260.0781,18.0614,260.078,18.0614,260.0788,18.0572,0.0,0.0002,0.0003,0.0233
84970.0,260.5019,-25.0045,260.5019,-25.0045,260.5025,-24.9994,0.0,-0.0001,0.0002,-0.02
85019.0,260.6584,-35.9146,260.6584,-35.9147,260.6583,-35.91,0.0,-0.0001,0.0,-0.0129
84821.0,260.0412,25.5346,260.0411,25.5345,260.0408,25.5375,0.0,0.0001,0.0001,0.0114
85048.0,260.7359,-37.2192,260.7359,-37.2192,260.7288,-37.2206,0.0,-0.0001,0.0027,-0.0037
84887.0,260.2256,24.4991,260.2255,24.4991,260.2258,24.4994,0.0,0.0002,0.0001,0.0012
84862.0,260.1673,32.4797,260.1672,32.4796,260.165,32.4678,0.0,0.0001,0.0009,0.0366
85084.0,260.8402,-28.1423,260.8402,-28.1423,260.84,-28.1431,0.0,-0.0001,0.0001,-0.0027
85162.0,261.0546,-44.1639,261.0546,-44.1639,261.0542,-44.1625,0.0,-0.0001,0.0002,-0.0032
85258.0,261.3232,-55.526,261.3233,-55.526,261.325,-55.53,0.0,-0.0001,0.0007,-0.0072
85267.0,261.3462,-56.3824,261.3463,-56.3824,261.3483,-56.3775,0.0,-0.0001,0.0008,-0.0086
84938.0,260.3831,16.7291,260.3831,16.729,260.3892,16.7308,0.0,0.0002,0.0023,0.0104
84835.0,260.0905,46.2364,260.0904,46.2363,260.0879,46.2408,0.0,0.0001,0.001,0.0096
85042.0,260.7186,-2.3864,260.7186,-2.3864,260.7138,-2.3883,0.0,-0.0015,0.0019,-0.0807
84934.0,260.379,28.7626,260.379,28.7626,260.38,28.7581,0.0,0.0001,0.0004,0.0158
84855.0,260.1433,48.1887,260.1432,48.1887,260.14,48.1883,0.0,0.0001,0.0013,0.0008
84949.0,260.4365,39.9756,260.4364,39.9756,260.4317,39.9744,0.0,0.0001,0.0019,0.003
85237.0,261.2597,-34.6997,261.2597,-34.6998,261.2612,-34.6964,0.0,-0.0001,0.0006,-0.0097
85480.0,262.0259,-63.0326,262.026,-63.0326,262.0321,-63.0364,0.0,-0.0001,0.0024,-0.0061
85207.0,261.1756,-21.4466,261.1756,-21.4466,261.175,-21.4417,0.0,-0.0002,0.0002,-0.0228
85195.0,261.1531,-18.4458,261.1531,-18.4459,261.1546,-18.4458,0.0,-0.0002,0.0005,-0.0001
85242.0,261.2749,-24.2434,261.2749,-24.2435,261.2758,-24.2436,0.0,-0.0001,0.0003,-0.0007
85393.0,261.7361,-51.9541,261.7361,-51.9542,261.7346,-51.9492,0.0,-0.0001,0.0006,-0.0096
85139.0,260.9855,8.8506,260.9855,8.8506,260.99,8.8528,0.0,0.0004,0.0017,0.0247
85389.0,261.7162,-45.8409,261.7162,-45.8409,261.7146,-45.8436,0.0,-0.0001,0.0006,-0.006
85409.0,261.8059,-50.6309,261.8059,-50.6309,261.8017,-50.6303,0.0,-0.0001,0.0016,-0.0012
84950.0,260.4435,53.4241,260.4433,53.4241,260.4392,53.4206,0.0001,0.0001,0.0016,0.0067
85157.0,261.0245,22.9606,261.0244,22.9605,261.0275,22.9603,0.0,0.0002,0.0012,0.0013
85185.0,261.1364,16.3039,261.1364,16.3039,261.1312,16.3011,0.0,0.0002,0.002,0.0173
85187.0,261.1348,15.6039,261.1347,15.6039,261.1408,15.6061,0.0,0.0002,0.0023,0.0139
85470.0,261.9933,-52.3011,261.9933,-52.3011,261.99,-52.2972,0.0,-0.0001,0.0013,-0.0074
85112.0,260.9207,37.1441,260.9206,37.1441,260.9196,37.1467,0.0,0.0001,0.0004,0.0069
,260.9207,37.1441,260.9206,37.1441,260.9208,37.1458,0.0,0.0001,0.0001,0.0047
85340.0,261.5902,-24.1717,261.5902,-24.1717,261.5925,-24.1753,0.0,-0.0001,0.0009,-0.0149
85520.0,262.16,-55.1647,262.1601,-55.1647,262.1612,-55.1697,0.0,-0.0001,0.0005,-0.0091
85149.0,261.0083,38.5852,261.0082,38.5851,261.0092,38.5828,0.0,0.0001,0.0003,0.0062
85307.0,261.489,-1.6545,261.489,-1.6546,261.4913,-1.6517,0.0,-0.0022,0.0009,-0.1729
85391.0,261.7292,-25.9378,261.7292,-25.9379,261.73,-25.9433,0.0,-0.0001,0.0003,-0.0212
85181.0,261.115,36.95,261.1149,36.95,261.1129,36.9519,0.0,0.0001,0.0008,0.0051
85423.0,261.8448,-29.8639,261.8448,-29.864,261.8388,-29.8669,0.0,-0.0001,0.0023,-0.0101
85365.0,261.6589,-5.0854,261.6589,-5.0855,261.6579,-5.0867,0.0,-0.0007,0.0004,-0.0241
85442.0,261.9118,-29.7226,261.9118,-29.7227,261.9062,-29.7244,0.0,-0.0001,0.0021,-0.0061
85302.0,261.4799,16.9145,261.4799,16.9145,261.4767,16.9175,0.0,0.0002,0.0013,0.0178
85397.0,261.7548,-12.5131,261.7548,-12.5131,261.7588,-12.5125,0.0,-0.0003,0.0015,-0.0045
85333.0,261.5818,7.5984,261.5818,7.5984,261.5792,7.5956,0.0,0.0005,0.001,0.0379
85355.0,261.6346,4.1414,261.6346,4.1414,261.6288,4.1403,0.0,0.0009,0.0022,0.0269
85313.0,261.4988,26.8806,261.4987,26.8806,261.5038,26.8789,0.0,0.0001,0.0019,0.0063
85727.0,262.7822,-60.686,262.7823,-60.686,262.7746,-60.6839,0.0,-0.0001,0.0029,-0.0035
85543.0,262.2254,-36.7796,262.2254,-36.7796,262.2337,-36.7783,0.0,-0.0001,0.0032,-0.0034
85385.0,261.7057,20.0765,261.7057,20.0765,261.7046,20.0808,0.0,0.0002,0.0004,0.0215
85474.0,262.0161,-8.2053,262.016,-8.2053,262.0096,-8.2083,0.0,-0.0004,0.0025,-0.0374
85751.0,262.8439,-56.9142,262.844,-56.9142,262.8458,-56.9206,0.0,-0.0001,0.0007,-0.0112
85382.0,261.6883,34.6992,261.6882,34.6991,261.6925,34.6958,0.0,0.0001,0.0016,0.0096
85696.0,262.6834,-37.2966,262.6835,-37.2966,262.6908,-37.2958,0.0,-0.0001,0.0028,-0.002
85379.0,261.6852,48.2603,261.685,48.2603,261.6842,48.26,0.0,0.0001,0.0004,0.0007
85792.0,262.9679,-49.8736,262.968,-49.8736,262.9604,-49.8761,0.0,-0.0001,0.0029,-0.0051
85290.0,261.4266,60.0479,261.4265,60.0478,261.4221,60.0483,0.0001,0.0001,0.0017,0.0008
85622.0,262.4486,-5.9216,262.4486,-5.9216,262.4475,-5.9197,0.0,-0.0006,0.0004,-0.0318
85788.0,262.9584,-46.0345,262.9584,-46.0346,262.9546,-46.0364,0.0,-0.0001,0.0015,-0.004
85317.0,261.5219,58.6539,261.5217,58.6539,261.5204,58.6519,0.0001,0.0001,0.0006,0.0034
85667.0,262.5977,-1.062,262.5977,-1.0621,262.5992,-1.0625,0.0,-0.0032,0.0005,-0.0437
85786.0,262.9461,-33.7064,262.9462,-33.7064,262.9475,-33.7028,0.0,-0.0001,0.0005,-0.0107
85235.0,261.277,67.3093,261.2767,67.3092,261.2508,67.3064,0.0001,0.0001,0.01,0.0043
85755.0,262.8523,-23.9621,262.8523,-23.9621,262.8542,-23.9628,0.0,-0.0001,0.0007,-0.003
85783.0,262.939,-26.269,262.939,-26.269,262.935,-26.2697,0.0,-0.0001,0.0015,-0.0027
85666.0,262.5904,11.9221,262.5903,11.922,262.5933,11.925,0.0,0.0003,0.0011,0.0247
85839.0,263.0998,-34.2793,263.0998,-34.2794,263.1021,-34.2797,0.0,-0.0001,0.0009,-0.0011
85889.0,263.2804,-41.1707,263.2804,-41.1707,263.2808,-41.1736,0.0,-0.0001,0.0002,-0.0071
85749.0,262.8375,2.7269,262.8375,2.7268,262.8388,2.7244,0.0,0.0012,0.0005,0.0895
86088.0,263.9025,-59.8436,263.9026,-59.8436,263.8954,-59.8461,0.0,-0.0001,0.0027,-0.0042
85693.0,262.6882,26.1072,262.6881,26.1072,262.6846,26.1106,0.0,0.0001,0.0014,0.0129
85927.0,263.3946,-37.1051,263.3946,-37.1051,263.4021,-37.1039,0.0,-0.0001,0.0029,-0.0032
85715.0,262.73,31.1598,262.7299,31.1598,262.7308,31.1583,0.0,0.0001,0.0003,0.0047
84769.0,259.8985,80.1317,259.898,80.1317,259.9042,80.1364,0.0002,0.0,0.0022,0.0058
86064.0,263.8393,-53.3495,263.8393,-53.3495,263.8333,-53.3528,0.0,-0.0001,0.0022,-0.0062
85688.0,262.6714,38.8834,262.6713,38.8834,262.6679,38.8822,0.0,0.0001,0.0013,0.0031
85826.0,263.0668,11.931,263.0667,11.931,263.0625,11.9303,0.0,0.0003,0.0016,0.0065
85790.0,262.9554,28.4068,262.9554,28.4067,262.9567,28.4075,0.0,0.0001,0.0005,0.0026
85922.0,263.3779,-5.742,263.3779,-5.742,263.3746,-5.7447,0.0,-0.0006,0.0013,-0.0474
86011.0,263.6785,-32.5784,263.6785,-32.5784,263.6771,-32.5817,0.0,-0.0001,0.0005,-0.01
85670.0,262.6088,52.3023,262.6087,52.3022,262.6083,52.3014,0.0001,0.0001,0.0002,0.0017
86092.0,263.9114,-46.5084,263.9115,-46.5085,263.915,-46.5056,0.0,-0.0001,0.0013,-0.0062
85810.0,263.0111,34.2711,263.011,34.271,263.0046,34.2708,0.0,0.0001,0.0025,0.0007
86098.0,263.9315,-37.439,263.9316,-37.4391,263.9292,-37.44,0.0,-0.0001,0.0009,-0.0026
85692.0,262.6759,57.8748,262.6758,57.8748,262.6825,57.8764,0.0001,0.0001,0.0025,0.0028
85912.0,263.3479,19.2527,263.3478,19.2526,263.345,19.2567,0.0,0.0002,0.0011,0.0208
85930.0,263.4137,16.3173,263.4136,16.3173,263.4142,16.3175,0.0,0.0002,0.0002,0.001
85934.0,263.4241,14.8428,263.424,14.8428,263.4283,14.8417,0.0,0.0002,0.0016,0.0079
86019.0,263.6959,-11.2413,263.6959,-11.2413,263.6933,-11.2419,0.0,-0.0003,0.001,-0.0057
86060.0,263.8245,-22.0414,263.8245,-22.0414,263.8271,-22.0439,0.0,-0.0001,0.001,-0.0115
86170.0,264.1409,-38.6328,264.1409,-38.6328,264.1367,-38.6353,0.0,-0.0001,0.0016,-0.0065
86248.0,264.3639,-50.0554,264.3639,-50.0554,264.3633,-50.06,0.0,-0.0001,0.0002,-0.0092
85998.0,263.6481,9.5882,263.6481,9.5882,263.6529,9.5867,0.0,0.0003,0.0018,0.0161
86305.0,264.5207,-54.4976,264.5208,-54.4976,264.5233,-54.5003,0.0,-0.0001,0.001,-0.005
85888.0,263.28,41.2466,263.2799,41.2465,263.2804,41.2436,0.0,0.0001,0.0002,0.0071
85987.0,263.6094,16.5052,263.6093,16.5052,263.6133,16.5039,0.0,0.0002,0.0015,0.008
88274.0,270.3905,-85.2161,270.3914,-85.2162,270.3921,-85.2147,0.0003,-0.0,0.0006,-0.0017
86228.0,264.3354,-42.9991,264.3354,-42.9992,264.33,-42.9978,0.0,-0.0001,0.002,-0.0032
85819.0,263.035,55.1822,263.0349,55.1821,263.0442,55.1842,0.0001,0.0001,0.0035,0.0036
85829.0,263.0698,55.1735,263.0697,55.1734,263.0667,55.1731,0.0001,0.0001,0.0012,0.0008
86032.0,263.7343,12.5661,263.7343,12.5661,263.7338,12.56,0.0,0.0003,0.0002,0.0488
86246.0,264.3565,-38.0664,264.3565,-38.0665,264.3617,-38.0656,0.0,-0.0001,0.002,-0.0023
86311.0,264.5342,-42.8789,264.5342,-42.8789,264.5354,-42.8806,0.0,-0.0001,0.0005,-0.004
86118.0,264.0035,20.9976,264.0034,20.9976,263.9983,20.9961,0.0,0.0002,0.002,0.0072
85923.0,263.377,57.5618,263.3768,57.5618,263.3821,57.5589,0.0001,0.0001,0.0019,0.0051
86263.0,264.4031,-15.3975,264.4031,-15.3976,264.3967,-15.3986,0.0,-0.0002,0.0024,-0.0071
86266.0,264.4028,-15.571,264.4028,-15.571,264.4008,-15.5711,0.0,-0.0002,0.0007,-0.0007
86096.0,263.927,37.3033,263.9269,37.3032,263.9267,37.3017,0.0,0.0001,0.0001,0.0043
86130.0,264.031,28.1854,264.0309,28.1854,264.0329,28.1847,0.0,0.0001,0.0007,0.0024
86815.0,266.0801,-72.2216,266.0803,-72.2216,266.0821,-72.2208,0.0001,-0.0,0.0008,-0.001
85805.0,262.9927,68.1323,262.9925,68.1323,262.9912,68.135,0.0001,0.0,0.0005,0.0039
86284.0,264.4602,-8.1175,264.4602,-8.1175,264.4612,-8.1189,0.0,-0.0004,0.0004,-0.0174
86313.0,264.5409,-10.9246,264.5408,-10.9246,264.5396,-10.9264,0.0,-0.0003,0.0005,-0.0167
86486.0,265.1042,-49.4114,265.1043,-49.4114,265.0983,-49.4156,0.0,-0.0001,0.0022,-0.0085
86178.0,264.1576,30.7845,264.1575,30.7845,264.1529,30.7853,0.0,0.0001,0.0018,0.0026
86254.0,264.38,24.3085,264.3799,24.3085,264.3796,24.31,0.0,0.0001,0.0002,0.006
86552.0,265.3193,-46.9232,265.3194,-46.9232,265.3179,-46.9219,0.0,-0.0001,0.0005,-0.0026
86036.0,263.747,61.8804,263.7468,61.8804,263.7479,61.875,0.0001,0.0001,0.0004,0.0087
86182.0,264.1502,48.585,264.1501,48.585,264.1567,48.5856,0.0,0.0001,0.0025,0.0011
86391.0,264.7856,2.0231,264.7856,2.0231,264.7854,2.0281,0.0,0.0015,0.0001,0.2423
86628.0,265.5194,-50.516,265.5195,-50.516,265.5162,-50.5106,0.0,-0.0001,0.0012,-0.0108
86373.0,264.7416,13.3311,264.7416,13.3311,264.7408,13.3292,0.0,0.0002,0.0003,0.0146
86476.0,265.0481,-2.1494,265.0481,-2.1494,265.0492,-2.1525,0.0,-0.0014,0.0004,-0.1436
86362.0,264.7125,32.7399,264.7125,32.7399,264.7071,32.7394,0.0,0.0001,0.0021,0.0015
86670.0,265.6203,-39.0335,265.6203,-39.0336,265.6221,-39.03,0.0,-0.0001,0.0007,-0.0091
86565.0,265.3548,-12.8744,265.3548,-12.8744,265.3538,-12.8753,0.0,-0.0002,0.0004,-0.0069
86929.0,266.4314,-64.7247,266.4315,-64.7247,266.4333,-64.7239,0.0001,-0.0,0.0007,-0.0012
86698.0,265.7099,-36.9478,265.7099,-36.9478,265.7125,-36.9458,0.0,-0.0001,0.001,-0.0053
86462.0,264.9918,31.1991,264.9917,31.1991,264.9896,31.2025,0.0,0.0001,0.0008,0.0108
86796.0,266.0383,-51.8355,266.0383,-51.8356,266.0362,-51.8342,0.0,-0.0001,0.0008,-0.0026
86871.0,266.239,-57.5481,266.2391,-57.5482,266.2325,-57.5453,0.0,-0.0001,0.0024,-0.005
86716.0,265.7826,-33.0551,265.7827,-33.0551,265.7787,-33.0511,0.0,-0.0001,0.0015,-0.012
86546.0,265.2929,15.1815,265.2929,15.1815,265.2958,15.1781,0.0,0.0002,0.0011,0.0227
86575.0,265.3812,6.312,265.3812,6.312,265.3846,6.3128,0.0,0.0005,0.0013,0.0124
86506.0,265.1701,31.2924,265.1701,31.2924,265.1717,31.2875,0.0,0.0001,0.0006,0.0158
86537.0,265.2763,24.5138,265.2762,24.5137,265.2729,24.5133,0.0,0.0001,0.0013,0.0017
86725.0,265.8203,-27.8814,265.8203,-27.8814,265.8242,-27.8842,0.0,-0.0001,0.0014,-0.01
86623.0,265.4934,15.9548,265.4934,15.9547,265.4946,15.9519,0.0,0.0002,0.0004,0.0177
86201.0,264.2348,68.7528,264.2346,68.7528,264.2379,68.7581,0.0001,0.0,0.0012,0.0076
86847.0,266.1753,-42.7276,266.1753,-42.7276,266.175,-42.7289,0.0,-0.0001,0.0001,-0.003
86184.0,264.1778,69.5721,264.1776,69.5721,264.1654,69.5708,0.0001,0.0,0.0047,0.0018
86501.0,265.1591,43.4732,265.1589,43.4732,265.1567,43.4708,0.0,0.0001,0.0009,0.0055
86769.0,265.9499,-13.5051,265.9499,-13.5051,265.9525,-13.5086,0.0,-0.0002,0.001,-0.026
86768.0,265.9466,-7.0801,265.9465,-7.0802,265.9458,-7.0794,0.0,-0.0004,0.0003,-0.0097
86667.0,265.6229,24.5637,265.6228,24.5637,265.6183,24.5642,0.0,0.0001,0.0017,0.0019
86742.0,265.8679,4.5639,265.8678,4.5638,265.8683,4.5672,0.0,0.0007,0.0002,0.0733
86732.0,265.8408,14.2995,265.8407,14.2995,265.8417,14.295,0.0,0.0002,0.0003,0.0318
86499.0,265.1572,57.3101,265.1571,57.3101,265.1508,57.3103,0.0001,0.0001,0.0024,0.0003
86219.0,264.28,72.4513,264.2797,72.4513,264.2867,72.4558,0.0001,0.0,0.0025,0.0063
86561.0,265.3457,51.8156,265.3456,51.8156,265.3408,51.8181,0.0,0.0001,0.0018,0.0047
86731.0,265.8446,24.3275,265.8446,24.3275,265.84,24.3278,0.0,0.0001,0.0017,0.001
86831.0,266.14,2.5805,266.1399,2.5805,266.1417,2.5794,0.0,0.0011,0.0006,0.0422
86835.0,266.1488,2.5759,266.1488,2.5759,266.1475,2.5789,0.0,0.0011,0.0005,0.1154
86809.0,266.0736,14.4135,266.0736,14.4135,266.0721,14.4103,0.0,0.0002,0.0006,0.0225
86713.0,265.7684,44.0886,265.7683,44.0885,265.7733,44.0844,0.0,0.0001,0.0019,0.0094
87042.0,266.7796,-38.1145,266.7796,-38.1145,266.7804,-38.1117,0.0,-0.0001,0.0003,-0.0073
87174.0,267.1553,-55.3982,267.1554,-55.3982,267.1588,-55.4017,0.0,-0.0001,0.0013,-0.0063
87073.0,266.9013,-40.1275,266.9013,-40.1275,266.8962,-40.1269,0.0,-0.0001,0.0019,-0.0013
87072.0,266.8916,-27.8272,266.8916,-27.8272,266.89,-27.8308,0.0,-0.0001,0.0006,-0.013
87099.0,266.9342,-22.4801,266.9342,-22.4802,266.94,-22.4781,0.0,-0.0001,0.0022,-0.0092
86782.0,265.9999,53.8036,265.9997,53.8035,265.9971,53.8017,0.0001,0.0001,0.001,0.0035
86925.0,266.4172,31.5036,266.4171,31.5036,266.4179,31.5047,0.0,0.0001,0.0003,0.0035
87074.0,266.9046,-14.7303,266.9046,-14.7303,266.9033,-14.7258,0.0,-0.0002,0.0005,-0.0301
87163.0,267.1143,-26.9771,267.1143,-26.9771,267.1158,-26.975,0.0,-0.0001,0.0006,-0.0078
87314.0,267.6243,-53.6145,267.6243,-53.6145,267.6175,-53.6122,0.0,-0.0001,0.0025,-0.0043
86974.0,266.6144,27.7317,266.6143,27.7316,266.6146,27.7206,0.0,0.0001,0.0001,0.0401
87393.0,267.8918,-60.1618,267.8919,-60.1618,267.8979,-60.1644,0.0,-0.0,0.0023,-0.0044
86939.0,266.4794,38.8804,266.4793,38.8804,266.4738,38.8814,0.0,0.0001,0.0021,0.0024
86946.0,266.4899,39.3189,266.4898,39.3189,266.4938,39.3225,0.0,0.0001,0.0014,0.009
87044.0,266.7779,17.6964,266.7779,17.6964,266.7833,17.6972,0.0,0.0002,0.002,0.0045
87220.0,267.2959,-31.7031,267.2959,-31.7031,267.2938,-31.7033,0.0,-0.0001,0.0008,-0.0007
87108.0,266.9751,2.7111,266.9751,2.7111,266.9733,2.7072,0.0,0.001,0.0007,0.1437
87261.0,267.4629,-37.0457,267.463,-37.0457,267.4646,-37.0433,0.0,-0.0001,0.0006,-0.0063
87294.0,267.5478,-40.0951,267.5478,-40.0951,267.5467,-40.0906,0.0,-0.0001,0.0004,-0.0114
87379.0,267.794,-53.1276,267.7941,-53.1277,267.7958,-53.1306,0.0,-0.0001,0.0007,-0.0055
87150.0,267.0877,3.802,267.0877,3.802,267.0842,3.8042,0.0,0.0007,0.0013,0.0561
87564.0,268.3268,-65.4926,268.3269,-65.4926,268.3267,-65.4892,0.0001,-0.0,0.0001,-0.0052
87926.0,269.4024,-76.178,269.4027,-76.1781,269.4242,-76.1775,0.0001,-0.0,0.0081,-0.0007
86614.0,265.4875,72.1502,265.4873,72.1502,265.4846,72.1489,0.0001,0.0,0.0011,0.0018
86620.0,265.4839,72.1587,265.4836,72.1587,265.4917,72.1569,0.0001,0.0,0.0029,0.0024
87158.0,267.1083,20.5675,267.1083,20.5675,267.1033,20.5656,0.0,0.0001,0.0019,0.0094
87224.0,267.3291,1.961,267.329,1.9609,267.3288,1.9611,0.0,0.0014,0.0001,0.0072
87404.0,267.9351,-45.5969,267.9351,-45.5969,267.9354,-45.6006,0.0,-0.0001,0.0001,-0.008
87045.0,266.79,47.6135,266.7899,47.6135,266.7838,47.6122,0.0,0.0001,0.0024,0.0027
87192.0,267.1984,19.257,267.1983,19.257,267.1996,19.2553,0.0,0.0001,0.0005,0.0091
87390.0,267.8835,-40.7711,267.8835,-40.7711,267.8867,-40.7725,0.0,-0.0001,0.0012,-0.0035
87194.0,267.2029,25.6207,267.2028,25.6207,267.205,25.6228,0.0,0.0001,0.0008,0.0079
87380.0,267.8086,-30.5569,267.8087,-30.5569,267.8021,-30.5572,0.0,-0.0001,0.0024,-0.0011
88599.0,271.3472,-81.4885,271.3477,-81.4885,271.3612,-81.4864,0.0002,-0.0,0.0052,-0.0026
87460.0,268.0629,-34.7989,268.0629,-34.7989,268.0567,-34.7992,0.0,-0.0001,0.0023,-0.0007
87523.0,268.2083,-41.9959,268.2083,-41.9959,268.2196,-41.9967,0.0,-0.0001,0.0042,-0.0019
87335.0,267.6788,11.9514,267.6787,11.9514,267.6812,11.9467,0.0,0.0002,0.0009,0.0398
87516.0,268.209,-34.1182,268.209,-34.1182,268.205,-34.1142,0.0,-0.0001,0.0015,-0.0117
87529.0,268.2314,-35.0183,268.2314,-35.0183,268.2329,-35.0186,0.0,-0.0001,0.0006,-0.0009
87532.0,268.2397,-35.6222,268.2397,-35.6222,268.2413,-35.6242,0.0,-0.0001,0.0006,-0.0055
87308.0,267.5887,29.3211,267.5886,29.3211,267.5954,29.3222,0.0,0.0001,0.0025,0.0039
87341.0,267.6968,22.3136,267.6968,22.3135,267.7017,22.3164,0.0,0.0001,0.0018,0.0127
87212.0,267.2664,50.7791,267.2662,50.7791,267.2679,50.7811,0.0,0.0001,0.0006,0.004
87567.0,268.3352,-34.7333,268.3352,-34.7333,268.3317,-34.7306,0.0,-0.0001,0.0013,-0.0078
87569.0,268.3443,-34.8992,268.3444,-34.8992,268.3471,-34.8953,0.0,-0.0001,0.001,-0.0112
87428.0,267.9997,-1.2409,267.9997,-1.2409,267.9979,-1.2367,0.0,-0.0022,0.0007,-0.3407
,268.4404,-34.7836,268.4404,-34.7836,268.4396,-34.7858,0.0,-0.0001,0.0003,-0.0065
87495.0,268.1625,-6.1424,268.1624,-6.1424,268.1617,-6.1436,0.0,-0.0004,0.0003,-0.0194
87616.0,268.4753,-34.7541,268.4753,-34.7541,268.4788,-34.7525,0.0,-0.0001,0.0013,-0.0046
87624.0,268.4914,-34.8309,268.4914,-34.831,268.4921,-34.8317,0.0,-0.0001,0.0003,-0.0021
87280.0,267.5199,48.3907,267.5198,48.3906,267.5137,48.3942,0.0,0.0001,0.0023,0.0072
87427.0,267.994,15.3228,267.9939,15.3228,267.9938,15.3258,0.0,0.0002,0.0001,0.0199
87540.0,268.2638,-10.9019,268.2638,-10.9019,268.265,-10.8997,0.0,-0.0002,0.0004,-0.0201
87491.0,268.1479,1.3033,268.1478,1.3033,268.1475,1.305,0.0,0.002,0.0001,0.1272
87671.0,268.6112,-34.4617,268.6112,-34.4617,268.6133,-34.4664,0.0,-0.0001,0.0008,-0.0137
87382.0,267.8075,40.0691,267.8074,40.069,267.8083,40.0725,0.0,0.0001,0.0003,0.0086
87558.0,268.3094,6.0988,268.3093,6.0988,268.3092,6.1014,0.0,0.0004,0.0001,0.0427
87722.0,268.7865,-36.476,268.7865,-36.476,268.7829,-36.4758,0.0,-0.0001,0.0013,-0.0004
87706.0,268.7282,-24.8848,268.7282,-24.8849,268.725,-24.8872,0.0,-0.0001,0.0012,-0.0096
87445.0,268.0232,39.985,268.0231,39.985,268.0196,39.9822,0.0,0.0001,0.0013,0.0069
87434.0,268.0078,46.6463,268.0077,46.6463,268.0042,46.6433,0.0,0.0001,0.0014,0.0064
87846.0,269.1924,-44.3425,269.1924,-44.3426,269.1975,-44.3422,0.0,-0.0001,0.0019,-0.0007
87655.0,268.5601,11.1295,268.5601,11.1295,268.5592,11.1306,0.0,0.0002,0.0003,0.0095
87865.0,269.2312,-40.3034,269.2313,-40.3035,269.2325,-40.3056,0.0,-0.0001,0.0005,-0.0052
87782.0,268.9825,-18.7991,268.9825,-18.7992,268.9792,-18.8022,0.0,-0.0001,0.0012,-0.0165
87836.0,269.1763,-28.0696,269.1763,-28.0696,269.1746,-28.0653,0.0,-0.0001,0.0006,-0.0154
87813.0,269.0819,-15.813,269.0819,-15.8131,269.0792,-15.8125,0.0,-0.0002,0.001,-0.0035
87936.0,269.4477,-41.7189,269.4477,-41.7189,269.4487,-41.7161,0.0,-0.0001,0.0004,-0.0066
87948.0,269.4988,-39.1353,269.4989,-39.1353,269.4908,-39.1369,0.0,-0.0001,0.003,-0.0041
87847.0,269.196,-4.08,269.196,-4.08,269.1988,-4.0819,0.0,-0.0006,0.001,-0.0474
87777.0,268.9565,22.4643,268.9564,22.4642,268.9617,22.4642,0.0,0.0001,0.0019,0.0005
87585.0,268.3813,56.8756,268.3811,56.8756,268.3821,56.8728,0.0001,0.0,0.0003,0.0049
87866.0,269.2362,6.4912,269.2362,6.4911,269.2333,6.4878,0.0,0.0004,0.0011,0.0523
88038.0,269.7327,-36.8608,269.7327,-36.8608,269.7317,-36.8583,0.0,-0.0001,0.0004,-0.0066
88012.0,269.6695,-28.7584,269.6695,-28.7584,269.6629,-28.7592,0.0,-0.0001,0.0025,-0.0028
88060.0,269.774,-30.2493,269.7741,-30.2493,269.7717,-30.2531,0.0,-0.0001,0.0009,-0.0124
,269.774,-30.2493,269.7741,-30.2493,269.7729,-30.2533,0.0,-0.0001,0.0004,-0.0133
87808.0,269.0644,37.2542,269.0643,37.2542,269.0633,37.2506,0.0,0.0001,0.0004,0.0098
87910.0,269.3635,11.0435,269.3634,11.0435,269.3621,11.0442,0.0,0.0002,0.0005,0.0058
87895.0,269.313,23.9986,269.3129,23.9986,269.3096,23.9958,0.0,0.0001,0.0013,0.0116
88048.0,269.7527,-9.7691,269.7527,-9.7691,269.7567,-9.7736,0.0,-0.0002,0.0015,-0.046
87744.0,268.8474,55.9691,268.8473,55.9691,268.8488,55.9714,0.0001,0.0,0.0005,0.0041
88116.0,269.9509,-23.8197,269.9509,-23.8197,269.9483,-23.8161,0.0,-0.0001,0.0009,-0.0151
87234.0,267.3632,76.958,267.3628,76.958,267.3625,76.9628,0.0001,0.0,0.0003,0.0062
87850.0,269.2012,45.3517,269.2011,45.3517,269.2017,45.3508,0.0,0.0001,0.0002,0.002
87933.0,269.4361,29.2497,269.436,29.2497,269.4412,29.2478,0.0,0.0001,0.0019,0.0066
87833.0,269.1484,51.4936,269.1483,51.4936,269.1517,51.4889,0.0,0.0,0.0012,0.0092
88101.0,269.8999,-4.8202,269.8999,-4.8202,269.9029,-4.8214,0.0,-0.0005,0.0011,-0.0248
87998.0,269.6215,30.19,269.6215,30.1899,269.6258,30.1894,0.0,0.0001,0.0016,0.0017
88294.0,270.4541,-36.3758,270.4542,-36.3759,270.4512,-36.3778,0.0,-0.0001,0.0011,-0.0053
88020.0,269.6747,36.2882,269.6746,36.2881,269.6762,36.2878,0.0,0.0001,0.0006,0.0011
88258.0,270.3458,-17.1596,270.3458,-17.1597,270.3462,-17.1569,0.0,-0.0001,0.0002,-0.0156
88298.0,270.4718,-22.7801,270.4718,-22.7802,270.4767,-22.7806,0.0,-0.0001,0.0018,-0.0018
87293.0,267.517,78.3076,267.5165,78.3075,267.5438,78.3067,0.0002,0.0,0.01,0.0011
88030.0,269.7165,45.4775,269.7164,45.4774,269.7179,45.4761,0.0,0.0001,0.0005,0.003
92824.0,283.7519,-87.6078,283.7539,-87.6078,283.6954,-87.6058,0.0007,-0.0,0.0199,-0.0022
88290.0,270.4402,1.3077,270.4401,1.3077,270.4383,1.3053,0.0,0.0018,0.0007,0.1839
88380.0,270.708,-24.2828,270.708,-24.2828,270.7129,-24.2822,0.0,-0.0001,0.0018,-0.0022
88396.0,270.7568,-22.7223,270.7568,-22.7223,270.7571,-22.7183,0.0,-0.0001,0.0001,-0.0174
88122.0,269.9857,45.5022,269.9856,45.5022,269.9842,45.5014,0.0,0.0001,0.0006,0.0018
88267.0,270.372,21.5979,270.3719,21.5979,270.3746,21.5953,0.0,0.0001,0.001,0.0123
,270.372,21.5979,270.3719,21.5979,270.3767,21.5956,0.0,0.0001,0.0017,0.011
89115.0,272.8063,-75.8878,272.8066,-75.8878,272.8154,-75.8914,0.0001,-0.0,0.0033,-0.0048
88374.0,270.6909,-5.3601,270.6909,-5.3602,270.6929,-5.3586,0.0,-0.0004,0.0008,-0.0285
88404.0,270.7699,-8.1808,270.7699,-8.1808,270.7708,-8.1803,0.0,-0.0003,0.0003,-0.0066
,270.7699,-8.1808,270.7699,-8.1808,270.7704,-8.1806,0.0,-0.0003,0.0002,-0.0032
87670.0,268.6219,75.1689,268.6215,75.1689,268.6108,75.1708,0.0001,0.0,0.0041,0.0026
88469.0,270.9643,-24.3573,270.9643,-24.3573,270.9683,-24.3606,0.0,-0.0001,0.0015,-0.0133
88277.0,270.399,33.3065,270.3989,33.3065,270.3996,33.3114,0.0,0.0001,0.0002,0.0146
88331.0,270.5926,20.8336,270.5925,20.8336,270.5962,20.8336,0.0,0.0001,0.0014,0.0002
88550.0,271.2106,-35.907,271.2106,-35.907,271.21,-35.9014,0.0,-0.0001,0.0002,-0.0155
88346.0,270.6243,22.9282,270.6242,22.9282,270.6254,22.9231,0.0,0.0001,0.0004,0.0227
88567.0,271.2579,-29.5766,271.2579,-29.5766,271.2554,-29.58,0.0,-0.0001,0.0009,-0.0115
88714.0,271.6593,-50.0924,271.6594,-50.0924,271.6579,-50.0917,0.0,-0.0,0.0005,-0.0015
88429.0,270.8122,19.6137,270.8122,19.6136,270.8113,19.6131,0.0,0.0001,0.0004,0.0031
88866.0,272.1479,-63.6664,272.1481,-63.6664,272.145,-63.6683,0.0,-0.0,0.0011,-0.0031
88635.0,271.4548,-30.4238,271.4548,-30.4238,271.4521,-30.4242,0.0,-0.0001,0.001,-0.0013
88522.0,271.1523,1.9214,271.1522,1.9213,271.1554,1.9192,0.0,0.0012,0.0012,0.1143
88694.0,271.5982,-36.0206,271.5983,-36.0206,271.5988,-36.0197,0.0,-0.0001,0.0002,-0.0025
88726.0,271.7079,-43.422,271.7079,-43.4221,271.7075,-43.4247,0.0,-0.0,0.0001,-0.0062
,271.7079,-43.422,271.7079,-43.4221,271.7075,-43.4247,0.0,-0.0,0.0001,-0.0062
89234.0,273.1465,-73.6729,273.1467,-73.6729,273.1437,-73.6717,0.0001,-0.0,0.001,-0.0017
88601.0,271.3596,2.5205,271.3595,2.5205,271.3638,2.4994,0.0,0.0009,0.0015,0.8389
88415.0,270.7929,48.4626,270.7927,48.4625,270.7875,48.4644,0.0,0.0,0.002,0.0039
88528.0,271.1667,23.9399,271.1666,23.9399,271.1675,23.9425,0.0,0.0001,0.0003,0.011
88670.0,271.5327,-8.3223,271.5326,-8.3223,271.5308,-8.3239,0.0,-0.0003,0.0007,-0.0195
88684.0,271.5593,-4.7468,271.5592,-4.7468,271.5633,-4.7514,0.0,-0.0005,0.0015,-0.0967
88859.0,272.1287,-45.7714,272.1287,-45.7714,272.1254,-45.7672,0.0,-0.0,0.0012,-0.009
89006.0,272.496,-59.0444,272.4961,-59.0444,272.49,-59.04,0.0,-0.0,0.0022,-0.0074
88760.0,271.7947,-21.4389,271.7947,-21.4389,271.7975,-21.4439,0.0,-0.0001,0.001,-0.0233
88604.0,271.3791,21.642,271.379,21.642,271.3758,21.6469,0.0,0.0001,0.0012,0.0229
88533.0,271.181,40.0863,271.1809,40.0862,271.18,40.0842,0.0,0.0001,0.0004,0.0052
88657.0,271.5043,22.2158,271.5042,22.2158,271.5079,22.2189,0.0,0.0001,0.0013,0.0138
88839.0,272.0211,-28.4524,272.0211,-28.4524,272.0208,-28.4572,0.0,-0.0001,0.0001,-0.0171
88565.0,271.2577,41.9414,271.2576,41.9413,271.2533,41.9467,0.0,0.0001,0.0016,0.0126
88636.0,271.4564,32.2268,271.4564,32.2268,271.4567,32.2306,0.0,0.0001,0.0001,0.0115
88816.0,271.9577,-17.153,271.9577,-17.1531,271.9517,-17.1542,0.0,-0.0001,0.0022,-0.0066
88765.0,271.8316,8.7349,271.8315,8.7349,271.8267,8.7339,0.0,0.0002,0.0018,0.0116
88771.0,271.8425,9.5601,271.8425,9.5601,271.8375,9.5639,0.0,0.0002,0.0018,0.0394
88947.0,272.35,-36.6699,272.35,-36.6699,272.3433,-36.6725,0.0,-0.0001,0.0025,-0.0072
88905.0,272.2219,-25.474,272.2219,-25.474,272.2254,-25.4725,0.0,-0.0001,0.0013,-0.0059
89382.0,273.6092,-70.7509,273.6094,-70.7509,273.6004,-70.7514,0.0001,-0.0,0.0032,-0.0007
88745.0,271.7541,30.5602,271.754,30.5602,271.7562,30.5619,0.0,0.0001,0.0008,0.0057
88814.0,271.9484,13.0733,271.9483,13.0733,271.9517,13.0711,0.0,0.0002,0.0012,0.0166
89010.0,272.4977,-32.7219,272.4977,-32.722,272.4996,-32.7197,0.0,-0.0001,0.0007,-0.0068
89096.0,272.7685,-47.5083,272.7685,-47.5083,272.7688,-47.5131,0.0,-0.0,0.0001,-0.0101
88794.0,271.8847,28.7666,271.8847,28.7666,271.8858,28.7625,0.0,0.0001,0.0004,0.0142
89020.0,272.5228,-30.7223,272.5228,-30.7223,272.5238,-30.7286,0.0,-0.0001,0.0003,-0.0206
88818.0,271.9536,26.1041,271.9536,26.1041,271.9562,26.1014,0.0,0.0001,0.001,0.0104
88817.0,271.9603,26.0918,271.9602,26.0918,271.9562,26.0975,0.0,0.0001,0.0015,0.0219
89112.0,272.8034,-45.9492,272.8034,-45.9492,272.8075,-45.9544,0.0,-0.0,0.0015,-0.0115
88862.0,272.1374,14.2823,272.1373,14.2823,272.1404,14.2847,0.0,0.0001,0.0011,0.0171
88981.0,272.4294,-13.9331,272.4294,-13.9331,272.4308,-13.9344,0.0,-0.0001,0.0005,-0.0098
89099.0,272.7694,-41.3621,272.7694,-41.3621,272.7733,-41.3592,0.0,-0.0,0.0014,-0.0071
88886.0,272.1947,20.8137,272.1947,20.8137,272.1896,20.8144,0.0,0.0001,0.0019,0.0036
89086.0,272.7279,-33.8044,272.7279,-33.8044,272.73,-33.7997,0.0,-0.0001,0.0008,-0.0139
85822.0,263.0003,86.589,262.999,86.5889,263.0538,86.5864,0.0005,0.0,0.0203,0.003
88732.0,271.7236,50.8208,271.7235,50.8208,271.7229,50.8228,0.0,0.0,0.0003,0.0039
88788.0,271.8696,43.4605,271.8695,43.4605,271.87,43.4617,0.0,0.0,0.0002,0.0027
88754.0,271.773,49.714,271.7729,49.714,271.7762,49.7106,0.0,0.0,0.0012,0.0069
88836.0,272.0089,36.4042,272.0088,36.4042,272.0092,36.4014,0.0,0.0001,0.0001,0.0077
88899.0,272.2172,20.0418,272.2171,20.0418,272.2204,20.0453,0.0,0.0001,0.0012,0.0172
88964.0,272.3906,3.9882,272.3905,3.9882,272.3908,3.9933,0.0,0.0005,0.0001,0.1274
89370.0,273.5782,-63.6909,273.5784,-63.6909,273.5675,-63.6894,0.0,-0.0,0.0039,-0.0023
89000.0,272.4758,3.1187,272.4758,3.1187,272.475,3.1197,0.0,0.0007,0.0003,0.0317
89114.0,272.8132,-19.8406,272.8132,-19.8406,272.8117,-19.8422,0.0,-0.0001,0.0006,-0.0082
88929.0,272.2936,30.4652,272.2936,30.4652,272.2925,30.4694,0.0,0.0001,0.0004,0.0138
89065.0,272.6679,3.3188,272.6679,3.3188,272.6679,3.3242,0.0,0.0006,0.0,0.1605
89153.0,272.931,-23.6969,272.931,-23.6969,272.9308,-23.7011,0.0,-0.0001,0.0001,-0.0178
89178.0,272.9875,-28.9028,272.9875,-28.9028,272.9925,-28.9014,0.0,-0.0001,0.0018,-0.0048
89023.0,272.5337,16.4822,272.5337,16.4822,272.5362,16.4767,0.0,0.0001,0.0009,0.0337
89290.0,273.3094,-41.3356,273.3095,-41.3357,273.3025,-41.3361,0.0,-0.0,0.0025,-0.0011
89487.0,273.9197,-63.0564,273.9199,-63.0564,273.9204,-63.0556,0.0,-0.0,0.0002,-0.0014
88972.0,272.405,38.4642,272.4049,38.4641,272.4062,38.4575,0.0,0.0001,0.0005,0.0173
89008.0,272.5002,36.4644,272.5001,36.4644,272.4958,36.4664,0.0,0.0001,0.0016,0.0055
89674.0,274.4946,-68.2241,274.4948,-68.2241,274.5038,-68.2292,0.0001,-0.0,0.0033,-0.0075
85699.0,262.6551,86.9634,262.6536,86.9634,262.7,86.9681,0.0006,0.0,0.0171,0.0053
89341.0,273.4387,-21.0614,273.4387,-21.0615,273.4408,-21.0589,0.0,-0.0001,0.0008,-0.0121
89156.0,272.9353,33.4445,272.9352,33.4445,272.9379,33.4469,0.0,0.0001,0.001,0.0072
89172.0,272.9765,31.4012,272.9765,31.4011,272.9758,31.4053,0.0,0.0001,0.0003,0.0131
89369.0,273.5684,-21.7187,273.5684,-21.7187,273.5663,-21.7131,0.0,-0.0001,0.0008,-0.0258
89047.0,272.6254,54.2802,272.6253,54.2802,272.6317,54.2867,0.0001,0.0,0.0023,0.0118
89507.0,273.9657,-44.2111,273.9657,-44.2111,273.9696,-44.2067,0.0,-0.0,0.0014,-0.01
89605.0,274.2764,-56.0177,274.2765,-56.0177,274.2813,-56.0233,0.0,-0.0,0.0018,-0.01
89298.0,273.3159,21.88,273.3158,21.88,273.3187,21.8803,0.0,0.0001,0.001,0.0014
89597.0,274.2586,-51.0732,274.2587,-51.0732,274.2538,-51.0683,0.0,-0.0,0.0018,-0.0096
89439.0,273.8052,-20.7242,273.8052,-20.7242,273.8038,-20.7283,0.0,-0.0001,0.0005,-0.0202
89440.0,273.8075,-20.3843,273.8075,-20.3843,273.8038,-20.3881,0.0,-0.0001,0.0014,-0.0186
89246.0,273.1746,41.1485,273.1745,41.1485,273.1775,41.1469,0.0,0.0,0.0011,0.0038
89470.0,273.882,-18.6597,273.882,-18.6597,273.8783,-18.6614,0.0,-0.0001,0.0013,-0.009
89279.0,273.2683,38.7696,273.2682,38.7696,273.27,38.7736,0.0,0.0001,0.0006,0.0104
89104.0,272.7739,60.409,272.7738,60.4089,272.7796,60.4094,0.0001,0.0,0.0021,0.0008
89805.0,274.9115,-63.8858,274.9116,-63.8858,274.9175,-63.8869,0.0,-0.0,0.0022,-0.0018
90133.0,275.9217,-75.0421,275.9219,-75.0421,275.9004,-75.0442,0.0001,-0.0,0.0077,-0.0028
89512.0,273.9894,-3.6193,273.9894,-3.6193,273.9917,-3.6175,0.0,-0.0005,0.0008,-0.0494
89408.0,273.6813,29.2121,273.6812,29.212,273.6833,29.2072,0.0,0.0001,0.0007,0.0166
89642.0,274.4139,-36.7568,274.4139,-36.7568,274.4067,-36.7617,0.0,-0.0,0.0026,-0.0132
89637.0,274.4021,-34.1047,274.4021,-34.1047,274.4004,-34.1072,0.0,-0.0001,0.0006,-0.0074
89527.0,274.0183,2.3758,274.0183,2.3758,274.0233,2.3778,0.0,0.0008,0.0018,0.0819
89622.0,274.3559,-28.6507,274.3559,-28.6507,274.35,-28.6525,0.0,-0.0001,0.0021,-0.0062
89620.0,274.3435,-28.2852,274.3435,-28.2852,274.3488,-28.2892,0.0,-0.0001,0.0019,-0.0141
90606.0,277.3056,-80.2316,277.306,-80.2316,277.3312,-80.2328,0.0002,-0.0,0.0093,-0.0015
89609.0,274.3016,-17.375,274.3016,-17.375,274.2983,-17.3739,0.0,-0.0001,0.0012,-0.0064
89726.0,274.6685,-42.2907,274.6686,-42.2907,274.6667,-42.2883,0.0,-0.0,0.0007,-0.0056
89630.0,274.3652,-18.464,274.3652,-18.464,274.3688,-18.4633,0.0,-0.0001,0.0013,-0.0037
89678.0,274.5076,-27.0452,274.5076,-27.0452,274.5133,-27.0425,0.0,-0.0001,0.0021,-0.0099
89623.0,274.349,-9.7592,274.349,-9.7592,274.3508,-9.7586,0.0,-0.0002,0.0007,-0.0061
89482.0,273.913,42.1589,273.9129,42.1589,273.9117,42.1594,0.0,0.0,0.0005,0.0013
89731.0,274.676,-25.6039,274.676,-25.6039,274.6738,-25.6047,0.0,-0.0001,0.0008,-0.0034
89474.0,273.8923,45.2132,273.8922,45.2132,273.8858,45.2094,0.0,0.0,0.0024,0.0083
,274.6811,-18.625,274.6811,-18.625,274.6804,-18.6194,0.0,-0.0001,0.0002,-0.0298
89401.0,273.6797,56.5859,273.6795,56.5859,273.6712,56.5883,0.0001,0.0,0.0031,0.0043
89348.0,273.4728,64.3941,273.4726,64.3941,273.4742,64.3972,0.0001,0.0,0.0005,0.0049
89677.0,274.5106,13.7806,274.5106,13.7806,274.5121,13.7769,0.0,0.0001,0.0005,0.0264
89684.0,274.5313,18.1269,274.5312,18.1269,274.5321,18.1314,0.0,0.0001,0.0003,0.0249
89604.0,274.2809,40.9385,274.2808,40.9385,274.2783,40.9367,0.0,0.0,0.0009,0.0045
89683.0,274.5348,23.2997,274.5347,23.2997,274.5321,23.2967,0.0,0.0001,0.001,0.013
90098.0,275.8123,-61.4901,275.8124,-61.4901,275.8067,-61.4939,0.0,-0.0,0.002,-0.0062
89920.0,275.232,-37.4884,275.2321,-37.4884,275.2304,-37.4875,0.0,-0.0,0.0006,-0.0024
89772.0,274.7918,7.2629,274.7917,7.2629,274.7896,7.2597,0.0,0.0002,0.0008,0.0443
89851.0,275.0351,-15.8342,275.0351,-15.8342,275.0367,-15.8317,0.0,-0.0001,0.0006,-0.0161
89931.0,275.2433,-29.8268,275.2434,-29.8268,275.2487,-29.8281,0.0,-0.0001,0.002,-0.0043
89773.0,274.7964,24.4499,274.7963,24.4499,274.7946,24.4461,0.0,0.0001,0.0007,0.0156
89980.0,275.3779,-24.9133,275.3779,-24.9133,275.3808,-24.915,0.0,-0.0001,0.0011,-0.0067
90037.0,275.5808,-38.6597,275.5808,-38.6597,275.5775,-38.6569,0.0,-0.0,0.0012,-0.0072
89968.0,275.3499,-18.8613,275.3499,-18.8613,275.3462,-18.86,0.0,-0.0001,0.0013,-0.0067
90012.0,275.4984,-28.434,275.4984,-28.434,275.5008,-28.43,0.0,-0.0001,0.0009,-0.014
89448.0,273.8276,68.7582,273.8274,68.7582,273.8208,68.7558,0.0001,0.0,0.0025,0.0035
89918.0,275.2144,3.3759,275.2144,3.3759,275.2171,3.3772,0.0,0.0005,0.001,0.0392
89827.0,274.9693,29.6635,274.9692,29.6635,274.9671,29.6661,0.0,0.0001,0.0008,0.0089
89861.0,275.0763,21.9661,275.0763,21.9661,275.0746,21.9614,0.0,0.0001,0.0006,0.0215
89962.0,275.3361,-2.8869,275.3361,-2.8869,275.3275,-2.8989,0.0,-0.0006,0.0031,-0.415
90074.0,275.7198,-36.672,275.7198,-36.672,275.7212,-36.6694,0.0,-0.0,0.0005,-0.0069
90304.0,276.3852,-63.0163,276.3853,-63.0163,276.3812,-63.0214,0.0,-0.0,0.0014,-0.0081
89826.0,274.9604,36.0657,274.9603,36.0657,274.9654,36.0644,0.0,0.0,0.0018,0.0035
89977.0,275.3698,5.4348,275.3697,5.4348,275.3688,5.4358,0.0,0.0003,0.0004,0.0192
90124.0,275.872,-36.2394,275.8721,-36.2394,275.8704,-36.2383,0.0,-0.0,0.0006,-0.0029
90200.0,276.076,-44.1126,276.0761,-44.1126,276.0758,-44.1103,0.0,-0.0,0.0001,-0.0052
89925.0,275.2392,29.8569,275.2391,29.8569,275.2379,29.8589,0.0,0.0001,0.0005,0.0065
89935.0,275.2574,28.8683,275.2573,28.8683,275.2542,28.87,0.0,0.0001,0.0012,0.0058
90083.0,275.7586,-10.2162,275.7586,-10.2162,275.7592,-10.2186,0.0,-0.0002,0.0002,-0.0239
90185.0,276.0488,-34.3802,276.0489,-34.3802,276.0429,-34.3847,0.0,-0.0,0.0021,-0.0131
89835.0,274.9871,51.3487,274.9869,51.3487,274.9838,51.3478,0.0,0.0,0.0012,0.0018
90023.0,275.5332,23.2875,275.5331,23.2875,275.5362,23.2853,0.0,0.0001,0.0011,0.0096
90052.0,275.6451,12.0265,275.645,12.0265,275.6471,12.0289,0.0,0.0001,0.0007,0.0201
90135.0,275.9156,-8.9409,275.9156,-8.941,275.9146,-8.9342,0.0,-0.0002,0.0004,-0.0757
90067.0,275.7036,17.8267,275.7035,17.8267,275.7042,17.8267,0.0,0.0001,0.0002,0.0004
89943.0,275.2849,49.7226,275.2847,49.7226,275.2796,49.7256,0.0,0.0,0.0019,0.0059
90086.0,275.7605,16.6926,275.7604,16.6926,275.7621,16.6881,0.0,0.0001,0.0006,0.027
90260.0,276.2583,-30.7506,276.2583,-30.7507,276.2562,-30.7567,0.0,-0.0,0.0007,-0.0196
90290.0,276.3357,-35.9953,276.3357,-35.9954,276.3404,-35.9917,0.0,-0.0,0.0017,-0.0102
89981.0,275.3826,49.1208,275.3825,49.1208,275.3862,49.1217,0.0,0.0,0.0013,0.0017
90238.0,276.1773,-7.0781,276.1773,-7.0782,276.1754,-7.0753,0.0,-0.0002,0.0007,-0.0404
90336.0,276.4788,-33.9513,276.4788,-33.9513,276.4775,-33.9453,0.0,-0.0,0.0005,-0.0178
90414.0,276.7232,-48.117,276.7233,-48.117,276.7246,-48.1169,0.0,-0.0,0.0005,-0.0001
90139.0,275.9253,21.7728,275.9253,21.7728,275.9246,21.7697,0.0,0.0001,0.0003,0.0143
90289.0,276.343,-20.5398,276.343,-20.5398,276.3375,-20.5417,0.0,-0.0001,0.002,-0.009
90422.0,276.7402,-45.9625,276.7402,-45.9625,276.7433,-45.9683,0.0,-0.0,0.0011,-0.0128
90253.0,276.2409,-1.5838,276.2409,-1.5838,276.2375,-1.5794,0.0,-0.001,0.0012,-0.2745
90930.0,278.2183,-73.9622,278.2186,-73.9622,278.2304,-73.9656,0.0001,-0.0,0.0043,-0.0046
90271.0,276.2847,5.0874,276.2846,5.0874,276.2867,5.0847,0.0,0.0003,0.0007,0.053
90163.0,275.9861,38.7443,275.986,38.7443,275.9892,38.7392,0.0,0.0,0.0011,0.0134
90313.0,276.4126,8.0286,276.4125,8.0286,276.4117,8.0319,0.0,0.0002,0.0003,0.0421
90191.0,276.0613,39.5069,276.0612,39.5068,276.0575,39.5072,0.0,0.0,0.0014,0.0009
90256.0,276.2438,27.3993,276.2437,27.3993,276.2438,27.3953,0.0,0.0001,0.0,0.0148
90568.0,277.2018,-49.071,277.2018,-49.071,277.2079,-49.0708,0.0,-0.0,0.0022,-0.0003
90485.0,276.9567,-29.8135,276.9567,-29.8135,276.9562,-29.8164,0.0,-0.0,0.0001,-0.0098
90664.0,277.4802,-57.526,277.4803,-57.526,277.4863,-57.5231,0.0,-0.0,0.0022,-0.0051
90478.0,276.9311,-26.6303,276.9311,-26.6303,276.9325,-26.6347,0.0,-0.0001,0.0005,-0.0166
90541.0,277.1091,-38.996,277.1092,-38.996,277.1129,-38.9956,0.0,-0.0,0.0014,-0.0011
90146.0,275.9516,53.2991,275.9515,53.2991,275.9492,53.3008,0.0001,0.0,0.0009,0.0033
91723.0,280.542,-81.8044,280.5425,-81.8044,280.5587,-81.8078,0.0002,-0.0,0.006,-0.0042
90496.0,276.9908,-25.4211,276.9908,-25.4212,276.9925,-25.4217,0.0,-0.0001,0.0006,-0.0021
90510.0,277.0208,-26.7599,277.0208,-26.7599,277.0258,-26.7572,0.0,-0.0001,0.0018,-0.0099
90597.0,277.3045,-43.849,277.3045,-43.849,277.3038,-43.8458,0.0,-0.0,0.0003,-0.0073
90797.0,277.8492,-62.2755,277.8493,-62.2755,277.8433,-62.2783,0.0,-0.0,0.0021,-0.0045
90342.0,276.5003,29.8299,276.5002,29.8299,276.495,29.8289,0.0,0.0,0.0019,0.0036
89908.0,275.1761,71.3418,275.1759,71.3418,275.1896,71.3378,0.0001,0.0,0.0049,0.0057
90604.0,277.3247,-38.8478,277.3247,-38.8478,277.32,-38.8511,0.0,-0.0,0.0017,-0.0086
90662.0,277.4802,-47.2161,277.4803,-47.2161,277.4825,-47.2203,0.0,-0.0,0.0008,-0.0088
90156.0,275.9807,58.8036,275.9806,58.8035,275.9771,58.8006,0.0001,0.0,0.0013,0.0051
90398.0,276.6686,26.4496,276.6685,26.4496,276.6704,26.4494,0.0,0.0001,0.0007,0.0006
90487.0,276.9552,3.7499,276.9552,3.7499,276.9596,3.7486,0.0,0.0004,0.0016,0.0341
90575.0,277.2358,-26.5791,277.2358,-26.5791,277.2392,-26.5817,0.0,-0.0001,0.0012,-0.0098
89937.0,275.2548,72.7362,275.2545,72.7361,275.2642,72.7328,0.0001,0.0,0.0034,0.0047
90497.0,276.9907,6.1969,276.9907,6.1969,276.995,6.1942,0.0,0.0002,0.0015,0.0447
90610.0,277.3423,-25.2594,277.3423,-25.2594,277.3417,-25.2564,0.0,-0.0001,0.0002,-0.0121
90595.0,277.2989,-14.569,277.2989,-14.569,277.2996,-14.5658,0.0,-0.0001,0.0002,-0.0218
90759.0,277.7668,-41.9139,277.7669,-41.9139,277.7625,-41.9136,0.0,-0.0,0.0016,-0.0006
90651.0,277.4419,-14.5849,277.4419,-14.5849,277.445,-14.5817,0.0,-0.0001,0.0011,-0.0222
90687.0,277.5491,-18.7238,277.5491,-18.7239,277.5496,-18.7289,0.0,-0.0001,0.0002,-0.027
90830.0,277.9442,-45.9117,277.9442,-45.9117,277.9392,-45.915,0.0,-0.0,0.0018,-0.0071
90642.0,277.4207,-1.9816,277.4207,-1.9816,277.4208,-1.9853,0.0,-0.0007,0.0,-0.1869
90763.0,277.7722,-32.987,277.7722,-32.987,277.77,-32.9892,0.0,-0.0,0.0008,-0.0066
90842.0,277.9801,-43.503,277.9801,-43.503,277.9842,-43.5078,0.0,-0.0,0.0015,-0.011
90853.0,278.0085,-45.7532,278.0085,-45.7533,278.0083,-45.7572,0.0,-0.0,0.0001,-0.0087
90981.0,278.3694,-58.7099,278.3695,-58.71,278.3729,-58.7092,0.0,-0.0,0.0013,-0.0013
90692.0,277.5616,-5.7233,277.5615,-5.7233,277.5596,-5.7242,0.0,-0.0002,0.0007,-0.0159
90676.0,277.5201,4.0654,277.52,4.0654,277.5212,4.0653,0.0,0.0003,0.0004,0.0029
90887.0,278.0843,-39.7041,278.0844,-39.7041,278.0892,-39.7039,0.0,-0.0,0.0017,-0.0005
90637.0,277.3933,23.8661,277.3933,23.866,277.3988,23.8661,0.0,0.0001,0.0019,0.0002
90806.0,277.855,-18.402,277.855,-18.402,277.8596,-18.4028,0.0,-0.0001,0.0017,-0.0041
90344.0,276.486,65.5647,276.4858,65.5647,276.4963,65.5636,0.0001,0.0,0.0037,0.0017
90804.0,277.862,-10.7954,277.862,-10.7954,277.8571,-10.7958,0.0,-0.0001,0.0018,-0.0041
90836.0,277.9743,-19.122,277.9743,-19.122,277.9721,-19.125,0.0,-0.0001,0.0008,-0.0158
90936.0,278.2481,-39.8881,278.2481,-39.8882,278.2538,-39.8922,0.0,-0.0,0.002,-0.0102
90476.0,276.9178,59.5505,276.9177,59.5505,276.9262,59.5492,0.0001,0.0,0.003,0.0022
90729.0,277.679,20.8189,277.6789,20.8189,277.6733,20.8153,0.0,0.0001,0.002,0.0173
90982.0,278.3714,-42.3109,278.3714,-42.3109,278.3758,-42.3125,0.0,-0.0,0.0016,-0.0038
90968.0,278.3453,-38.7179,278.3453,-38.718,278.3471,-38.7203,0.0,-0.0,0.0006,-0.006
90969.0,278.3402,-38.7268,278.3402,-38.7268,278.3462,-38.7261,0.0,-0.0,0.0022,-0.0018
91062.0,278.6357,-52.8889,278.6358,-52.8889,278.63,-52.8919,0.0,-0.0,0.002,-0.0058
90762.0,277.7738,16.9292,277.7737,16.9292,277.7683,16.9286,0.0,0.0001,0.002,0.0036
90884.0,278.088,-14.6398,278.088,-14.6398,278.0867,-14.6442,0.0,-0.0001,0.0005,-0.0296
90858.0,278.0336,3.6606,278.0335,3.6606,278.0292,3.6597,0.0,0.0003,0.0016,0.0253
90913.0,278.1772,-14.8646,278.1772,-14.8646,278.1804,-14.8656,0.0,-0.0001,0.0011,-0.0067
91004.0,278.4771,-24.0338,278.4772,-24.0338,278.4729,-24.0325,0.0,-0.0,0.0015,-0.0054
90991.0,278.4133,-14.8589,278.4133,-14.8589,278.4125,-14.8536,0.0,-0.0001,0.0003,-0.0353
90967.0,278.3452,-5.9148,278.3452,-5.9148,278.3454,-5.9114,0.0,-0.0002,0.0001,-0.0575
92586.0,282.9525,-83.3195,282.9532,-83.3195,282.9913,-83.3164,0.0002,-0.0,0.0137,-0.0038
91066.0,278.6344,-24.2164,278.6344,-24.2164,278.6367,-24.2225,0.0,-0.0,0.0008,-0.0252
90915.0,278.1942,23.6209,278.1941,23.6209,278.1925,23.6169,0.0,0.0001,0.0006,0.0167
90971.0,278.349,8.27,278.3489,8.27,278.3471,8.2683,0.0,0.0001,0.0007,0.02
90923.0,278.2143,30.5547,278.2142,30.5547,278.2079,30.5542,0.0,0.0,0.0023,0.0019
91132.0,278.8336,-20.8411,278.8336,-20.8411,278.8388,-20.8408,0.0,-0.0001,0.0018,-0.0013
91105.0,278.7655,-10.9748,278.7655,-10.9748,278.76,-10.9772,0.0,-0.0001,0.002,-0.0219
90970.0,278.3458,30.8904,278.3457,30.8904,278.3462,30.8925,0.0,0.0,0.0002,0.0067
91172.0,278.9947,-29.7006,278.9948,-29.7006,278.9987,-29.6992,0.0,-0.0,0.0014,-0.0049
91117.0,278.8012,-8.2339,278.8012,-8.2339,278.8017,-8.2442,0.0,-0.0001,0.0002,-0.125
90865.0,278.0412,52.1124,278.0411,52.1124,278.0475,52.1156,0.0001,0.0,0.0023,0.0061
91041.0,278.578,20.4707,278.578,20.4707,278.5817,20.4664,0.0,0.0001,0.0013,0.0212
91090.0,278.701,10.8917,278.701,10.8917,278.6979,10.8917,0.0,0.0001,0.0011,0.0003
91118.0,278.8003,18.2008,278.8002,18.2008,278.8025,18.2033,0.0,0.0001,0.0008,0.0137
90905.0,278.1402,57.0488,278.1401,57.0487,278.1438,57.0456,0.0001,0.0,0.0013,0.0056
90780.0,277.8081,65.4346,277.8079,65.4346,277.8117,65.4361,0.0001,0.0,0.0013,0.0023
91139.0,278.8802,23.6089,278.8801,23.6089,278.8767,23.6056,0.0,0.0,0.0013,0.0143
91159.0,278.9741,16.9754,278.9741,16.9754,278.9717,16.9756,0.0,0.0001,0.0009,0.0008
91792.0,280.7583,-71.4217,280.7585,-71.4217,280.7588,-71.4281,0.0001,-0.0,0.0002,-0.0088
91013.0,278.4939,52.354,278.4937,52.354,278.4863,52.3536,0.0001,0.0,0.0027,0.0007
91119.0,278.8065,34.4552,278.8064,34.4552,278.8062,34.4578,0.0,0.0,0.0001,0.0076
91217.0,279.116,9.1218,279.116,9.1218,279.1158,9.1225,0.0,0.0001,0.0001,0.0076
91461.0,279.8146,-47.9096,279.8146,-47.9096,279.8096,-47.9097,0.0,-0.0,0.0018,-0.0003
91237.0,279.1691,6.6762,279.1691,6.6762,279.1629,6.6719,0.0,0.0002,0.0022,0.0642
91347.0,279.4805,-21.3999,279.4805,-21.4,279.4767,-21.3978,0.0,-0.0,0.0014,-0.0101
91405.0,279.6299,-23.506,279.6299,-23.5061,279.6279,-23.505,0.0,-0.0,0.0007,-0.0045
91494.0,279.8921,-43.1891,279.8921,-43.1891,279.8958,-43.1861,0.0,-0.0,0.0013,-0.0069
91286.0,279.3042,11.4166,279.3042,11.4166,279.3025,11.4217,0.0,0.0001,0.0006,0.0442
92233.0,281.9716,-77.8744,281.9719,-77.8744,281.9558,-77.8672,0.0001,-0.0,0.0056,-0.0092
91279.0,279.2855,16.2036,279.2854,16.2036,279.2875,16.1983,0.0,0.0001,0.0007,0.0324
91733.0,280.5929,-64.6449,280.593,-64.6449,280.5938,-64.6431,0.0001,-0.0,0.0003,-0.0029
91235.0,279.1574,33.4636,279.1573,33.4636,279.155,33.4689,0.0,0.0,0.0008,0.0158
91438.0,279.7282,-21.0491,279.7282,-21.0491,279.7225,-21.0519,0.0,-0.0,0.002,-0.0136
91394.0,279.5984,-3.1956,279.5984,-3.1956,279.5988,-3.1936,0.0,-0.0003,0.0001,-0.0614
91384.0,279.5779,-1.1166,279.5779,-1.1166,279.5796,-1.1133,0.0,-0.0009,0.0006,-0.2918
91262.0,279.2281,38.7773,279.228,38.7773,279.2346,38.7836,0.0,0.0,0.0023,0.0162
91389.0,279.5922,8.8324,279.5922,8.8324,279.5875,8.8339,0.0,0.0001,0.0017,0.0165
91250.0,279.188,43.2221,279.1879,43.2221,279.19,43.2219,0.0,0.0,0.0007,0.0005
91854.0,280.915,-64.5474,280.9151,-64.5474,280.905,-64.5511,0.0001,-0.0,0.0035,-0.0058
91662.0,280.3814,-48.094,280.3814,-48.094,280.3775,-48.095,0.0,-0.0,0.0014,-0.0021
90647.0,277.4196,77.545,277.4192,77.545,277.4371,77.5469,0.0001,0.0,0.0063,0.0025
91532.0,279.9995,-7.789,279.9995,-7.789,280.0021,-7.7906,0.0,-0.0001,0.0009,-0.0197
91499.0,279.9037,5.2601,279.9036,5.2601,279.9037,5.2642,0.0,0.0002,0.0,0.0766
91373.0,279.5305,39.6661,279.5304,39.6661,279.5271,39.6681,0.0,0.0,0.0012,0.005
91523.0,279.9655,7.3585,279.9654,7.3585,279.965,7.3583,0.0,0.0001,0.0002,0.0027
92024.0,281.3572,-64.8675,281.3574,-64.8675,281.3621,-64.8714,0.0001,-0.0,0.0017,-0.006
91196.0,279.0427,65.4881,279.0424,65.4881,279.0554,65.4886,0.0001,0.0,0.0046,0.0007
91677.0,280.4264,-14.5662,280.4264,-14.5662,280.4271,-14.5642,0.0,-0.0001,0.0002,-0.0137
92008.0,281.3048,-61.0968,281.3049,-61.0968,281.2979,-61.095,0.0,-0.0,0.0025,-0.0029
91533.0,280.0107,30.8464,280.0107,30.8464,280.0083,30.8494,0.0,0.0,0.0009,0.0099
91491.0,279.8842,40.9316,279.8841,40.9316,279.8879,40.935,0.0,0.0,0.0013,0.0083
91315.0,279.3883,62.5221,279.3881,62.5221,279.3896,62.5267,0.0001,0.0,0.0005,0.0074
91552.0,280.0463,38.3719,280.0462,38.3719,280.0508,38.3672,0.0,0.0,0.0016,0.0122
91726.0,280.5688,-9.0562,280.5688,-9.0562,280.5683,-9.0525,0.0,-0.0001,0.0002,-0.0405
91875.0,280.9484,-38.3268,280.9484,-38.3268,280.9454,-38.3236,0.0,-0.0,0.001,-0.0084
92021.0,281.3479,-56.8854,281.348,-56.8854,281.3488,-56.8817,0.0,-0.0,0.0003,-0.0065
91781.0,280.7322,-19.2888,280.7322,-19.2888,280.73,-19.2839,0.0,-0.0,0.0008,-0.0256
91751.0,280.6526,-7.0765,280.6526,-7.0765,280.6504,-7.0733,0.0,-0.0001,0.0008,-0.0444
90182.0,276.0443,83.174,276.0435,83.174,276.0383,83.1753,0.0003,0.0,0.0021,0.0015
91901.0,281.0334,-36.7156,281.0334,-36.7156,281.0321,-36.7186,0.0,-0.0,0.0005,-0.0083
92394.0,282.4347,-72.9998,282.4349,-72.9998,282.4312,-72.9947,0.0001,-0.0,0.0012,-0.0069
91525.0,279.9625,52.1928,279.9623,52.1928,279.97,52.1961,0.0001,0.0,0.0027,0.0063
91918.0,281.0806,-35.6446,281.0806,-35.6446,281.0808,-35.6419,0.0,-0.0,0.0001,-0.0074
91675.0,280.4225,31.6173,280.4224,31.6172,280.4221,31.6178,0.0,0.0,0.0002,0.0017
91989.0,281.2366,-39.6846,281.2366,-39.6846,281.2383,-39.6864,0.0,-0.0,0.0006,-0.0046
91845.0,280.884,-8.2726,280.884,-8.2726,280.8804,-8.2753,0.0,-0.0001,0.0013,-0.0323
91707.0,280.5372,34.7487,280.5371,34.7487,280.5338,34.7467,0.0,0.0,0.0012,0.0057
91880.0,280.9662,-6.8205,280.9661,-6.8205,280.9642,-6.8186,0.0,-0.0001,0.0007,-0.027
92294.0,282.1629,-65.0787,282.163,-65.0788,282.1575,-65.0778,0.0001,-0.0,0.0019,-0.0015
92157.0,281.7511,-50.0936,281.7511,-50.0936,281.7463,-50.0944,0.0,-0.0,0.0017,-0.0018
92041.0,281.4113,-26.9856,281.4113,-26.9856,281.4142,-26.9908,0.0,-0.0,0.001,-0.0194
91975.0,281.2051,2.0576,281.2051,2.0576,281.2079,2.06,0.0,0.0004,0.001,0.1158
91820.0,280.8202,39.3017,280.8201,39.3017,280.8196,39.3003,0.0,0.0,0.0002,0.0036
91606.0,280.2356,62.7524,280.2354,62.7523,280.2346,62.7497,0.0001,0.0,0.0003,0.0042
91852.0,280.8989,36.555,280.8988,36.555,280.9004,36.5567,0.0,0.0,0.0006,0.0046
91883.0,280.9681,31.9251,280.968,31.9251,280.965,31.9267,0.0,0.0,0.0011,0.005
92079.0,281.5021,-19.6028,281.5021,-19.6028,281.505,-19.6064,0.0,-0.0,0.001,-0.0181
92111.0,281.5851,-22.3917,281.5851,-22.3917,281.5858,-22.3922,0.0,-0.0,0.0003,-0.0024
91958.0,281.1707,23.594,281.1706,23.594,281.1675,23.5897,0.0,0.0,0.0011,0.018
92027.0,281.3682,5.5047,281.3682,5.5047,281.3683,5.4997,0.0,0.0001,0.0,0.0907
91755.0,280.6505,55.5412,280.6503,55.5412,280.6579,55.5394,0.0001,0.0,0.0027,0.0032
92226.0,281.9368,-40.4106,281.9369,-40.4106,281.9358,-40.4061,0.0,-0.0,0.0003,-0.0111
91919.0,281.0829,39.672,281.0828,39.672,281.085,39.67,0.0,0.0,0.0007,0.0052
,281.0829,39.672,281.0828,39.672,281.0846,39.6711,0.0,0.0,0.0006,0.0024
91926.0,281.0934,39.6081,281.0933,39.6081,281.0954,39.6131,0.0,0.0,0.0007,0.0124
,281.0934,39.6081,281.0933,39.6081,281.0954,39.6128,0.0,0.0,0.0007,0.0117
92136.0,281.6804,-10.1202,281.6804,-10.1202,281.6804,-10.125,0.0,-0.0001,0.0,-0.047
91971.0,281.1945,37.6005,281.1944,37.6005,281.1933,37.605,0.0,0.0,0.0004,0.012
91973.0,281.2063,37.5969,281.2062,37.5969,281.2008,37.5944,0.0,0.0,0.0019,0.0065
92036.0,281.4034,21.9836,281.4033,21.9836,281.3988,21.985,0.0,0.0,0.0017,0.0062
91843.0,280.8654,53.8699,280.8653,53.8699,280.8708,53.8719,0.0001,0.0,0.0019,0.0037
92043.0,281.4156,20.5462,281.4155,20.5462,281.4154,20.5464,0.0,0.0,0.0001,0.0007
92308.0,282.2165,-43.6792,282.2165,-43.6792,282.2104,-43.68,0.0,-0.0,0.0021,-0.0018
92175.0,281.7958,-4.7496,281.7958,-4.7496,281.7938,-4.7478,0.0,-0.0001,0.0007,-0.0378
92088.0,281.5149,26.6583,281.5148,26.6583,281.5187,26.6622,0.0,0.0,0.0014,0.0147
92367.0,282.3634,-45.8135,282.3635,-45.8135,282.3642,-45.8103,0.0,-0.0,0.0003,-0.0071
92202.0,281.8677,-5.7071,281.8676,-5.7071,281.8708,-5.705,0.0,-0.0001,0.0011,-0.0366
92131.0,281.6753,18.7071,281.6752,18.7071,281.6725,18.7058,0.0,0.0,0.001,0.0067
92382.0,282.3898,-43.4317,282.3898,-43.4318,282.3958,-43.4339,0.0,-0.0,0.0021,-0.0049
92161.0,281.7579,18.1769,281.7578,18.1769,281.7554,18.1814,0.0,0.0,0.0009,0.0247
92350.0,282.3231,-34.7527,282.3232,-34.7528,282.3217,-34.7486,0.0,-0.0,0.0005,-0.0119
91985.0,281.2244,54.9024,281.2243,54.9024,281.2308,54.8967,0.0001,0.0,0.0023,0.0105
92301.0,282.1889,-18.5966,282.1889,-18.5966,282.1887,-18.6014,0.0,-0.0,0.0001,-0.0256
92098.0,281.5563,41.4422,281.5562,41.4422,281.5542,41.4417,0.0,0.0,0.0008,0.0013
92609.0,283.0461,-62.1878,283.0463,-62.1878,283.0542,-62.1875,0.0,-0.0,0.0028,-0.0004
91915.0,281.0677,61.0476,281.0675,61.0476,281.0758,61.0481,0.0001,0.0,0.0029,0.0007
92254.0,282.0063,4.2403,282.0062,4.2403,282.0112,4.2414,0.0,0.0002,0.0018,0.0259
92384.0,282.3996,-19.1457,282.3996,-19.1457,282.3979,-19.1422,0.0,-0.0,0.0006,-0.0182
92390.0,282.4157,-20.3292,282.4157,-20.3292,282.4171,-20.3247,0.0,-0.0,0.0005,-0.0221
92270.0,282.0687,23.5165,282.0686,23.5165,282.0683,23.5142,0.0,0.0,0.0001,0.0098
92156.0,281.7447,46.3127,281.7446,46.3127,281.7458,46.315,0.0,0.0,0.0004,0.005
92243.0,281.9847,31.7593,281.9846,31.7593,281.9896,31.7569,0.0,0.0,0.0017,0.0075
91811.0,280.7864,70.7919,280.7861,70.7919,280.7925,70.7928,0.0001,0.0,0.0022,0.0013
92391.0,282.4188,-5.9087,282.4188,-5.9087,282.4208,-5.9128,0.0,-0.0001,0.0007,-0.0686
92133.0,281.6865,52.9915,281.6863,52.9915,281.6796,52.9881,0.0001,0.0,0.0024,0.0064
92312.0,282.2224,19.3237,282.2223,19.3236,282.2225,19.3286,0.0,0.0,0.0,0.0257
92646.0,283.1648,-52.1082,283.1649,-52.1082,283.165,-52.1075,0.0,-0.0,0.0001,-0.0013
92480.0,282.7124,-22.1582,282.7124,-22.1583,282.7104,-22.1622,0.0,-0.0,0.0007,-0.0179
92442.0,282.5804,-7.9071,282.5804,-7.9071,282.5833,-7.9075,0.0,-0.0001,0.001,-0.0046
92219.0,281.918,49.0791,281.9179,49.0791,281.9167,49.075,0.0,0.0,0.0005,0.0083
92346.0,282.312,25.0449,282.3119,25.0449,282.31,25.0464,0.0,0.0,0.0007,0.006
92630.0,283.1096,-46.5991,283.1096,-46.5991,283.1129,-46.5953,0.0,-0.0,0.0012,-0.0083
92687.0,283.3056,-51.9302,283.3057,-51.9302,283.3004,-51.9311,0.0,-0.0,0.0018,-0.0018
92488.0,282.7438,-9.7786,282.7438,-9.7786,282.7438,-9.7742,0.0,-0.0001,0.0,-0.0456
92676.0,283.2639,-48.3645,283.264,-48.3645,283.2604,-48.36,0.0,-0.0,0.0012,-0.0094
92269.0,282.0696,48.7711,282.0695,48.7711,282.0671,48.7675,0.0,0.0,0.0009,0.0075
92669.0,283.2558,-46.5842,283.2559,-46.5842,283.2483,-46.5858,0.0,-0.0,0.0026,-0.0035
92396.0,282.43,31.628,282.43,31.628,282.4333,31.6292,0.0,0.0,0.0012,0.0036
92475.0,282.6893,10.9762,282.6892,10.9762,282.69,10.9764,0.0,0.0001,0.0003,0.002
92398.0,282.441,32.8152,282.4409,32.8152,282.4413,32.8128,0.0,0.0,0.0001,0.0074
92524.0,282.8448,-3.3198,282.8448,-3.3198,282.8421,-3.3178,0.0,-0.0002,0.001,-0.0594
92405.0,282.4745,32.5505,282.4745,32.5505,282.4704,32.5508,0.0,0.0,0.0015,0.0009
92635.0,283.1149,-26.6513,283.1149,-26.6513,283.1188,-26.6503,0.0,-0.0,0.0014,-0.0039
92643.0,283.155,-29.3749,283.1551,-29.3749,283.1542,-29.3794,0.0,-0.0,0.0003,-0.0154
92649.0,283.1714,-30.7311,283.1714,-30.7311,283.1738,-30.7342,0.0,-0.0,0.0008,-0.0101
92420.0,282.525,33.3634,282.5249,33.3634,282.52,33.3628,0.0,0.0,0.0018,0.002
93015.0,284.2447,-67.2308,284.2449,-67.2308,284.2375,-67.2336,0.0001,-0.0,0.0025,-0.0042
92799.0,283.6301,-49.8818,283.6302,-49.8818,283.6346,-49.8786,0.0,-0.0,0.0016,-0.0063
92593.0,283.0086,13.969,283.0086,13.969,283.0079,13.9656,0.0,0.0,0.0002,0.0248
92674.0,283.2567,-9.5759,283.2567,-9.5759,283.2579,-9.5761,0.0,-0.0001,0.0004,-0.002
93012.0,284.2325,-62.8062,284.2326,-62.8062,284.2279,-62.8011,0.0,-0.0,0.0016,-0.0081
92550.0,282.8994,28.7808,282.8994,28.7808,282.8996,28.7836,0.0,0.0,0.0,0.0098
92614.0,283.072,21.426,283.0719,21.426,283.0683,21.4253,0.0,0.0,0.0013,0.0033
92747.0,283.5009,-21.3609,283.5009,-21.3609,283.5004,-21.3597,0.0,-0.0,0.0002,-0.0055
92551.0,282.9029,36.5387,282.9028,36.5387,282.9021,36.5386,0.0,0.0,0.0003,0.0002
92761.0,283.5369,-22.7462,283.5369,-22.7462,283.5425,-22.745,0.0,-0.0,0.002,-0.0052
92056.0,281.4564,74.0828,281.4561,74.0828,281.4446,74.0856,0.0001,0.0,0.0042,0.0037
92814.0,283.678,-15.5977,283.678,-15.5977,283.6796,-15.6031,0.0,-0.0,0.0006,-0.0345
92845.0,283.7805,-22.6669,283.7805,-22.6669,283.7796,-22.6714,0.0,-0.0,0.0003,-0.0199
92855.0,283.8129,-26.291,283.813,-26.291,283.8163,-26.2967,0.0,-0.0,0.0012,-0.0217
92953.0,284.0681,-42.7116,284.0681,-42.7116,284.0704,-42.7106,0.0,-0.0,0.0008,-0.0025
92549.0,282.8887,52.968,282.8886,52.968,282.8958,52.975,0.0001,0.0,0.0025,0.0132
92112.0,281.6113,75.4298,281.6109,75.4298,281.5925,75.4339,0.0001,0.0,0.0067,0.0055
92512.0,282.7929,59.3919,282.7928,59.3919,282.8004,59.3883,0.0001,0.0,0.0026,0.006
92882.0,283.8746,-16.3731,283.8746,-16.3731,283.8792,-16.3767,0.0,-0.0,0.0016,-0.0216
93163.0,284.6615,-60.2022,284.6617,-60.2022,284.6517,-60.2006,0.0,-0.0,0.0035,-0.0027
92931.0,284.0036,-23.1737,284.0036,-23.1737,284.0025,-23.1736,0.0,-0.0,0.0004,-0.0002
92989.0,284.1661,-37.3394,284.1661,-37.3394,284.1688,-37.3433,0.0,-0.0,0.0009,-0.0106
92728.0,283.4347,36.9669,283.4346,36.9669,283.4317,36.9717,0.0,0.0,0.0011,0.0128
92768.0,283.5586,27.9056,283.5585,27.9056,283.555,27.9094,0.0,0.0,0.0013,0.0138
92818.0,283.6869,22.6406,283.6868,22.6406,283.6871,22.645,0.0,0.0,0.0001,0.0194
93148.0,284.6096,-52.9412,284.6096,-52.9412,284.6154,-52.9386,0.0,-0.0,0.0021,-0.0049
92872.0,283.8667,6.6155,283.8666,6.6155,283.8646,6.6153,0.0,0.0001,0.0007,0.0027
93074.0,284.397,-39.8201,284.3971,-39.8201,284.3946,-39.8233,0.0,-0.0,0.0009,-0.0082
92689.0,283.3,50.7089,283.2998,50.7089,283.3067,50.7083,0.0,0.0,0.0024,0.0012
92771.0,283.5563,41.2265,283.5562,41.2265,283.5596,41.2256,0.0,0.0,0.0012,0.0024
92791.0,283.631,36.9015,283.6309,36.9015,283.6258,36.8989,0.0,0.0,0.0018,0.0072
92833.0,283.719,33.9804,283.7189,33.9804,283.7188,33.9686,0.0,0.0,0.0001,0.0347
92946.0,284.0596,4.2037,284.0596,4.2037,284.055,4.2036,0.0,0.0001,0.0016,0.0021
92951.0,284.0596,4.2037,284.0596,4.2037,284.0608,4.2019,0.0,0.0001,0.0004,0.0418
92968.0,284.1047,2.4725,284.1046,2.4725,284.1067,2.4711,0.0,0.0002,0.0007,0.0556
93057.0,284.3336,-20.6506,284.3336,-20.6506,284.3354,-20.6564,0.0,-0.0,0.0006,-0.0278
92831.0,283.7103,41.6024,283.7102,41.6024,283.7175,41.6028,0.0,0.0,0.0025,0.001
92934.0,284.0145,17.9907,284.0144,17.9907,284.0162,17.995,0.0,0.0,0.0006,0.0239
92937.0,284.0276,18.1063,284.0275,18.1063,284.0258,18.1053,0.0,0.0,0.0006,0.0056
93026.0,284.2665,-5.8468,284.2664,-5.8468,284.2654,-5.8461,0.0,-0.0001,0.0004,-0.0124
93085.0,284.435,-21.1077,284.435,-21.1077,284.4325,-21.1067,0.0,-0.0,0.0009,-0.0049
93134.0,284.5923,-31.0346,284.5923,-31.0346,284.5888,-31.0361,0.0,-0.0,0.0012,-0.0048
93174.0,284.6832,-37.1107,284.6832,-37.1107,284.6808,-37.1075,0.0,-0.0,0.0008,-0.0086
92731.0,283.4444,57.483,283.4442,57.483,283.4429,57.4869,0.0001,0.0,0.0005,0.0068
92822.0,283.7041,48.8638,283.704,48.8638,283.6962,48.8597,0.0,0.0,0.0028,0.0083
93132.0,284.5816,-24.8791,284.5816,-24.8791,284.5854,-24.8767,0.0,-0.0,0.0013,-0.0097
93209.0,284.8016,-39.531,284.8016,-39.531,284.7962,-39.5347,0.0,-0.0,0.0019,-0.0094
92862.0,283.833,43.9411,283.8329,43.9411,283.8338,43.9461,0.0,0.0,0.0003,0.0113
93051.0,284.3157,2.5329,284.3157,2.5329,284.3192,2.5353,0.0,0.0001,0.0012,0.0934
93140.0,284.6007,-22.5318,284.6007,-22.5318,284.6025,-22.5294,0.0,-0.0,0.0006,-0.0103
92040.0,281.4131,79.9429,281.4126,79.9429,281.4088,79.9425,0.0002,0.0,0.0015,0.0005
93574.0,285.8768,-68.7571,285.877,-68.7571,285.8738,-68.7553,0.0001,-0.0,0.0011,-0.0026
93017.0,284.2529,32.9046,284.2528,32.9046,284.2567,32.9014,0.0,0.0,0.0013,0.0096
93138.0,284.6012,6.2418,284.6011,6.2418,284.5992,6.2403,0.0,0.0,0.0007,0.024
93234.0,284.8621,-18.5678,284.8621,-18.5678,284.8617,-18.5669,0.0,-0.0,0.0002,-0.0047
93124.0,284.5669,17.3639,284.5668,17.3639,284.5612,17.3608,0.0,0.0,0.002,0.0177
93225.0,284.8444,-12.8404,284.8444,-12.8404,284.8492,-12.8406,0.0,-0.0,0.0017,-0.0009
93179.0,284.6936,13.9061,284.6935,13.9061,284.6954,13.9067,0.0,0.0,0.0006,0.0038
93368.0,285.2574,-37.0629,285.2574,-37.0629,285.2633,-37.0608,0.0,-0.0,0.0021,-0.0056
93371.0,285.2691,-37.0665,285.2691,-37.0665,285.2679,-37.0619,0.0,-0.0,0.0004,-0.0123
93175.0,284.6826,19.7918,284.6825,19.7918,284.6879,19.7942,0.0,0.0,0.0019,0.0122
93203.0,284.7754,13.6202,284.7754,13.6202,284.7738,13.6225,0.0,0.0,0.0006,0.017
93218.0,284.8227,10.1373,284.8227,10.1373,284.8229,10.1408,0.0,0.0,0.0001,0.0344
93104.0,284.5023,38.2649,284.5022,38.2649,284.5079,38.2661,0.0,0.0,0.002,0.0032
92997.0,284.1856,57.812,284.1855,57.812,284.1875,57.815,0.0001,0.0,0.0007,0.0052
93244.0,284.9088,15.0734,284.9087,15.0734,284.9058,15.0683,0.0,0.0,0.001,0.0333
93470.0,285.5334,-41.9049,285.5335,-41.9049,285.5362,-41.91,0.0,-0.0,0.001,-0.0122
93194.0,284.7384,32.6904,284.7384,32.6904,284.7358,32.6894,0.0,0.0,0.0009,0.0029
93177.0,284.6904,40.676,284.6903,40.676,284.6942,40.6792,0.0,0.0,0.0013,0.0078
92782.0,283.5832,71.298,283.5829,71.298,283.5996,71.2972,0.0001,0.0,0.0058,0.0011
93256.0,284.934,26.2275,284.9339,26.2275,284.9396,26.2306,0.0,0.0,0.002,0.0115
93423.0,285.4045,-22.6892,285.4045,-22.6892,285.4075,-22.6956,0.0,-0.0,0.0011,-0.0279
93270.0,284.9943,22.8154,284.9942,22.8154,284.9921,22.8147,0.0,0.0,0.0008,0.0031
93068.0,284.3754,58.2269,284.3753,58.2269,284.3683,58.2253,0.0001,0.0,0.0025,0.0028
93210.0,284.8033,39.2125,284.8032,39.2125,284.8012,39.2178,0.0,0.0,0.0007,0.0136
93418.0,285.3953,-15.2807,285.3953,-15.2807,285.3896,-15.2825,0.0,-0.0,0.002,-0.0117
92969.0,284.1173,65.2551,284.1171,65.2551,284.1067,65.2581,0.0001,0.0,0.0037,0.0045
93542.0,285.7715,-42.0962,285.7715,-42.0962,285.7788,-42.0953,0.0,-0.0,0.0025,-0.0021
93624.0,285.98,-51.0194,285.98,-51.0194,285.9892,-51.0186,0.0,-0.0,0.0032,-0.0015
93053.0,284.3157,62.4009,284.3155,62.4009,284.3225,62.3967,0.0001,0.0,0.0024,0.0068
93429.0,285.4259,-5.7382,285.4259,-5.7382,285.42,-5.7389,0.0,-0.0,0.0021,-0.0115
93506.0,285.6491,-29.879,285.6491,-29.879,285.6529,-29.8803,0.0,-0.0,0.0013,-0.0043
93498.0,285.6154,-24.8406,285.6154,-24.8406,285.6154,-24.8469,0.0,-0.0,0.0,-0.0254
93197.0,284.7382,50.8067,284.7381,50.8067,284.7483,50.8094,0.0,0.0,0.0035,0.0055
93552.0,285.8221,-38.2575,285.8221,-38.2575,285.8238,-38.2533,0.0,-0.0,0.0006,-0.0108
93374.0,285.2688,19.3075,285.2688,19.3075,285.2729,19.3097,0.0,0.0,0.0014,0.0113
92717.0,283.4092,75.791,283.4088,75.791,283.3883,75.7875,0.0001,0.0,0.0074,0.0046
93404.0,285.34,20.8369,285.34,20.8369,285.3442,20.8336,0.0,0.0,0.0015,0.0159
93393.0,285.3253,26.2894,285.3252,26.2894,285.3225,26.2914,0.0,0.0,0.001,0.0077
93537.0,285.7649,-19.242,285.7649,-19.242,285.7658,-19.2453,0.0,-0.0,0.0003,-0.0171
93543.0,285.7742,-19.1052,285.7742,-19.1052,285.7792,-19.1033,0.0,-0.0,0.0017,-0.01
93419.0,285.3888,25.0245,285.3887,25.0245,285.3954,25.0258,0.0,0.0,0.0023,0.0054
93443.0,285.4609,22.2628,285.4608,22.2628,285.4562,22.2639,0.0,0.0,0.0016,0.0049
93488.0,285.5936,8.3773,285.5936,8.3773,285.59,8.3742,0.0,0.0,0.0013,0.0376
93526.0,285.7223,-3.6972,285.7222,-3.6972,285.7271,-3.6989,0.0,-0.0,0.0017,-0.0449
93667.0,286.1056,-31.043,286.1056,-31.043,286.1046,-31.0469,0.0,-0.0,0.0004,-0.0127
93437.0,285.4488,33.6207,285.4487,33.6207,285.4512,33.6214,0.0,0.0,0.0009,0.0021
93815.0,286.5876,-52.3424,286.5877,-52.3424,286.5829,-52.3408,0.0,-0.0,0.0016,-0.0031
93580.0,285.8833,1.818,285.8832,1.818,285.8842,1.8189,0.0,0.0001,0.0003,0.0514
93408.0,285.3544,46.9372,285.3543,46.9372,285.36,46.9347,0.0,0.0,0.0019,0.0053
93523.0,285.7176,19.6627,285.7175,19.6627,285.7192,19.6611,0.0,0.0,0.0006,0.0083
93683.0,286.1664,-21.7441,286.1664,-21.7441,286.1708,-21.7417,0.0,-0.0,0.0016,-0.011
93647.0,286.0444,3.3317,286.0443,3.3317,286.0446,3.3306,0.0,0.0,0.0001,0.0344
93666.0,286.1042,-5.6888,286.1042,-5.6888,286.1008,-5.685,0.0,-0.0,0.0012,-0.0661
94150.0,287.4548,-68.4235,287.455,-68.4235,287.4696,-68.4247,0.0001,-0.0,0.0051,-0.0018
93603.0,285.9257,21.2636,285.9256,21.2636,285.9271,21.2678,0.0,0.0,0.0005,0.0196
93862.0,286.7326,-48.2952,286.7326,-48.2952,286.7317,-48.2992,0.0,-0.0,0.0003,-0.0081
93187.0,284.7201,69.5261,284.7198,69.5261,284.7192,69.5311,0.0001,0.0,0.0003,0.0072
93717.0,286.2401,-4.0269,286.2401,-4.0269,286.24,-4.0314,0.0,-0.0,0.0,-0.1104
93825.0,286.5979,-37.0603,286.598,-37.0603,286.6046,-37.0633,0.0,-0.0,0.0023,-0.0081
,286.5979,-37.0603,286.598,-37.0603,286.6046,-37.0633,0.0,-0.0,0.0023,-0.0081
104382.0,316.9045,-88.955,316.9085,-88.9549,317.1925,-88.9564,0.0012,-0.0,0.0908,-0.0016
93466.0,285.5236,52.2628,285.5234,52.2628,285.5292,52.2611,0.0,0.0,0.002,0.0032
93763.0,286.4266,-15.6596,286.4266,-15.6596,286.4217,-15.6603,0.0,-0.0,0.0017,-0.0042
93743.0,286.3329,-1.5111,286.3328,-1.5111,286.3275,-1.5128,0.0,-0.0,0.0019,-0.1096
93858.0,286.7241,-37.8026,286.7241,-37.8026,286.7188,-37.8103,0.0,-0.0,0.0019,-0.0202
94054.0,287.217,-55.7165,287.2171,-55.7165,287.2171,-55.7203,0.0,-0.0,0.0,-0.0068
93864.0,286.7391,-27.6656,286.7391,-27.6656,286.735,-27.6706,0.0,-0.0,0.0014,-0.0179
93747.0,286.351,13.8706,286.351,13.8706,286.3525,13.8633,0.0,0.0,0.0005,0.0524
93805.0,286.5595,-4.8806,286.5594,-4.8806,286.5621,-4.8825,0.0,-0.0,0.0009,-0.0382
93718.0,286.2401,31.7422,286.2401,31.7422,286.2413,31.7444,0.0,0.0,0.0004,0.007
93855.0,286.7203,-16.2297,286.7203,-16.2297,286.7179,-16.2289,0.0,-0.0,0.0008,-0.005
93925.0,286.8791,-28.6368,286.8791,-28.6368,286.8788,-28.6369,0.0,-0.0,0.0001,-0.0006
93887.0,286.7828,-18.7389,286.7828,-18.7389,286.7854,-18.7378,0.0,-0.0,0.0009,-0.0062
94005.0,287.0818,-40.4976,287.0819,-40.4976,287.0871,-40.4967,0.0,-0.0,0.0018,-0.0024
93820.0,286.5951,8.2261,286.5951,8.2261,286.5925,8.23,0.0,0.0,0.0009,0.0479
93770.0,286.449,29.9197,286.4489,29.9197,286.4462,29.9217,0.0,0.0,0.0009,0.0066
93993.0,287.0644,-24.6567,287.0644,-24.6567,287.0608,-24.6569,0.0,-0.0,0.0012,-0.0008
93097.0,284.4995,77.0524,284.4991,77.0524,284.4883,77.0508,0.0001,0.0,0.0039,0.0021
93867.0,286.7436,11.0771,286.7436,11.0771,286.7442,11.0714,0.0,0.0,0.0002,0.0517
93996.0,287.07,-19.2955,287.07,-19.2955,287.0696,-19.29,0.0,-0.0,0.0001,-0.0285
93845.0,286.6615,24.249,286.6614,24.249,286.66,24.2508,0.0,0.0,0.0005,0.0077
93713.0,286.2385,53.3993,286.2383,53.3993,286.23,53.3967,0.0001,0.0,0.003,0.005
93733.0,286.288,49.9248,286.2878,49.9248,286.2912,49.9233,0.0,0.0,0.0011,0.003
93843.0,286.6564,28.6315,286.6563,28.6315,286.6571,28.6286,0.0,0.0,0.0003,0.0101
94114.0,287.3641,-37.9047,287.3642,-37.9047,287.3679,-37.9044,0.0,-0.0,0.0013,-0.0006
94130.0,287.4095,-39.8297,287.4095,-39.8297,287.4154,-39.8281,0.0,-0.0,0.0021,-0.0042
94124.0,287.3942,-36.1666,287.3942,-36.1666,287.4017,-36.1647,0.0,-0.0,0.0026,-0.0051
94157.0,287.4957,-41.8955,287.4957,-41.8955,287.4908,-41.8925,0.0,-0.0,0.0017,-0.0072
93808.0,286.5646,41.411,286.5644,41.411,286.5708,41.4139,0.0,0.0,0.0022,0.0069
94160.0,287.5055,-39.3391,287.5056,-39.3391,287.5071,-39.3408,0.0,-0.0,0.0005,-0.0045
93966.0,286.9827,16.8555,286.9826,16.8555,286.9888,16.8533,0.0,0.0,0.0021,0.0129
93917.0,286.858,32.5045,286.8579,32.5045,286.8567,32.5017,0.0,0.0,0.0005,0.0087
93903.0,286.82,36.0996,286.8199,36.0996,286.8254,36.1003,0.0,0.0,0.0019,0.0018
93975.0,287.0143,21.7007,287.0142,21.7007,287.015,21.6989,0.0,0.0,0.0003,0.0081
94141.0,287.4392,-21.0183,287.4392,-21.0183,287.4408,-21.0236,0.0,-0.0,0.0006,-0.0252
94144.0,287.4527,-19.8045,287.4527,-19.8045,287.4504,-19.8036,0.0,-0.0,0.0008,-0.0045
94068.0,287.2531,6.0742,287.2531,6.0742,287.2496,6.0733,0.0,0.0,0.0012,0.0141
94034.0,287.1695,16.8535,287.1694,16.8535,287.1675,16.8514,0.0,0.0,0.0007,0.0124
94272.0,287.8304,-29.5074,287.8305,-29.5074,287.8288,-29.5022,0.0,-0.0,0.0006,-0.0175
94398.0,288.1845,-50.4892,288.1846,-50.4892,288.1921,-50.4864,0.0,-0.0,0.0026,-0.0056
94076.0,287.2663,34.5969,287.2662,34.5969,287.2683,34.6006,0.0,0.0,0.0007,0.0107
94344.0,288.0438,-37.5861,288.0438,-37.5861,288.0408,-37.5828,0.0,-0.0,0.001,-0.0089
94724.0,289.1106,-69.1885,289.1108,-69.1885,289.1188,-69.1906,0.0001,-0.0,0.0028,-0.0029
94013.0,287.1155,52.4235,287.1154,52.4235,287.1075,52.4256,0.0,0.0,0.0028,0.0039
94372.0,288.1174,-21.663,288.1174,-21.663,288.1167,-21.6581,0.0,-0.0,0.0003,-0.0228
94434.0,288.3126,-25.9071,288.3126,-25.9071,288.3071,-25.9067,0.0,-0.0,0.0019,-0.0016
94789.0,289.2931,-66.6619,289.2932,-66.6619,289.3,-66.6614,0.0001,-0.0,0.0024,-0.0008
94385.0,288.1687,-7.9374,288.1687,-7.9374,288.1696,-7.9394,0.0,-0.0,0.0003,-0.0258
94290.0,287.8815,26.7337,287.8814,26.7337,287.8788,26.7358,0.0,0.0,0.0009,0.008
94556.0,288.6594,-45.1879,288.6594,-45.1879,288.6654,-45.1933,0.0,-0.0,0.0021,-0.0119
94437.0,288.3141,-12.2818,288.3141,-12.2818,288.3146,-12.2825,0.0,-0.0,0.0002,-0.0059
94280.0,287.8436,40.4271,287.8435,40.4271,287.8462,40.4292,0.0,0.0,0.0009,0.005
94377.0,288.141,16.8451,288.141,16.8451,288.1433,16.8464,0.0,0.0,0.0008,0.0075
94382.0,288.1526,21.5534,288.1525,21.5534,288.1529,21.5544,0.0,0.0,0.0001,0.0049
94477.0,288.426,2.2932,288.426,2.2932,288.4279,2.2936,0.0,0.0001,0.0007,0.0193
94478.0,288.4354,5.5183,288.4353,5.5183,288.4337,5.5158,0.0,0.0,0.0006,0.0454
94712.0,289.0929,-45.4671,289.0929,-45.4671,289.0904,-45.4664,0.0,-0.0,0.0008,-0.0016
94140.0,287.4488,65.9809,287.4486,65.9809,287.4408,65.9786,0.0001,0.0,0.0028,0.0035
94645.0,288.8843,-24.1731,288.8843,-24.1731,288.8883,-24.1792,0.0,-0.0,0.0014,-0.0251
94643.0,288.8805,-25.2575,288.8805,-25.2575,288.885,-25.2567,0.0,-0.0,0.0016,-0.0032
94336.0,288.0233,49.848,288.0232,49.848,288.0192,49.8542,0.0,0.0,0.0014,0.0124
,288.0233,49.848,288.0232,49.848,288.0208,49.8561,0.0,0.0,0.0009,0.0163
94302.0,287.9164,56.8555,287.9162,56.8555,287.9188,56.8592,0.0001,0.0,0.0008,0.0065
94730.0,289.1386,-33.5243,289.1387,-33.5243,289.1367,-33.5217,0.0,-0.0,0.0007,-0.008
94858.0,289.5318,-53.3836,289.5319,-53.3836,289.5392,-53.3867,0.0,-0.0,0.0025,-0.0058
94481.0,288.4449,39.1478,288.4448,39.1478,288.4396,39.1461,0.0,0.0,0.0018,0.0044
94598.0,288.7582,20.2073,288.7581,20.2073,288.7608,20.2033,0.0,0.0,0.0009,0.0196
94624.0,288.84,15.0855,288.8399,15.0855,288.8338,15.0836,0.0,0.0,0.0022,0.0125
94620.0,288.8209,21.2327,288.8208,21.2327,288.8225,21.2322,0.0,0.0,0.0006,0.0025
94630.0,288.848,30.5234,288.848,30.5234,288.8533,30.5264,0.0,0.0,0.0018,0.0098
94727.0,289.1284,4.831,289.1284,4.831,289.1292,4.8347,0.0,0.0001,0.0003,0.0761
94820.0,289.4093,-18.9541,289.4093,-18.9541,289.4088,-18.9531,0.0,-0.0,0.0002,-0.0057
94679.0,288.9938,27.4565,288.9937,27.4565,288.9875,27.4556,0.0,0.0,0.0022,0.0033
94703.0,289.0535,21.3899,289.0534,21.3899,289.0542,21.3903,0.0,0.0,0.0002,0.0018
94720.0,289.1063,14.5436,289.1063,14.5436,289.1117,14.5447,0.0,0.0,0.0019,0.0075
94685.0,288.9946,27.923,288.9946,27.923,288.9975,27.9269,0.0,0.0,0.001,0.0142
94490.0,288.4779,57.7062,288.4777,57.7062,288.48,57.705,0.0001,0.0,0.0007,0.002
94376.0,288.1208,67.6578,288.1206,67.6578,288.1388,67.6617,0.0001,0.0,0.0062,0.0057
94623.0,288.8341,50.0696,288.834,50.0696,288.8304,50.0708,0.0,0.0,0.0013,0.0025
94083.0,287.2913,76.5609,287.291,76.5609,287.2908,76.5606,0.0001,0.0,0.0002,0.0004
94833.0,289.4512,2.0312,289.4512,2.0312,289.4508,2.0317,0.0,0.0002,0.0001,0.0249
94713.0,289.0963,38.1339,289.0962,38.1339,289.0921,38.1336,0.0,0.0,0.0015,0.0007
94834.0,289.4581,11.5929,289.4581,11.5929,289.4542,11.5953,0.0,0.0,0.0014,0.0206
94986.0,289.9114,-35.4196,289.9114,-35.4196,289.9167,-35.4214,0.0,-0.0,0.0018,-0.0049
94929.0,289.7484,-15.5317,289.7484,-15.5317,289.7504,-15.5364,0.0,-0.0,0.0007,-0.0304
94827.0,289.4359,23.0256,289.4358,23.0256,289.4317,23.0256,0.0,0.0,0.0015,0.0002
94885.0,289.6353,1.083,289.6353,1.083,289.6354,1.0853,0.0,0.0004,0.0,0.2061
95369.0,291.0122,-68.3666,291.0124,-68.3666,291.0225,-68.3711,0.0001,-0.0,0.0035,-0.0065
94755.0,289.2161,46.9916,289.2159,46.9916,289.2142,46.9992,0.0,0.0,0.0007,0.0162
95054.0,290.1057,-31.8158,290.1057,-31.8158,290.1092,-31.8178,0.0,-0.0,0.0012,-0.0062
94852.0,289.5047,31.0263,289.5047,31.0263,289.5033,31.0222,0.0,0.0,0.0005,0.0133
94916.0,289.7174,9.6147,289.7174,9.6147,289.7196,9.6181,0.0,0.0,0.0007,0.0354
94910.0,289.6983,19.6101,289.6982,19.6101,289.7021,19.6106,0.0,0.0,0.0013,0.0023
95077.0,290.1579,-22.4043,290.1579,-22.4043,290.1588,-22.4025,0.0,-0.0,0.0003,-0.0081
94779.0,289.2798,53.3657,289.2797,53.3657,289.2758,53.3686,0.0001,0.0,0.0014,0.0055
95261.0,290.7173,-54.4244,290.7174,-54.4244,290.7129,-54.4236,0.0,-0.0,0.0015,-0.0014
95149.0,290.3686,-34.9855,290.3686,-34.9855,290.3746,-34.9839,0.0,-0.0,0.0021,-0.0047
94982.0,289.9158,12.3742,289.9158,12.3742,289.9138,12.3747,0.0,0.0,0.0007,0.0045
95002.0,289.9681,11.532,289.968,11.532,289.9708,11.535,0.0,0.0,0.001,0.0264
95066.0,290.1324,-5.419,290.1324,-5.419,290.1371,-5.4158,0.0,-0.0001,0.0016,-0.0593
94934.0,289.7651,33.3905,289.765,33.3905,289.7658,33.3889,0.0,0.0,0.0002,0.0048
95241.0,290.6616,-44.4626,290.6617,-44.4626,290.6596,-44.4589,0.0,-0.0,0.0007,-0.0084
94932.0,289.756,37.4392,289.7559,37.4392,289.755,37.4453,0.0,0.0,0.0003,0.0161
95159.0,290.4007,-19.2355,290.4007,-19.2355,290.4046,-19.2342,0.0,-0.0,0.0014,-0.0068
95168.0,290.4213,-17.8461,290.4213,-17.8461,290.4183,-17.8472,0.0,-0.0,0.001,-0.0065
94890.0,289.6517,49.5685,289.6516,49.5685,289.6571,49.5697,0.0,0.0,0.0019,0.0025
95176.0,290.4278,-15.9521,290.4278,-15.9521,290.4317,-15.955,0.0,-0.0,0.0013,-0.0181
95294.0,290.795,-44.8006,290.795,-44.8006,290.805,-44.7997,0.0,-0.0,0.0035,-0.002
95188.0,290.4569,-18.3069,290.4569,-18.3069,290.4621,-18.3083,0.0,-0.0,0.0018,-0.0079
94981.0,289.9157,37.3341,289.9156,37.3341,289.9121,37.3306,0.0,0.0,0.0012,0.0096
95067.0,290.1412,35.185,290.1411,35.185,290.1379,35.1861,0.0,0.0,0.0011,0.0031
95219.0,290.5857,-8.1966,290.5857,-8.1966,290.5862,-8.2011,0.0,-0.0001,0.0002,-0.0553
95347.0,290.9716,-40.6172,290.9716,-40.6172,290.9717,-40.6161,0.0,-0.0,0.0,-0.0027
95396.0,291.088,-43.7223,291.0881,-43.7223,291.0892,-43.7231,0.0,-0.0,0.0004,-0.0017
94974.0,289.9094,54.3756,289.9093,54.3756,289.9021,54.3761,0.0001,0.0,0.0025,0.001
94648.0,288.8911,73.3527,288.8908,73.3527,288.8875,73.3556,0.0001,0.0,0.0013,0.0039
95281.0,290.7697,-7.3983,290.7696,-7.3983,290.7692,-7.4003,0.0,-0.0001,0.0002,-0.0271
95253.0,290.7051,9.9125,290.7051,9.9125,290.7017,9.9131,0.0,0.0001,0.0012,0.0056
95408.0,291.1262,-27.8616,291.1262,-27.8616,291.1254,-27.8656,0.0,-0.0,0.0003,-0.0142
95038.0,290.069,57.6423,290.0689,57.6423,290.0671,57.6453,0.0001,0.0,0.0007,0.0052
95287.0,290.7855,14.9154,290.7854,14.9154,290.7842,14.9211,0.0,0.0,0.0005,0.0384
95260.0,290.7126,26.2628,290.7126,26.2628,290.7121,26.2625,0.0,0.0,0.0002,0.001
95235.0,290.6361,33.523,290.636,33.523,290.6392,33.5181,0.0,0.0,0.001,0.0148
95456.0,291.2636,-29.303,291.2636,-29.303,291.2671,-29.3092,0.0,-0.0,0.0012,-0.0212
94993.0,289.9422,64.3869,289.942,64.3869,289.9421,64.3908,0.0001,0.0,0.0,0.0061
95477.0,291.3126,-24.5071,291.3126,-24.5071,291.3188,-24.5086,0.0,-0.0,0.0021,-0.0062
95503.0,291.3686,-23.9621,291.3686,-23.9621,291.3738,-23.9622,0.0,-0.0,0.0018,-0.0004
95340.0,290.947,20.2652,290.9469,20.2652,290.9454,20.2644,0.0,0.0,0.0005,0.0036
95143.0,290.3582,57.7652,290.3581,57.7652,290.3558,57.7669,0.0001,0.0,0.0008,0.003
95453.0,291.2548,-4.8876,291.2548,-4.8876,291.2567,-4.8842,0.0,-0.0001,0.0006,-0.0697
95485.0,291.3348,-13.8957,291.3348,-13.8957,291.34,-13.8969,0.0,-0.0,0.0018,-0.0087
95319.0,290.8918,33.2148,290.8917,33.2148,290.8917,33.2222,0.0,0.0,0.0,0.0224
95398.0,291.088,16.9382,291.088,16.9382,291.0921,16.9378,0.0,0.0,0.0014,0.0023
95690.0,291.9513,-54.327,291.9514,-54.3269,291.9504,-54.3253,0.0,-0.0,0.0003,-0.0031
95081.0,290.1666,65.7183,290.1664,65.7183,290.1671,65.7147,0.0001,0.0,0.0002,0.0055
95372.0,291.0264,29.6195,291.0263,29.6195,291.0317,29.6214,0.0,0.0,0.0018,0.0063
95447.0,291.231,11.937,291.2309,11.937,291.2425,11.9444,0.0,0.0001,0.004,0.0622
95400.0,291.0906,28.087,291.0906,28.087,291.0933,28.0878,0.0,0.0,0.0009,0.0029
95564.0,291.5833,-21.7802,291.5833,-21.7802,291.58,-21.7767,0.0,-0.0,0.0011,-0.0163
95370.0,291.0267,36.4457,291.0266,36.4457,291.0254,36.4519,0.0,0.0,0.0004,0.017
95501.0,291.3739,3.1165,291.3739,3.1165,291.3746,3.1147,0.0,0.0002,0.0002,0.0577
95557.0,291.545,-15.049,291.545,-15.049,291.5462,-15.0531,0.0,-0.0,0.0004,-0.0272
95574.0,291.6008,-14.5508,291.6008,-14.5508,291.6025,-14.5511,0.0,-0.0,0.0006,-0.0022
95619.0,291.7379,-29.7394,291.738,-29.7394,291.7354,-29.7433,0.0,-0.0,0.0009,-0.0132
95306.0,290.851,50.2717,290.8509,50.2717,290.8492,50.2714,0.0,0.0,0.0006,0.0007
95352.0,290.9813,43.3922,290.9811,43.3922,290.9854,43.3881,0.0,0.0,0.0014,0.0095
95999.0,292.7992,-68.4301,292.7994,-68.4301,292.7954,-68.4339,0.0001,-0.0,0.0013,-0.0055
95487.0,291.3382,20.2725,291.3381,20.2725,291.3433,20.2714,0.0,0.0,0.0018,0.0055
95498.0,291.371,19.802,291.3709,19.802,291.3692,19.7986,0.0,0.0,0.0006,0.0171
95492.0,291.3548,24.9193,291.3547,24.9194,291.3575,24.9128,0.0,0.0,0.0009,0.0264
95866.0,292.4621,-55.4393,292.4622,-55.4393,292.4692,-55.4414,0.0,-0.0,0.0024,-0.0038
95572.0,291.599,13.0263,291.599,13.0263,291.6004,13.0239,0.0,0.0001,0.0005,0.0187
95560.0,291.5518,20.0964,291.5518,20.0965,291.555,20.0978,0.0,0.0,0.0011,0.0066
95582.0,291.6165,19.8933,291.6165,19.8933,291.6196,19.8914,0.0,0.0,0.001,0.0094
95823.0,292.3472,-43.4484,292.3472,-43.4484,292.3496,-43.4458,0.0,-0.0,0.0008,-0.006
95932.0,292.64,-55.1136,292.6401,-55.1136,292.6437,-55.11,0.0,-0.0,0.0013,-0.0066
84535.0,259.2161,89.0396,259.2116,89.0396,259.2367,89.0378,0.0017,0.0,0.0079,0.0021
95556.0,291.5421,36.3136,291.542,36.3136,291.5379,36.3178,0.0,0.0,0.0014,0.0116
95664.0,291.889,14.2832,291.889,14.2832,291.8912,14.2825,0.0,0.0001,0.0008,0.0046
95732.0,292.0908,2.9308,292.0907,2.9308,292.0867,2.9303,0.0,0.0003,0.0014,0.0176
95865.0,292.4632,-26.9868,292.4632,-26.9868,292.4675,-26.9856,0.0,-0.0,0.0015,-0.0048
95905.0,292.5581,-32.0888,292.5581,-32.0888,292.5613,-32.0922,0.0,-0.0,0.0011,-0.0106
95793.0,292.2527,1.949,292.2526,1.949,292.2542,1.9503,0.0,0.0004,0.0005,0.0657
95520.0,291.4425,58.0267,291.4423,58.0267,291.4446,58.0272,0.0001,0.0,0.0007,0.0009
95820.0,292.342,-7.0423,292.3419,-7.0422,292.3396,-7.0439,0.0,-0.0001,0.0008,-0.0232
95673.0,291.9009,37.9378,291.9008,37.9378,291.9021,37.9411,0.0,0.0,0.0004,0.0088
95771.0,292.1794,24.6649,292.1794,24.6649,292.1762,24.665,0.0,0.0,0.0011,0.0005
95785.0,292.2421,24.7703,292.2421,24.7703,292.2375,24.7686,0.0,0.0,0.0016,0.0067
95822.0,292.3433,14.5902,292.3433,14.5902,292.3421,14.5958,0.0,0.0001,0.0004,0.0385
95656.0,291.8555,52.3178,291.8553,52.3178,291.8579,52.3206,0.0,0.0,0.0008,0.0053
95818.0,292.3352,20.2777,292.3352,20.2777,292.3371,20.2797,0.0,0.0,0.0006,0.0098
95965.0,292.7308,-21.3101,292.7308,-21.3101,292.725,-21.3122,0.0,-0.0,0.002,-0.0101
96141.0,293.2223,-53.1818,293.2224,-53.1818,293.2242,-53.1858,0.0,-0.0,0.0006,-0.0075
95898.0,292.542,2.9064,292.5419,2.9064,292.5438,2.9042,0.0,0.0003,0.0006,0.0762
95576.0,291.5981,62.5553,291.5979,62.5553,291.6104,62.5572,0.0001,0.0,0.0042,0.003
95937.0,292.6708,-2.7869,292.6707,-2.7869,292.6658,-2.7889,0.0,-0.0003,0.0017,-0.0699
95929.0,292.6329,3.442,292.6329,3.442,292.6379,3.4444,0.0,0.0003,0.0017,0.0723
96178.0,293.3411,-45.2728,293.3412,-45.2727,293.34,-45.2719,0.0,-0.0,0.0004,-0.0018
95947.0,292.6821,27.9593,292.682,27.9593,292.6804,27.9597,0.0,0.0,0.0006,0.0016
95951.0,292.6875,27.968,292.6874,27.968,292.6887,27.9653,0.0,0.0,0.0004,0.0099
95953.0,292.6978,36.2227,292.6977,36.2227,292.6954,36.2286,0.0,0.0,0.0008,0.0164
95853.0,292.4236,51.7286,292.4235,51.7286,292.4262,51.7297,0.0,0.0,0.0009,0.0022
96016.0,292.8348,26.6151,292.8347,26.6151,292.8408,26.6172,0.0,0.0,0.0021,0.0081
96234.0,293.5416,-40.0321,293.5416,-40.0321,293.5354,-40.0347,0.0,-0.0,0.0021,-0.0065
95167.0,290.4239,79.6038,290.4234,79.6038,290.4175,79.6028,0.0002,0.0,0.0022,0.0013
96341.0,293.807,-48.1028,293.8071,-48.1027,293.8042,-48.0992,0.0,-0.0,0.001,-0.0075
94604.0,288.7655,83.4657,288.7647,83.4657,288.7825,83.4628,0.0003,0.0,0.0059,0.0034
96052.0,292.9408,34.4511,292.9407,34.4511,292.9429,34.4531,0.0,0.0,0.0007,0.0056
96014.0,292.8315,50.3024,292.8314,50.3024,292.8304,50.3067,0.0,0.0,0.0004,0.0085
96003.0,292.8113,55.7279,292.8111,55.7279,292.8067,55.7319,0.0001,0.0,0.0016,0.0072
96229.0,293.5179,7.3763,293.5179,7.3763,293.5225,7.3789,0.0,0.0001,0.0016,0.0351
96327.0,293.7822,-10.5624,293.7822,-10.5624,293.7804,-10.5603,0.0,-0.0001,0.0006,-0.0205
96406.0,294.0057,-24.7148,294.0057,-24.7148,294.0071,-24.7192,0.0,-0.0,0.0005,-0.0175
96356.0,293.8781,-7.4569,293.8781,-7.4569,293.8742,-7.4603,0.0,-0.0001,0.0014,-0.0452
96365.0,293.893,-12.25,293.893,-12.2499,293.89,-12.2528,0.0,-0.0001,0.001,-0.0231
96734.0,294.9576,-66.6807,294.9578,-66.6807,294.9671,-66.6856,0.0001,-0.0,0.0032,-0.0072
96195.0,293.4033,38.7624,293.4032,38.7625,293.4017,38.7622,0.0,0.0,0.0005,0.0006
96275.0,293.6431,19.7729,293.6431,19.7729,293.6454,19.7733,0.0,0.0001,0.0008,0.0024
96351.0,293.8562,2.9065,293.8562,2.9065,293.855,2.9133,0.0,0.0004,0.0004,0.2363
96440.0,294.1097,-18.8542,294.1097,-18.8542,294.1088,-18.8528,0.0,-0.0001,0.0003,-0.0076
96465.0,294.1798,-24.8873,294.1799,-24.8873,294.1767,-24.8836,0.0,-0.0,0.0011,-0.0149
96302.0,293.7088,29.4668,293.7087,29.4668,293.7121,29.4631,0.0,0.0,0.0011,0.0125
96198.0,293.4221,49.2631,293.4219,49.2631,293.4233,49.2625,0.0,0.0,0.0004,0.0013
96496.0,294.2655,-18.2347,294.2655,-18.2346,294.2637,-18.2311,0.0,-0.0001,0.0006,-0.0194
96288.0,293.6682,42.409,293.6681,42.409,293.6717,42.4128,0.0,0.0,0.0012,0.0089
96483.0,294.2253,-7.0298,294.2253,-7.0298,294.2229,-7.0275,0.0,-0.0002,0.0008,-0.0327
96468.0,294.1856,-1.2866,294.1855,-1.2866,294.1804,-1.2864,0.0,-0.0009,0.0017,-0.0141
96164.0,293.2946,60.1594,293.2945,60.1594,293.2921,60.1586,0.0001,0.0,0.0009,0.0013
96428.0,294.0685,14.39,294.0684,14.39,294.0658,14.3917,0.0,0.0001,0.0009,0.0114
95978.0,292.7657,70.9876,292.7654,70.9876,292.7508,70.9894,0.0001,0.0,0.0051,0.0026
96258.0,293.5783,51.2352,293.5782,51.2352,293.5825,51.2367,0.0,0.0,0.0014,0.0029
96417.0,294.0365,22.5902,294.0364,22.5902,294.0346,22.5858,0.0,0.0,0.0006,0.0191
96286.0,293.6621,48.1701,293.662,48.1701,293.6662,48.1647,0.0,0.0,0.0014,0.0112
96536.0,294.3917,-14.297,294.3917,-14.297,294.3933,-14.3017,0.0,-0.0001,0.0005,-0.0327
96882.0,295.4028,-65.8566,295.403,-65.8566,295.4062,-65.8542,0.0001,-0.0,0.0012,-0.0037
96481.0,294.2218,11.2741,294.2217,11.2741,294.2188,11.2733,0.0,0.0001,0.001,0.0066
96387.0,293.9485,36.9459,293.9484,36.9459,293.9512,36.9444,0.0,0.0,0.0009,0.004
96458.0,294.1557,20.3288,294.1557,20.3288,294.1571,20.3328,0.0,0.0001,0.0005,0.0197
96781.0,295.0714,-54.4131,295.0715,-54.4131,295.0763,-54.4175,0.0,-0.0,0.0016,-0.0081
96556.0,294.4457,-4.6438,294.4457,-4.6437,294.4471,-4.6475,0.0,-0.0002,0.0005,-0.0807
96721.0,294.9277,-45.2774,294.9277,-45.2773,294.925,-45.2781,0.0,-0.0,0.0009,-0.0015
96100.0,293.0695,69.6801,293.0692,69.6801,293.09,69.6611,0.0001,0.0,0.007,0.0272
96516.0,294.3257,16.4586,294.3257,16.4586,294.3225,16.4628,0.0,0.0001,0.0011,0.0252
96396.0,293.9822,50.2419,293.9821,50.2419,293.9829,50.2386,0.0,0.0,0.0002,0.0066
96503.0,294.2932,29.3339,294.2931,29.3339,294.2892,29.3336,0.0,0.0,0.0014,0.0011
96491.0,294.2336,38.3857,294.2335,38.3857,294.2358,38.3839,0.0,0.0,0.0008,0.0046
96459.0,294.1567,44.6988,294.1566,44.6988,294.1579,44.695,0.0,0.0,0.0004,0.0084
96441.0,294.1013,50.2157,294.1012,50.2157,294.1104,50.2211,0.0,0.0,0.0031,0.0108
96729.0,294.9612,-23.4272,294.9612,-23.4272,294.9558,-23.4278,0.0,-0.0001,0.0018,-0.0024
96630.0,294.7023,3.3859,294.7023,3.3859,294.7042,3.3817,0.0,0.0003,0.0006,0.1259
96601.0,294.5758,20.7846,294.5758,20.7846,294.5729,20.7828,0.0,0.0001,0.001,0.0088
96760.0,295.0295,-23.4319,295.0295,-23.4319,295.0296,-23.4286,0.0,-0.0001,0.0,-0.0139
96665.0,294.7989,5.4006,294.7988,5.4007,294.7983,5.3978,0.0,0.0002,0.0002,0.0532
96688.0,294.8589,16.5729,294.8589,16.5729,294.8558,16.5714,0.0,0.0001,0.0011,0.0089
96808.0,295.1788,-16.2917,295.1788,-16.2917,295.1808,-16.2933,0.0,-0.0001,0.0007,-0.01
96572.0,294.478,49.2833,294.4779,49.2833,294.4863,49.2844,0.0,0.0,0.0028,0.0024
96683.0,294.8446,30.1521,294.8445,30.1521,294.8442,30.1533,0.0,0.0,0.0001,0.0041
96724.0,294.9388,33.9739,294.9387,33.9739,294.9375,33.9792,0.0,0.0,0.0004,0.0155
96789.0,295.1142,20.477,295.1141,20.477,295.1179,20.4767,0.0,0.0001,0.0013,0.0015
96693.0,294.8611,42.8168,294.861,42.8168,294.8604,42.8183,0.0,0.0,0.0002,0.0036
96620.0,294.6789,54.9707,294.6787,54.9707,294.6717,54.9739,0.0001,0.0,0.0024,0.0058
96801.0,295.163,23.7168,295.163,23.7168,295.1654,23.7175,0.0,0.0001,0.0008,0.0029
96840.0,295.2738,13.817,295.2738,13.817,295.2729,13.8156,0.0,0.0001,0.0003,0.0106
96706.0,294.8854,45.9565,294.8852,45.9565,294.8933,45.9581,0.0,0.0,0.0027,0.0034
96837.0,295.2621,17.4794,295.262,17.4794,295.2621,17.4761,0.0,0.0001,0.0,0.019
96950.0,295.6331,-16.121,295.633,-16.121,295.6296,-16.1239,0.0,-0.0001,0.0012,-0.0177
96856.0,295.3089,22.4557,295.3089,22.4557,295.3121,22.4528,0.0,0.0001,0.0011,0.0129
97067.0,295.9033,-37.5411,295.9033,-37.5411,295.9067,-37.5389,0.0,-0.0,0.0011,-0.006
96805.0,295.172,43.0751,295.1719,43.0751,295.1717,43.0778,0.0,0.0,0.0001,0.0062
96931.0,295.5498,12.1921,295.5497,12.1921,295.5533,12.1933,0.0,0.0001,0.0012,0.0102
98086.0,299.0005,-81.3493,299.001,-81.3493,299.0062,-81.3497,0.0002,-0.0,0.0019,-0.0006
96825.0,295.2056,45.5195,295.2055,45.5196,295.2092,45.525,0.0,0.0,0.0012,0.012
97063.0,295.8869,-15.4715,295.8869,-15.4715,295.8896,-15.47,0.0,-0.0001,0.0009,-0.0098
96957.0,295.6422,11.8219,295.6422,11.8219,295.6417,11.8267,0.0,0.0001,0.0002,0.0407
97534.0,297.3432,-72.5015,297.3434,-72.5014,297.3554,-72.5033,0.0001,-0.0,0.0041,-0.0026
96907.0,295.4938,40.2541,295.4937,40.2541,295.4896,40.2539,0.0,0.0,0.0014,0.0006
96771.0,295.0524,60.5083,295.0522,60.5083,295.0542,60.5072,0.0001,0.0,0.0006,0.0018
96988.0,295.6998,29.3316,295.6997,29.3316,295.7046,29.3317,0.0,0.0,0.0016,0.0003
96977.0,295.6838,32.4263,295.6837,32.4263,295.6858,32.4267,0.0,0.0,0.0007,0.0012
96895.0,295.4611,50.5231,295.4609,50.5232,295.4538,50.5253,0.0,0.0,0.0025,0.0042
96901.0,295.4751,50.5186,295.475,50.5186,295.4667,50.5175,0.0,0.0,0.0029,0.0022
97028.0,295.7881,30.6783,295.788,30.6783,295.7896,30.6786,0.0,0.0,0.0005,0.001
97077.0,295.9246,25.7745,295.9245,25.7745,295.9288,25.7719,0.0,0.0001,0.0014,0.01
97260.0,296.5077,-31.91,296.5078,-31.91,296.505,-31.9086,0.0,-0.0,0.0009,-0.0043
97091.0,295.9876,27.1373,295.9875,27.1373,295.9829,27.1356,0.0,0.0,0.0016,0.0063
96919.0,295.5218,55.4674,295.5216,55.4674,295.5171,55.4633,0.0001,0.0,0.0016,0.0073
97421.0,297.0094,-56.3616,297.0095,-56.3616,297.005,-56.3625,0.0,-0.0,0.0015,-0.0015
97139.0,296.1456,13.3044,296.1456,13.3044,296.1421,13.3028,0.0,0.0001,0.0012,0.0124
97087.0,295.964,34.1601,295.9639,34.1601,295.9642,34.1625,0.0,0.0,0.0001,0.0071
97569.0,297.4687,-66.8092,297.4688,-66.8092,297.4721,-66.8128,0.0001,-0.0,0.0011,-0.0054
97081.0,295.9423,41.7705,295.9422,41.7705,295.9375,41.7731,0.0,0.0,0.0016,0.0062
97290.0,296.5912,-19.7605,296.5912,-19.7605,296.5904,-19.7611,0.0,-0.0001,0.0003,-0.0031
97118.0,296.0735,37.3528,296.0734,37.3528,296.0692,37.3544,0.0,0.0,0.0015,0.0045
97150.0,296.1988,29.2666,296.1987,29.2666,296.2029,29.2647,0.0,0.0,0.0014,0.0063
97229.0,296.4189,7.6109,296.4188,7.6109,296.4162,7.6133,0.0,0.0002,0.0009,0.0317
97142.0,296.1528,34.4151,296.1528,34.4151,296.1592,34.4139,0.0,0.0,0.0021,0.0035
97491.0,297.2205,-52.8894,297.2206,-52.8894,297.2296,-52.8881,0.0,-0.0,0.0031,-0.0026
97674.0,297.7591,-65.6002,297.7592,-65.6002,297.7554,-65.605,0.0,-0.0,0.0012,-0.0073
97278.0,296.5659,10.6173,296.5658,10.6173,296.565,10.6133,0.0,0.0001,0.0003,0.0369
97070.0,295.9083,57.0423,295.9082,57.0423,295.915,57.0425,0.0001,0.0,0.0023,0.0004
97611.0,297.5954,-61.0649,297.5955,-61.0648,297.5904,-61.0614,0.0,-0.0,0.0017,-0.0057
97165.0,296.2478,45.1297,296.2477,45.1298,296.2438,45.1308,0.0,0.0,0.0014,0.0024
97228.0,296.4165,36.0902,296.4164,36.0902,296.415,36.0911,0.0,0.0,0.0005,0.0024
97646.0,297.6868,-59.1967,297.6869,-59.1967,297.6867,-59.1931,0.0,-0.0,0.0,-0.0062
97423.0,297.0129,-13.705,297.0129,-13.705,297.0125,-13.7033,0.0,-0.0001,0.0001,-0.0122
97319.0,296.6655,25.1335,296.6654,25.1335,296.6646,25.1339,0.0,0.0001,0.0003,0.0015
97295.0,296.6001,33.733,296.6,33.733,296.6067,33.7278,0.0,0.0,0.0022,0.0154
97307.0,296.6443,32.8948,296.6442,32.8948,296.6458,32.8886,0.0,0.0,0.0005,0.0188
97365.0,296.8456,18.5387,296.8455,18.5387,296.8471,18.5342,0.0,0.0001,0.0005,0.0242
97598.0,297.5605,-47.5615,297.5606,-47.5615,297.5575,-47.5572,0.0,-0.0,0.001,-0.0089
97515.0,297.2981,-28.7849,297.2981,-28.7848,297.2983,-28.7889,0.0,-0.0001,0.0001,-0.014
97402.0,296.956,25.3854,296.956,25.3855,296.9525,25.3839,0.0,0.0001,0.0012,0.0061
97499.0,297.2587,-10.8742,297.2587,-10.8742,297.2592,-10.8708,0.0,-0.0001,0.0002,-0.0314
97454.0,297.1245,10.6944,297.1245,10.6945,297.1267,10.6942,0.0,0.0001,0.0007,0.0026
97376.0,296.8679,38.402,296.8678,38.402,296.8658,38.4075,0.0,0.0,0.0007,0.0144
97473.0,297.1771,11.8175,297.1771,11.8175,297.1754,11.8158,0.0,0.0001,0.0006,0.014
97122.0,296.083,69.3316,296.0827,69.3316,296.0771,69.3369,0.0001,0.0,0.002,0.0077
97496.0,297.2404,19.1412,297.2404,19.1412,297.2446,19.1422,0.0,0.0001,0.0014,0.0052
97372.0,296.857,47.9069,296.8569,47.9069,296.8617,47.9078,0.0,0.0,0.0016,0.0018
97816.0,298.1545,-54.9674,298.1546,-54.9674,298.1567,-54.9711,0.0,-0.0,0.0007,-0.0067
97819.0,298.1707,-54.9768,298.1708,-54.9768,298.1625,-54.9767,0.0,-0.0,0.0027,-0.0003
97477.0,297.1842,35.3079,297.1841,35.308,297.1829,35.3114,0.0,0.0,0.0004,0.0098
97485.0,297.2132,33.4376,297.2131,33.4376,297.2108,33.4372,0.0,0.0,0.0008,0.001
97749.0,297.9581,-39.8724,297.9581,-39.8724,297.9608,-39.8744,0.0,-0.0,0.0009,-0.0051
97650.0,297.6957,-10.7608,297.6957,-10.7608,297.695,-10.7636,0.0,-0.0001,0.0003,-0.0261
97607.0,297.5751,7.8998,297.5751,7.8998,297.5729,7.9025,0.0,0.0002,0.0007,0.034
97538.0,297.3578,38.7094,297.3577,38.7094,297.3646,38.71,0.0,0.0,0.0023,0.0015
97572.0,297.4741,28.4424,297.4741,28.4424,297.4775,28.4406,0.0,0.0001,0.0011,0.0065
97649.0,297.6946,8.8644,297.6945,8.8644,297.6958,8.8683,0.0,0.0002,0.0004,0.0449
97971.0,298.6684,-61.1684,298.6685,-61.1683,298.6683,-61.1708,0.0,-0.0,0.0,-0.004
97687.0,297.7911,-2.4613,297.7911,-2.4613,297.7962,-2.4608,0.0,-0.0007,0.0017,-0.0186
97675.0,297.7519,10.4238,297.7519,10.4238,297.7567,10.4156,0.0,0.0002,0.0016,0.0791
97783.0,298.0507,-19.0481,298.0507,-19.0481,298.05,-19.045,0.0,-0.0001,0.0002,-0.0163
97697.0,297.8215,9.6338,297.8215,9.6338,297.8238,9.6303,0.0,0.0002,0.0008,0.0367
97326.0,296.682,68.4414,296.6818,68.4414,296.6862,68.4383,0.0001,0.0,0.0014,0.0044
97629.0,297.6383,32.9171,297.6382,32.9171,297.6412,32.9142,0.0,0.0,0.001,0.0089
97679.0,297.7687,22.6051,297.7686,22.6051,297.7671,22.61,0.0,0.0001,0.0005,0.0216
97630.0,297.6451,38.7178,297.645,38.7179,297.6417,38.7225,0.0,0.0,0.0012,0.012
97634.0,297.6617,40.6021,297.6616,40.6021,297.6554,40.5997,0.0,0.0,0.0021,0.0059
97651.0,297.6911,37.8232,297.691,37.8232,297.6958,37.8264,0.0,0.0,0.0016,0.0085
97767.0,298.0209,11.6304,298.0208,11.6304,298.0146,11.6289,0.0,0.0001,0.0021,0.0129
97849.0,298.2791,-14.6081,298.2791,-14.6081,298.2767,-14.6031,0.0,-0.0001,0.0008,-0.0347
97787.0,298.0617,10.3525,298.0617,10.3525,298.065,10.3514,0.0,0.0002,0.0011,0.011
97765.0,298.0054,24.9876,298.0053,24.9876,298.0067,24.9922,0.0,0.0001,0.0004,0.0186
97796.0,298.0882,18.6704,298.0881,18.6705,298.0908,18.6719,0.0,0.0001,0.0009,0.008
97871.0,298.3292,-3.1201,298.3292,-3.1201,298.3279,-3.1144,0.0,-0.0005,0.0004,-0.1826
97635.0,297.6524,52.9899,297.6522,52.9899,297.6571,52.9881,0.0,0.0,0.0016,0.0035
97700.0,297.8326,47.3791,297.8325,47.3791,297.8308,47.3772,0.0,0.0,0.0006,0.004
97944.0,298.5736,-23.934,298.5736,-23.934,298.5737,-23.9411,0.0,-0.0001,0.0001,-0.0296
98332.0,299.6708,-69.1588,299.671,-69.1588,299.6721,-69.1639,0.0001,-0.0,0.0004,-0.0073
97877.0,298.3456,4.4018,298.3456,4.4018,298.3442,4.4006,0.0,0.0004,0.0005,0.0282
98032.0,298.8125,-41.867,298.8126,-41.867,298.8154,-41.8683,0.0,-0.0,0.001,-0.0031
97433.0,297.0397,70.2672,297.0395,70.2672,297.0433,70.2678,0.0001,0.0,0.0012,0.0009
97789.0,298.0684,36.4359,298.0683,36.4359,298.0679,36.4322,0.0,0.0,0.0002,0.0102
97928.0,298.5322,-8.5709,298.5322,-8.5709,298.5342,-8.5742,0.0,-0.0002,0.0006,-0.0376
98012.0,298.7731,-33.0483,298.7731,-33.0483,298.7712,-33.0464,0.0,-0.0001,0.0006,-0.0057
98163.0,299.2407,-57.9236,299.2408,-57.9236,299.2404,-57.9256,0.0,-0.0,0.0001,-0.0033
98174.0,299.2822,-58.8984,299.2823,-58.8984,299.2758,-58.9014,0.0,-0.0,0.0021,-0.0051
98346.0,299.7111,-68.7625,299.7112,-68.7625,299.7208,-68.7622,0.0001,-0.0,0.0033,-0.0004
97757.0,297.9962,47.0241,297.9961,47.0241,297.9963,47.0275,0.0,0.0,0.0,0.0072
97774.0,298.0356,47.9333,298.0355,47.9333,298.03,47.9319,0.0,0.0,0.0019,0.0028
97886.0,298.3696,24.0795,298.3695,24.0795,298.3654,24.0797,0.0,0.0001,0.0014,0.0009
97966.0,298.6556,-8.228,298.6556,-8.2279,298.6567,-8.2272,0.0,-0.0002,0.0004,-0.0089
97967.0,298.6605,-8.2409,298.6604,-8.2409,298.6588,-8.2372,0.0,-0.0002,0.0006,-0.0446
97938.0,298.5564,8.4614,298.5564,8.4614,298.5621,8.4614,0.0,0.0002,0.0019,0.0004
98066.0,298.9549,-26.3038,298.9549,-26.3038,298.96,-26.2994,0.0,-0.0001,0.0017,-0.0167
97970.0,298.6724,7.1413,298.6724,7.1413,298.6679,7.1403,0.0,0.0002,0.0015,0.0143
98038.0,298.8347,-6.7321,298.8347,-6.7321,298.8317,-6.7342,0.0,-0.0003,0.001,-0.0306
97845.0,298.2542,47.8062,298.2541,47.8062,298.255,47.8075,0.0,0.0,0.0003,0.0027
97961.0,298.6309,24.3212,298.6308,24.3212,298.6296,24.3194,0.0,0.0001,0.0004,0.007
98036.0,298.8261,6.4131,298.826,6.4132,298.8283,6.4067,0.0,0.0003,0.0008,0.101
98162.0,299.2374,-27.1658,299.2374,-27.1658,299.2367,-27.17,0.0,-0.0001,0.0002,-0.0154
98226.0,299.4192,-38.0615,299.4192,-38.0615,299.4221,-38.0583,0.0,-0.0,0.001,-0.0084
97985.0,298.6983,36.994,298.6982,36.9941,298.7012,36.9961,0.0,0.0,0.001,0.0056
98017.0,298.7811,30.1958,298.7811,30.1958,298.7771,30.1953,0.0,0.0001,0.0014,0.0018
97870.0,298.3178,57.5235,298.3176,57.5236,298.3225,57.5236,0.0001,0.0,0.0016,0.0001
98085.0,299.007,16.6359,299.0069,16.6359,299.0054,16.6347,0.0,0.0001,0.0005,0.007
98103.0,299.0536,11.4231,299.0536,11.4231,299.0596,11.4239,0.0,0.0002,0.002,0.0073
97892.0,298.3949,59.7031,298.3947,59.7031,298.3975,59.7089,0.0001,0.0,0.0009,0.0097
98624.0,300.4715,-66.9401,300.4716,-66.9401,300.4683,-66.9442,0.0001,-0.0,0.001,-0.006
98068.0,298.9722,38.4891,298.9721,38.4891,298.9654,38.4867,0.0,0.0,0.0023,0.0063
98258.0,299.4845,-15.4882,299.4845,-15.4881,299.4875,-15.4914,0.0,-0.0001,0.001,-0.0208
98169.0,299.2569,20.9993,299.2568,20.9993,299.2508,20.9981,0.0,0.0001,0.002,0.0059
98351.0,299.7298,-30.5382,299.7298,-30.5382,299.735,-30.5381,0.0,-0.0001,0.0017,-0.0004
98353.0,299.7409,-26.1953,299.7409,-26.1953,299.7383,-26.1956,0.0,-0.0001,0.0008,-0.0009
98055.0,298.9105,52.4441,298.9104,52.4442,298.9075,52.4389,0.0,0.0,0.001,0.01
98143.0,299.1863,36.2474,299.1862,36.2474,299.1842,36.2508,0.0,0.0001,0.0007,0.0096
98234.0,299.444,16.7914,299.444,16.7914,299.4392,16.7892,0.0,0.0001,0.0016,0.0134
98412.0,299.9356,-35.2786,299.9356,-35.2786,299.9342,-35.2764,0.0,-0.0001,0.0005,-0.0063
98421.0,299.9595,-34.6926,299.9596,-34.6926,299.9638,-34.6978,0.0,-0.0001,0.0014,-0.0149
98608.0,300.4404,-59.3739,300.4405,-59.3739,300.4362,-59.3761,0.0,-0.0,0.0014,-0.0037
98044.0,298.8398,58.2505,298.8397,58.2505,298.8421,58.2503,0.0001,0.0,0.0008,0.0004
98194.0,299.3069,40.3638,299.3068,40.3638,299.3079,40.3681,0.0,0.0,0.0004,0.0106
98146.0,299.1845,50.9027,299.1843,50.9027,299.1879,50.9025,0.0,0.0,0.0012,0.0004
98073.0,298.9811,58.844,298.9809,58.844,298.9808,58.8461,0.0001,0.0,0.0001,0.0036
98111.0,299.0815,56.6809,299.0814,56.6809,299.0792,56.6869,0.0001,0.0,0.0008,0.0106
98337.0,299.6936,19.4934,299.6935,19.4934,299.6892,19.4922,0.0,0.0001,0.0015,0.0061
98385.0,299.8465,1.3713,299.8465,1.3713,299.8446,1.3778,0.0,0.0014,0.0007,0.4732
98416.0,299.9493,-9.956,299.9493,-9.956,299.9475,-9.9583,0.0,-0.0002,0.0006,-0.0234
98253.0,299.4844,42.2638,299.4843,42.2638,299.4842,42.2608,0.0,0.0,0.0001,0.007
98579.0,300.3609,-40.8164,300.3609,-40.8163,300.36,-40.8142,0.0,-0.0,0.0003,-0.0054
98325.0,299.6558,30.9899,299.6558,30.9899,299.6583,30.9836,0.0,0.0001,0.0008,0.0203
98375.0,299.7915,23.1038,299.7914,23.1038,299.7938,23.1014,0.0,0.0001,0.0007,0.0103
98320.0,299.6424,38.1025,299.6423,38.1026,299.6433,38.1056,0.0,0.0,0.0003,0.0079
98575.0,300.3505,-22.7356,300.3505,-22.7355,300.3496,-22.7372,0.0,-0.0001,0.0003,-0.0073
98959.0,301.3587,-67.3098,301.3588,-67.3098,301.3867,-67.3208,0.0001,-0.0,0.0093,-0.0164
98383.0,299.8289,45.7721,299.8288,45.7721,299.8354,45.7722,0.0,0.0,0.0022,0.0002
98425.0,299.9776,37.0407,299.9775,37.0407,299.98,37.0428,0.0,0.0001,0.0008,0.0057
98633.0,300.4992,-13.6351,300.4991,-13.6351,300.4942,-13.6369,0.0,-0.0001,0.0017,-0.0132
98688.0,300.6599,-27.7104,300.6599,-27.7104,300.6646,-27.7097,0.0,-0.0001,0.0016,-0.0026
98379.0,299.81,52.0564,299.8099,52.0565,299.8142,52.0558,0.0,0.0,0.0014,0.0012
98761.0,300.8889,-37.9354,300.8889,-37.9354,300.8896,-37.9408,0.0,-0.0001,0.0002,-0.0144
98543.0,300.2745,27.7534,300.2744,27.7534,300.2754,27.7536,0.0,0.0001,0.0003,0.0008
98308.0,299.6168,63.5385,299.6166,63.5385,299.6196,63.5342,0.0001,0.0,0.0009,0.0069
98563.0,300.3157,37.0973,300.3156,37.0973,300.3137,37.0989,0.0,0.0001,0.0006,0.0044
98609.0,300.4372,24.8043,300.4371,24.8043,300.4362,24.8003,0.0,0.0001,0.0003,0.0162
98636.0,300.5056,24.9421,300.5055,24.9421,300.5058,24.9381,0.0,0.0001,0.0001,0.0162
98785.0,300.9374,-22.5997,300.9374,-22.5996,300.9346,-22.5956,0.0,-0.0001,0.0009,-0.0182
98842.0,301.0839,-32.0599,301.0839,-32.0598,301.0817,-32.0564,0.0,-0.0001,0.0007,-0.0108
98571.0,300.3344,50.1082,300.3342,50.1083,300.34,50.1047,0.0,0.0,0.0019,0.007
98809.0,301.008,-7.4691,301.008,-7.4691,301.005,-7.4697,0.0,-0.0003,0.001,-0.008
98738.0,300.8117,18.4995,300.8116,18.4995,300.8183,18.5006,0.0,0.0001,0.0022,0.0057
99200.0,302.0839,-66.3536,302.084,-66.3536,302.0854,-66.3547,0.0001,-0.0,0.0005,-0.0017
98754.0,300.8778,16.0319,300.8778,16.0319,300.875,16.0314,0.0,0.0001,0.0009,0.0033
99240.0,302.1362,-66.1647,302.1364,-66.1647,302.1817,-66.1819,0.0,-0.0,0.015,-0.026
98333.0,299.6704,70.3687,299.6701,70.3687,299.6746,70.3669,0.0001,0.0,0.0014,0.0025
98823.0,301.0381,7.2807,301.0381,7.2807,301.0346,7.2781,0.0,0.0003,0.0012,0.0365
98767.0,300.8932,29.9027,300.8931,29.9027,300.9058,29.8967,0.0,0.0001,0.0042,0.02
98910.0,301.2688,-11.597,301.2688,-11.597,301.2725,-11.5994,0.0,-0.0002,0.0012,-0.021
98819.0,301.0311,17.0796,301.0311,17.0796,301.0258,17.07,0.0,0.0001,0.0018,0.0563
99120.0,301.8455,-52.8825,301.8456,-52.8825,301.8467,-52.8808,0.0,-0.0,0.0004,-0.0032
98953.0,301.3624,-12.6703,301.3623,-12.6703,301.36,-12.6653,0.0,-0.0002,0.0008,-0.0398
98583.0,300.3711,64.8186,300.3709,64.8187,300.3688,64.8211,0.0001,0.0,0.0008,0.0038
98897.0,301.2472,23.2134,301.2472,23.2134,301.2442,23.2103,0.0,0.0001,0.001,0.0134
98863.0,301.1526,32.222,301.1525,32.222,301.1504,32.2186,0.0,0.0001,0.0007,0.0105
98920.0,301.2862,19.9864,301.2861,19.9864,301.2896,19.9911,0.0,0.0001,0.0011,0.0237
98954.0,301.3548,15.4975,301.3548,15.4976,301.3604,15.5003,0.0,0.0001,0.0018,0.0176
99024.0,301.5537,-4.0796,301.5537,-4.0796,301.5508,-4.0783,0.0,-0.0005,0.001,-0.0313
98658.0,300.5914,64.6303,300.5912,64.6304,300.5846,64.6344,0.0001,0.0,0.0023,0.0064
98921.0,301.2861,38.4774,301.286,38.4774,301.2908,38.4783,0.0,0.0001,0.0016,0.0024
98858.0,301.1164,48.2311,301.1163,48.2312,301.12,48.2297,0.0,0.0,0.0012,0.003
98702.0,300.715,67.8735,300.7148,67.8735,300.7046,67.8736,0.0001,0.0,0.0035,0.0001
98401.0,299.9145,76.4856,299.9141,76.4856,299.9025,76.4814,0.0001,0.0,0.004,0.0055
98915.0,301.2741,51.8374,301.2739,51.8374,301.2779,51.8394,0.0,0.0,0.0013,0.0039
99080.0,301.7248,23.6088,301.7247,23.6088,301.7225,23.6144,0.0,0.0001,0.0008,0.0239
99031.0,301.5906,35.9828,301.5905,35.9828,301.5908,35.9725,0.0,0.0001,0.0001,0.0286
99453.0,302.7885,-57.5207,302.7886,-57.5207,302.78,-57.5239,0.0,-0.0,0.0028,-0.0055
98946.0,301.3354,56.3447,301.3352,56.3447,301.3396,56.3414,0.0001,0.0,0.0014,0.0059
99158.0,301.9584,9.3953,301.9583,9.3953,301.9596,9.3997,0.0,0.0002,0.0004,0.0476
99221.0,302.1334,-10.0643,302.1334,-10.0643,302.1304,-10.0628,0.0,-0.0002,0.001,-0.0154
98872.0,301.1773,63.8906,301.1771,63.8906,301.1858,63.8906,0.0001,0.0,0.0028,0.0001
99176.0,302.0291,16.6661,302.029,16.6662,302.0271,16.6642,0.0,0.0001,0.0007,0.0118
99026.0,301.5573,53.1632,301.5572,53.1632,301.5575,53.1658,0.0,0.0,0.0001,0.005
100697.0,306.1871,-83.309,306.1877,-83.309,306.2267,-83.3106,0.0002,-0.0,0.0129,-0.0019
99145.0,301.9223,34.4209,301.9222,34.421,301.9225,34.4231,0.0,0.0001,0.0001,0.0061
99234.0,302.1583,10.7235,302.1582,10.7235,302.1596,10.7258,0.0,0.0002,0.0004,0.0222
98962.0,301.3893,61.9917,301.3891,61.9917,301.3867,61.9956,0.0001,0.0,0.0009,0.0063
99102.0,301.7916,50.2273,301.7915,50.2273,301.7979,50.2292,0.0,0.0,0.0021,0.0038
99461.0,302.7883,-36.0755,302.7883,-36.0755,302.7996,-36.1011,0.0,-0.0001,0.0037,-0.0708
98890.0,301.2262,68.0314,301.2259,68.0315,301.2221,68.0272,0.0001,0.0,0.0014,0.0062
99352.0,302.4657,20.8997,302.4656,20.8998,302.4858,20.9153,0.0,0.0001,0.0067,0.0744
99570.0,303.099,-42.781,303.0991,-42.781,303.0996,-42.7806,0.0,-0.0001,0.0002,-0.0011
99762.0,303.6091,-63.4194,303.6092,-63.4194,303.6121,-63.4158,0.0,-0.0,0.001,-0.0057
99303.0,302.3578,36.8333,302.3577,36.8333,302.3567,36.8397,0.0,0.0001,0.0004,0.0174
99457.0,302.7937,-8.841,302.7937,-8.841,302.7921,-8.8422,0.0,-0.0003,0.0005,-0.0139
99404.0,302.641,26.9041,302.6409,26.9042,302.6396,26.9042,0.0,0.0001,0.0005,0.0001
99529.0,302.9896,-12.3886,302.9896,-12.3886,302.9913,-12.3925,0.0,-0.0002,0.0005,-0.0311
99445.0,302.7651,21.1338,302.765,21.1338,302.7646,21.1347,0.0,0.0001,0.0002,0.0044
99747.0,303.5769,-52.4416,303.577,-52.4415,303.5792,-52.4456,0.0,-0.0,0.0007,-0.0076
99572.0,303.1103,-12.6132,303.1102,-12.6132,303.1079,-12.6175,0.0,-0.0002,0.0008,-0.0339
99479.0,302.843,21.8776,302.8429,21.8776,302.8379,21.8756,0.0,0.0001,0.0017,0.0095
99518.0,302.9468,26.8101,302.9467,26.8101,302.95,26.8089,0.0,0.0001,0.0011,0.0045
99531.0,303.0006,26.481,303.0005,26.481,303.0029,26.4789,0.0,0.0001,0.0008,0.008
99539.0,303.0117,47.7335,303.0116,47.7336,303.0158,47.7369,0.0,0.0,0.0014,0.0071
99825.0,303.8024,-27.0315,303.8024,-27.0315,303.8225,-27.0328,0.0,-0.0001,0.0066,-0.0046
99679.0,303.4154,24.2375,303.4154,24.2376,303.4192,24.2389,0.0,0.0001,0.0012,0.0056
99742.0,303.5654,15.1987,303.5654,15.1988,303.5692,15.1975,0.0,0.0002,0.0012,0.0082
99579.0,303.1364,51.4648,303.1363,51.4648,303.1325,51.4636,0.0,0.0,0.0013,0.0022
99500.0,302.8925,62.0815,302.8923,62.0815,302.8954,62.0786,0.0001,0.0,0.001,0.0046
99920.0,304.0946,-36.4548,304.0946,-36.4547,304.0987,-36.4544,0.0,-0.0001,0.0014,-0.0009
99926.0,304.105,-35.1965,304.105,-35.1965,304.1104,-35.1978,0.0,-0.0001,0.0018,-0.0036
99639.0,303.3208,46.8205,303.3207,46.8205,303.325,46.8158,0.0,0.0001,0.0014,0.01
99738.0,303.5631,28.6968,303.563,28.6968,303.5604,28.6947,0.0,0.0001,0.0009,0.0073
100165.0,304.7536,-63.2331,304.7537,-63.233,304.7625,-63.2311,0.0,-0.0,0.0029,-0.0031
99685.0,303.4253,43.378,303.4251,43.3781,303.4283,43.3792,0.0,0.0001,0.001,0.0026
99719.0,303.5156,36.6073,303.5155,36.6073,303.5208,36.6053,0.0,0.0001,0.0017,0.0054
99675.0,303.4076,46.7466,303.4074,46.7466,303.4079,46.7414,0.0,0.0001,0.0001,0.0111
99770.0,303.6364,36.807,303.6363,36.807,303.6333,36.8064,0.0,0.0001,0.001,0.0017
99749.0,303.5893,42.1056,303.5892,42.1056,303.59,42.1036,0.0,0.0001,0.0002,0.0046
99918.0,304.0935,-12.336,304.0935,-12.336,304.095,-12.3369,0.0,-0.0002,0.0005,-0.0078
99824.0,303.8172,25.5942,303.8172,25.5942,303.8163,25.5919,0.0,0.0001,0.0003,0.0088
99655.0,303.3466,56.5696,303.3465,56.5696,303.3496,56.5678,0.0001,0.0,0.001,0.0032
99853.0,303.8752,23.5105,303.8752,23.5105,303.8758,23.5086,0.0,0.0001,0.0002,0.0081
99663.0,303.355,60.6396,303.3548,60.6396,303.3654,60.6406,0.0001,0.0,0.0034,0.0016
99841.0,303.8473,33.7339,303.8472,33.734,303.8488,33.7294,0.0,0.0001,0.0005,0.0133
99874.0,303.9468,27.8137,303.9467,27.8137,303.9421,27.8142,0.0,0.0001,0.0015,0.0018
100151.0,304.7257,-47.7074,304.7257,-47.7074,304.7333,-47.7108,0.0,-0.0001,0.0025,-0.0072
99913.0,304.0815,21.5937,304.0814,21.5937,304.0821,21.5986,0.0,0.0001,0.0002,0.0229
100027.0,304.4084,-12.5053,304.4084,-12.5053,304.4121,-12.5083,0.0,-0.0002,0.0012,-0.0242
100062.0,304.5079,-21.8111,304.5079,-21.8111,304.5058,-21.81,0.0,-0.0001,0.0007,-0.005
100184.0,304.8143,-47.579,304.8144,-47.579,304.8246,-47.5803,0.0,-0.0001,0.0034,-0.0027
99255.0,302.2384,77.7112,302.238,77.7112,302.2221,77.7114,0.0001,0.0,0.0054,0.0003
99848.0,303.8636,47.7176,303.8635,47.7177,303.8679,47.7144,0.0,0.0001,0.0014,0.0067
99893.0,304.0219,38.9,304.0218,38.9,304.0142,38.8978,0.0,0.0001,0.0025,0.0057
99951.0,304.2024,24.6713,304.2023,24.6714,304.1962,24.6711,0.0,0.0001,0.002,0.001
100064.0,304.5149,-12.5423,304.5149,-12.5423,304.5137,-12.5447,0.0,-0.0002,0.0004,-0.019
99870.0,303.9349,50.2287,303.9348,50.2288,303.9308,50.2328,0.0,0.0,0.0013,0.008
99889.0,304.0023,45.5862,304.0022,45.5862,304.0025,45.5794,0.0,0.0001,0.0001,0.0148
99929.0,304.1158,37.0558,304.1157,37.0558,304.1175,37.0564,0.0,0.0001,0.0006,0.0016
100300.0,305.1316,-55.05,305.1317,-55.0499,305.1346,-55.0508,0.0,-0.0,0.001,-0.0016
99968.0,304.2366,40.3656,304.2365,40.3656,304.2304,40.365,0.0,0.0001,0.002,0.0015
100018.0,304.3832,29.1418,304.3831,29.1418,304.3812,29.1481,0.0,0.0001,0.0006,0.0215
100195.0,304.8497,-19.1195,304.8497,-19.1195,304.8483,-19.1186,0.0,-0.0001,0.0004,-0.0047
100016.0,304.3763,42.7253,304.3762,42.7253,304.3712,42.7219,0.0,0.0001,0.0017,0.0079
100044.0,304.4485,38.0359,304.4484,38.0359,304.4467,38.0331,0.0,0.0001,0.0006,0.0074
100288.0,305.1144,-29.1992,305.1144,-29.1992,305.1171,-29.1972,0.0,-0.0001,0.0009,-0.0069
100332.0,305.2216,-35.6715,305.2216,-35.6715,305.2162,-35.6736,0.0,-0.0001,0.0018,-0.006
100412.0,305.427,-49.9985,305.427,-49.9985,305.4208,-49.9994,0.0,-0.0001,0.002,-0.0019
100069.0,304.531,40.7328,304.5309,40.7328,304.5292,40.7322,0.0,0.0001,0.0006,0.0015
100232.0,304.9329,-1.0821,304.9329,-1.0821,304.9304,-1.0786,0.0,-0.0024,0.0008,-0.3227
100122.0,304.6626,34.9807,304.6626,34.9807,304.6629,34.9828,0.0,0.0001,0.0001,0.006
100208.0,304.8764,13.2189,304.8764,13.219,304.8717,13.2169,0.0,0.0002,0.0016,0.0152
100283.0,305.1091,-6.3597,305.1091,-6.3597,305.1088,-6.3617,0.0,-0.0004,0.0001,-0.0306
100310.0,305.1676,-12.7599,305.1676,-12.7598,305.1658,-12.7592,0.0,-0.0002,0.0006,-0.0055
100256.0,305.0031,13.545,305.003,13.545,305.0008,13.5481,0.0,0.0002,0.0007,0.0227
100325.0,305.1943,-14.7861,305.1943,-14.786,305.1942,-14.785,0.0,-0.0002,0.0001,-0.0071
100345.0,305.2528,-14.7811,305.2528,-14.7811,305.2529,-14.7814,0.0,-0.0002,0.0,-0.0017
100142.0,304.7082,46.3232,304.7081,46.3232,304.7067,46.3228,0.0,0.0001,0.0005,0.0009
100274.0,305.0878,14.5689,305.0878,14.569,305.0854,14.5692,0.0,0.0002,0.0008,0.0016
100469.0,305.6193,-42.0467,305.6193,-42.0467,305.6146,-42.0497,0.0,-0.0001,0.0015,-0.0072
100276.0,305.0847,17.7917,305.0846,17.7917,305.0892,17.7931,0.0,0.0001,0.0015,0.0077
100097.0,304.6075,55.3981,304.6074,55.3982,304.6033,55.3972,0.0,0.0,0.0014,0.0017
100239.0,304.9546,37.1331,304.9545,37.1331,304.9512,37.1325,0.0,0.0001,0.0011,0.0015
100017.0,304.3548,66.8471,304.3546,66.8471,304.3804,66.8539,0.0001,0.0,0.0084,0.0101
100268.0,305.0677,39.4005,305.0676,39.4005,305.0633,39.4033,0.0,0.0001,0.0014,0.0073
101427.0,308.3178,-80.9672,308.3183,-80.9672,308.3229,-80.965,0.0001,-0.0,0.0017,-0.0027
100250.0,304.9796,46.8332,304.9794,46.8332,304.9838,46.8375,0.0,0.0001,0.0014,0.0092
100591.0,305.9768,-42.4219,305.9768,-42.4219,305.9717,-42.4228,0.0,-0.0001,0.0017,-0.002
100524.0,305.7583,-9.6547,305.7583,-9.6547,305.7533,-9.6547,0.0,-0.0003,0.0016,-0.0004
100435.0,305.5171,24.4437,305.517,24.4437,305.5142,24.4461,0.0,0.0001,0.001,0.01
100751.0,306.4057,-56.7307,306.4058,-56.7306,306.4121,-56.735,0.0,-0.0,0.0021,-0.0076
100295.0,305.1326,53.5919,305.1324,53.592,305.1267,53.5961,0.0,0.0,0.0019,0.0078
100221.0,304.9068,62.2526,304.9066,62.2526,304.9029,62.2575,0.0001,0.0,0.0013,0.0079
100511.0,305.7143,14.5513,305.7143,14.5513,305.7179,14.5514,0.0,0.0002,0.0012,0.0008
100541.0,305.7952,5.3419,305.7952,5.3419,305.7946,5.3431,0.0,0.0005,0.0002,0.0221
100434.0,305.5172,41.1306,305.5171,41.1306,305.5125,41.1314,0.0,0.0001,0.0016,0.0019
100453.0,305.5551,40.2595,305.555,40.2595,305.5571,40.2567,0.0,0.0001,0.0006,0.007
100486.0,305.6565,31.2671,305.6565,31.2671,305.6558,31.265,0.0,0.0001,0.0002,0.0066
100437.0,305.5177,45.7975,305.5176,45.7976,305.5225,45.795,0.0,0.0001,0.0016,0.0055
100764.0,306.4492,-40.7977,306.4493,-40.7977,306.4496,-40.7964,0.0,-0.0001,0.0001,-0.0033
100501.0,305.6949,41.0255,305.6948,41.0255,305.6887,41.0261,0.0,0.0001,0.002,0.0016
100738.0,306.3555,-28.665,306.3555,-28.665,306.3617,-28.6633,0.0,-0.0001,0.002,-0.0058
100664.0,306.1584,1.0629,306.1584,1.0629,306.1562,1.0686,0.0,0.0026,0.0007,0.5346
100261.0,305.0314,68.8838,305.0312,68.8838,305.025,68.8803,0.0001,0.0,0.0021,0.0051
100357.0,305.3095,63.98,305.3093,63.98,305.2975,63.9803,0.0001,0.0,0.0039,0.0005
100587.0,305.9676,32.1899,305.9675,32.19,305.9654,32.19,0.0,0.0001,0.0007,0.0002
100574.0,305.9322,37.4822,305.9321,37.4822,305.935,37.4764,0.0,0.0001,0.0009,0.0155
100852.0,306.72,-37.399,306.7201,-37.399,306.7208,-37.4031,0.0,-0.0001,0.0003,-0.0109
100758.0,306.4253,-2.8013,306.4253,-2.8013,306.4271,-2.8003,0.0,-0.001,0.0006,-0.0383
100762.0,306.432,10.0625,306.432,10.0625,306.4333,10.0564,0.0,0.0003,0.0004,0.0608
100754.0,306.4146,21.4065,306.4145,21.4065,306.4188,21.4097,0.0,0.0001,0.0014,0.0151
101843.0,309.5614,-81.2889,309.5618,-81.2889,309.5775,-81.2889,0.0002,-0.0,0.0052,-0.0
100779.0,306.4997,19.8656,306.4997,19.8656,306.505,19.865,0.0,0.0001,0.0017,0.003
100881.0,306.8346,-18.2117,306.8346,-18.2117,306.83,-18.2117,0.0,-0.0002,0.0015,-0.0004
100651.0,306.1377,53.5493,306.1375,53.5494,306.135,53.5519,0.0,0.0001,0.0009,0.0049
100807.0,306.5987,17.3109,306.5986,17.311,306.5967,17.3156,0.0,0.0002,0.0007,0.0267
101017.0,307.1985,-35.5964,307.1985,-35.5964,307.1946,-35.5958,0.0,-0.0001,0.0013,-0.0016
101011.0,307.1822,-15.7451,307.1822,-15.7451,307.1817,-15.7417,0.0,-0.0002,0.0002,-0.0219
100953.0,307.0298,8.4391,307.0297,8.4391,307.0312,8.4375,0.0,0.0003,0.0005,0.0188
100977.0,307.1059,-3.354,307.1058,-3.3539,307.1037,-3.3578,0.0,-0.0009,0.0007,-0.1134
101027.0,307.2161,-17.8106,307.2161,-17.8106,307.215,-17.8136,0.0,-0.0002,0.0004,-0.0167
100866.0,306.7774,34.3285,306.7774,34.3285,306.7821,34.3289,0.0,0.0001,0.0015,0.0011
100969.0,307.0724,2.9329,307.0724,2.9329,307.07,2.9369,0.0,0.001,0.0008,0.1374
101090.0,307.3793,-22.3883,307.3793,-22.3883,307.3804,-22.3917,0.0,-0.0001,0.0004,-0.015
100907.0,306.8891,38.4428,306.889,38.4429,306.8929,38.4403,0.0,0.0001,0.0012,0.0067
100808.0,306.605,56.6396,306.6049,56.6397,306.5979,56.6389,0.0,0.0001,0.0023,0.0013
101120.0,307.4715,-18.5883,307.4715,-18.5882,307.4688,-18.5867,0.0,-0.0002,0.0009,-0.0086
101101.0,307.4159,-2.8832,307.4159,-2.8832,307.4125,-2.8856,0.0,-0.001,0.0011,-0.0806
101211.0,307.732,-29.1097,307.732,-29.1097,307.7367,-29.1125,0.0,-0.0001,0.0015,-0.0097
101070.0,307.3424,20.0877,307.3423,20.0877,307.3379,20.0878,0.0,0.0001,0.0014,0.0004
101076.0,307.3511,30.3636,307.351,30.3637,307.3488,30.3686,0.0,0.0001,0.0008,0.0164
101067.0,307.3337,36.4515,307.3336,36.4515,307.335,36.4547,0.0,0.0001,0.0004,0.0089
101160.0,307.5733,10.8994,307.5732,10.8994,307.575,10.8958,0.0,0.0003,0.0006,0.0325
101221.0,307.7644,-15.0574,307.7644,-15.0574,307.7679,-15.0564,0.0,-0.0002,0.0011,-0.0068
101626.0,308.9587,-69.6133,308.9589,-69.6133,308.9654,-69.6111,0.0001,-0.0,0.0022,-0.0031
101213.0,307.7371,20.6077,307.737,20.6077,307.7421,20.6058,0.0,0.0001,0.0016,0.0089
101235.0,307.8061,11.2548,307.8061,11.2548,307.8042,11.2606,0.0,0.0003,0.0006,0.0514
101133.0,307.4923,45.927,307.4922,45.927,307.4996,45.9286,0.0,0.0001,0.0024,0.0036
101384.0,308.2164,-24.9429,308.2164,-24.9428,308.2183,-24.9439,0.0,-0.0001,0.0006,-0.0041
101084.0,307.3626,56.0665,307.3625,56.0665,307.3629,56.0681,0.0,0.0001,0.0001,0.0028
101138.0,307.516,48.9467,307.5159,48.9467,307.5146,48.9517,0.0,0.0001,0.0005,0.0101
101345.0,308.0904,-9.8539,308.0904,-9.8539,308.0988,-9.8533,0.0,-0.0003,0.0027,-0.006
101477.0,308.4819,-44.5122,308.482,-44.5121,308.4796,-44.5161,0.0,-0.0001,0.0008,-0.0089
101214.0,307.746,36.9403,307.7459,36.9404,307.7467,36.9358,0.0,0.0001,0.0002,0.0122
101612.0,308.8926,-60.5781,308.8927,-60.578,308.895,-60.5817,0.0,-0.0001,0.0008,-0.0059
101300.0,307.9911,25.8075,307.9911,25.8076,307.9925,25.8044,0.0,0.0001,0.0004,0.012
101093.0,307.3867,62.9976,307.3866,62.9976,307.3954,62.9942,0.0001,0.0,0.0028,0.0055
101243.0,307.8299,49.2155,307.8298,49.2156,307.8283,49.2203,0.0,0.0001,0.0005,0.0096
101421.0,308.3015,11.306,308.3014,11.306,308.3033,11.3033,0.0,0.0003,0.0006,0.0234
101558.0,308.7306,-38.0888,308.7307,-38.0887,308.7312,-38.0897,0.0,-0.0001,0.0002,-0.0025
101245.0,307.8359,52.3066,307.8358,52.3067,307.8379,52.3097,0.0,0.0001,0.0006,0.0059
101507.0,308.5492,-13.7247,308.5492,-13.7247,308.5488,-13.7211,0.0,-0.0002,0.0002,-0.026
101552.0,308.6971,-30.4732,308.6971,-30.4731,308.6975,-30.4736,0.0,-0.0001,0.0001,-0.0014
101473.0,308.474,10.0577,308.4739,10.0577,308.4733,10.0597,0.0,0.0003,0.0002,0.02
101483.0,308.4876,13.0241,308.4875,13.0241,308.4875,13.0272,0.0,0.0002,0.0,0.0242
101773.0,309.3867,-61.5299,309.3868,-61.5298,309.3971,-61.53,0.0,-0.0001,0.0034,-0.0002
101285.0,307.9492,56.7767,307.949,56.7768,307.9437,56.78,0.0,0.0001,0.0018,0.0057
101383.0,308.2157,43.1896,308.2156,43.1896,308.2179,43.1917,0.0,0.0001,0.0007,0.0048
101505.0,308.5383,20.9824,308.5383,20.9825,308.5417,20.9853,0.0,0.0001,0.0011,0.0135
102162.0,310.5003,-76.1796,310.5006,-76.1795,310.5121,-76.1806,0.0001,-0.0,0.0038,-0.0013
102125.0,310.4324,-75.3457,310.4327,-75.3457,310.4321,-75.3506,0.0001,-0.0,0.0001,-0.0064
101608.0,308.8856,-16.5249,308.8855,-16.5248,308.8842,-16.5258,0.0,-0.0002,0.0004,-0.0059
101474.0,308.4813,35.2504,308.4812,35.2504,308.4758,35.2508,0.0,0.0001,0.0018,0.0013
101467.0,308.4531,41.7789,308.453,41.779,308.4517,41.7722,0.0,0.0001,0.0005,0.0161
101134.0,307.4939,72.5303,307.4936,72.5303,307.5029,72.5317,0.0001,0.0,0.0029,0.0019
101772.0,309.3942,-47.2891,309.3943,-47.289,309.3917,-47.2914,0.0,-0.0001,0.0008,-0.0049
101475.0,308.4778,46.6899,308.4777,46.6899,308.4788,46.6939,0.0,0.0001,0.0003,0.0085
101589.0,308.8273,14.6697,308.8273,14.6698,308.8271,14.6742,0.0,0.0002,0.0001,0.0303
101965.0,309.9616,-62.9085,309.9617,-62.9085,309.9642,-62.9078,0.0,-0.0001,0.0008,-0.0011
101641.0,309.0385,25.8839,309.0385,25.8839,309.0346,25.8825,0.0,0.0001,0.0013,0.0053
101983.0,309.9934,-60.5435,309.9935,-60.5435,310.0108,-60.5489,0.0,-0.0001,0.0056,-0.0089
101556.0,308.7115,51.8562,308.7114,51.8562,308.71,51.8542,0.0,0.0001,0.0005,0.0038
101808.0,309.465,-25.1097,309.465,-25.1097,309.4671,-25.1089,0.0,-0.0001,0.0007,-0.0033
101260.0,307.8699,74.9541,307.8695,74.9541,307.8767,74.9547,0.0001,0.0,0.0022,0.0008
101716.0,309.2755,26.4629,309.2754,26.4629,309.2696,26.4619,0.0,0.0001,0.0019,0.0036
102157.0,310.4877,-66.7594,310.4878,-66.7594,310.4879,-66.7608,0.0,-0.0001,0.0001,-0.0021
101769.0,309.3863,14.5945,309.3863,14.5945,309.3875,14.5953,0.0,0.0002,0.0004,0.0054
101800.0,309.4572,11.3752,309.4572,11.3752,309.4546,11.3778,0.0,0.0003,0.0009,0.0227
101847.0,309.5844,-1.1069,309.5844,-1.1068,309.5846,-1.1053,0.0,-0.0029,0.0,-0.1423
101765.0,309.3793,31.5705,309.3792,31.5705,309.3825,31.5725,0.0,0.0001,0.001,0.0063
101810.0,309.4708,18.2659,309.4708,18.266,309.4775,18.2692,0.0,0.0002,0.0022,0.0177
101768.0,309.3864,31.5286,309.3864,31.5287,309.3858,31.5219,0.0,0.0001,0.0002,0.0212
101756.0,309.3475,38.3268,309.3474,38.3268,309.3483,38.3286,0.0,0.0001,0.0003,0.0048
101923.0,309.822,-14.9564,309.822,-14.9564,309.8183,-14.9547,0.0,-0.0002,0.0012,-0.0113
101921.0,309.8038,-2.4168,309.8037,-2.4168,309.805,-2.4128,0.0,-0.0014,0.0004,-0.1667
101867.0,309.624,21.1999,309.6239,21.1999,309.6304,21.2011,0.0,0.0002,0.0021,0.0057
101882.0,309.6888,13.3164,309.6888,13.3164,309.6829,13.315,0.0,0.0002,0.0019,0.0105
102014.0,310.0858,-33.4325,310.0858,-33.4325,310.0825,-33.4319,0.0,-0.0001,0.0011,-0.0016
101868.0,309.6337,24.1117,309.6337,24.1117,309.6329,24.1161,0.0,0.0001,0.0003,0.0184
101870.0,309.6417,23.6804,309.6417,23.6804,309.6462,23.6806,0.0,0.0001,0.0015,0.0007
101916.0,309.7768,10.0873,309.7768,10.0873,309.7825,10.0861,0.0,0.0003,0.0018,0.0115
101997.0,310.0367,-23.7823,310.0367,-23.7823,310.0488,-23.7739,0.0,-0.0001,0.0039,-0.0354
101909.0,309.7674,15.8382,309.7673,15.8383,309.7708,15.8381,0.0,0.0002,0.0011,0.0012
101984.0,310.0154,-18.1428,310.0153,-18.1428,310.0125,-18.1386,0.0,-0.0002,0.0009,-0.023
100965.0,307.046,81.4234,307.0454,81.4234,307.0608,81.4228,0.0002,0.0,0.0048,0.0007
102032.0,310.1544,-26.6469,310.1544,-26.6468,310.15,-26.645,0.0,-0.0001,0.0014,-0.0071
101919.0,309.7982,21.8186,309.7981,21.8187,309.7942,21.8172,0.0,0.0002,0.0013,0.0064
101899.0,309.7459,30.3402,309.7458,30.3402,309.7479,30.3344,0.0,0.0001,0.0007,0.0189
102026.0,310.1369,-16.1248,310.1369,-16.1247,310.1354,-16.1242,0.0,-0.0002,0.0005,-0.0038
101958.0,309.9072,15.9094,309.9071,15.9095,309.9096,15.9119,0.0,0.0002,0.0008,0.0157
101966.0,309.9704,11.2475,309.9703,11.2475,309.9658,11.2497,0.0,0.0003,0.0015,0.0197
101082.0,307.3548,81.0861,307.3543,81.0861,307.3646,81.0914,0.0002,0.0,0.0032,0.0066
102092.0,310.3453,-31.5976,310.3453,-31.5975,310.3488,-31.5983,0.0,-0.0001,0.0011,-0.0025
101949.0,309.8901,40.5729,309.89,40.573,309.8888,40.5794,0.0,0.0001,0.0004,0.016
101934.0,309.8423,45.6668,309.8422,45.6668,309.8462,45.6669,0.0,0.0001,0.0013,0.0003
102395.0,311.2441,-66.2049,311.2443,-66.2048,311.2396,-66.2031,0.0,-0.0001,0.0015,-0.0028
102040.0,310.1894,19.931,310.1893,19.931,310.1883,19.9353,0.0,0.0002,0.0003,0.0215
102230.0,310.7254,-39.5578,310.7254,-39.5578,310.7208,-39.5586,0.0,-0.0001,0.0015,-0.002
102033.0,310.1475,29.8045,310.1474,29.8046,310.1508,29.8053,0.0,0.0001,0.0011,0.0025
102080.0,310.3175,14.5831,310.3175,14.5832,310.3175,14.5831,0.0,0.0002,0.0,0.0005
101986.0,310.0089,43.458,310.0088,43.458,310.0129,43.4586,0.0,0.0001,0.0013,0.0015
102333.0,311.0056,-51.9216,311.0056,-51.9215,311.0096,-51.9211,0.0,-0.0001,0.0013,-0.0009
102066.0,310.256,32.305,310.2559,32.305,310.2608,32.3072,0.0,0.0001,0.0016,0.0069
102062.0,310.2517,39.0832,310.2516,39.0832,310.2517,39.0822,0.0,0.0001,0.0,0.0024
102158.0,310.4892,17.5233,310.4891,17.5233,310.4925,17.5214,0.0,0.0002,0.0011,0.0106
102098.0,310.3512,45.2781,310.3511,45.2781,310.3579,45.2803,0.0,0.0001,0.0022,0.0049
102011.0,310.0785,60.5042,310.0783,60.5043,310.0746,60.5053,0.0001,0.0001,0.0012,0.0017
102155.0,310.4819,41.7202,310.4818,41.7202,310.4854,41.7169,0.0,0.0001,0.0011,0.0078
102195.0,310.5973,35.4572,310.5972,35.4572,310.5925,35.4561,0.0,0.0001,0.0015,0.0031
102281.0,310.8636,15.0805,310.8636,15.0806,310.8646,15.0744,0.0,0.0002,0.0003,0.0404
102177.0,310.5568,50.3361,310.5566,50.3361,310.5525,50.34,0.0,0.0001,0.0014,0.0078
101044.0,307.2786,83.6246,307.2778,83.6246,307.2629,83.6256,0.0002,0.0,0.0051,0.0012
102414.0,311.3072,-27.2449,311.3072,-27.2449,311.305,-27.2472,0.0,-0.0001,0.0007,-0.0084
102276.0,310.848,35.589,310.8479,35.5891,310.8508,35.5878,0.0,0.0001,0.0009,0.0035
102497.0,311.5821,-39.2014,311.5821,-39.2013,311.5838,-39.1992,0.0,-0.0001,0.0005,-0.0056
102773.0,312.3248,-68.7758,312.325,-68.7758,312.3254,-68.7764,0.0001,-0.0001,0.0002,-0.0009
102496.0,311.5817,-36.1233,311.5817,-36.1232,311.5775,-36.1203,0.0,-0.0001,0.0013,-0.0083
102485.0,311.5248,-25.2658,311.5248,-25.2658,311.5237,-25.2708,0.0,-0.0001,0.0003,-0.0198
102487.0,311.5371,-21.5097,311.5371,-21.5097,311.5417,-21.5142,0.0,-0.0002,0.0015,-0.0206
102216.0,310.6528,60.6007,310.6526,60.6007,310.6654,60.6014,0.0001,0.0001,0.0041,0.0012
102388.0,311.2147,25.2732,311.2146,25.2732,311.2188,25.2706,0.0,0.0001,0.0013,0.0104
102258.0,310.8092,57.115,310.8091,57.1151,310.8062,57.1142,0.0,0.0001,0.001,0.0015
102440.0,311.3668,18.0891,311.3667,18.0892,311.3675,18.0903,0.0,0.0002,0.0002,0.0064
102453.0,311.4109,30.7167,311.4109,30.7167,311.4154,30.7197,0.0,0.0001,0.0014,0.0098
102693.0,312.1122,-43.9878,312.1122,-43.9878,312.1217,-43.9886,0.0,-0.0001,0.003,-0.0018
102358.0,311.0852,56.4894,311.085,56.4895,311.0917,56.4881,0.0,0.0001,0.0021,0.0024
102253.0,310.8048,66.6587,310.8046,66.6588,310.7958,66.6575,0.0001,0.0001,0.0029,0.0018
102561.0,311.7679,-2.4896,311.7679,-2.4895,311.765,-2.4867,0.0,-0.0014,0.0009,-0.1173
102531.0,311.6558,16.1259,311.6557,16.1259,311.6612,16.1244,0.0,0.0002,0.0018,0.0089
102532.0,311.67,16.1279,311.67,16.1279,311.6646,16.1242,0.0,0.0002,0.0017,0.023
102488.0,311.5394,33.9647,311.5393,33.9647,311.5529,33.9703,0.0,0.0001,0.0044,0.0164
102618.0,311.9142,-9.4942,311.9142,-9.4941,311.9192,-9.4958,0.0,-0.0004,0.0016,-0.0177
102624.0,311.9372,-5.0319,311.9372,-5.0319,311.9342,-5.0278,0.0,-0.0007,0.001,-0.0825
102790.0,312.373,-46.2251,312.3731,-46.225,312.3708,-46.2269,0.0,-0.0001,0.0007,-0.0041
102631.0,311.9476,3.3101,311.9476,3.3102,311.9492,3.3067,0.0,0.0011,0.0005,0.1048
102431.0,311.3328,57.5829,311.3327,57.5829,311.3379,57.5797,0.0,0.0001,0.0016,0.0054
102571.0,311.7903,34.3715,311.7902,34.3716,311.795,34.3742,0.0,0.0001,0.0015,0.0076
102422.0,311.3182,61.8301,311.318,61.8302,311.3225,61.8389,0.0001,0.0001,0.0014,0.0142
102530.0,311.662,46.5316,311.6619,46.5316,311.6604,46.5317,0.0,0.0001,0.0005,0.0002
102962.0,312.9004,-62.4288,312.9005,-62.4287,312.9096,-62.4292,0.0,-0.0001,0.0029,-0.0006
,312.9004,-62.4288,312.9005,-62.4287,312.9117,-62.4292,0.0,-0.0001,0.0036,-0.0006
102772.0,312.3291,-25.7794,312.3292,-25.7794,312.3233,-25.7814,0.0,-0.0001,0.0019,-0.0076
102499.0,311.5915,52.9925,311.5914,52.9925,311.5883,52.9953,0.0,0.0001,0.001,0.0053
102589.0,311.8511,36.4859,311.851,36.4859,311.8521,36.4908,0.0,0.0001,0.0003,0.0136
102780.0,312.335,-18.0397,312.335,-18.0396,312.3354,-18.0358,0.0,-0.0002,0.0001,-0.0213
102831.0,312.4875,-33.7793,312.4875,-33.7793,312.4921,-33.7797,0.0,-0.0001,0.0015,-0.0011
102585.0,311.8327,45.5774,311.8326,45.5774,311.8367,45.5797,0.0,0.0001,0.0013,0.0052
102370.0,311.1439,69.7502,311.1437,69.7503,311.1379,69.7519,0.0001,0.0,0.0019,0.0025
102950.0,312.8801,-51.6088,312.8801,-51.6088,312.8754,-51.6083,0.0,-0.0001,0.0015,-0.0009
102635.0,311.9549,47.8329,311.9548,47.8329,311.9554,47.8319,0.0,0.0001,0.0002,0.0019
102901.0,312.6981,-32.0536,312.6981,-32.0536,312.6962,-32.0544,0.0,-0.0001,0.0006,-0.0025
102916.0,312.7535,-37.9117,312.7535,-37.9116,312.7529,-37.9133,0.0,-0.0001,0.0002,-0.0044
102642.0,311.9627,52.4074,311.9625,52.4074,311.97,52.4072,0.0,0.0001,0.0024,0.0003
102805.0,312.4078,12.5472,312.4077,12.5473,312.4075,12.5453,0.0,0.0003,0.0001,0.0155
102819.0,312.4529,7.8643,312.4528,7.8643,312.4512,7.8642,0.0,0.0005,0.0005,0.0012
102833.0,312.4937,5.5452,312.4936,5.5452,312.4963,5.5447,0.0,0.0007,0.0008,0.0081
102891.0,312.6746,-12.5404,312.6746,-12.5404,312.6742,-12.545,0.0,-0.0003,0.0002,-0.0367
102724.0,312.2315,46.1113,312.2314,46.1114,312.2346,46.1142,0.0,0.0001,0.001,0.0061
102712.0,312.1695,51.9101,312.1694,51.9102,312.1779,51.9106,0.0,0.0001,0.0027,0.0008
102989.0,312.9919,-33.1771,312.9919,-33.1771,312.995,-33.1772,0.0,-0.0001,0.001,-0.0003
102978.0,312.951,-26.9213,312.951,-26.9213,312.9554,-26.9192,0.0,-0.0001,0.0014,-0.008
102878.0,312.6547,18.0528,312.6547,18.0529,312.6542,18.0514,0.0,0.0002,0.0002,0.0079
102945.0,312.8574,-5.6303,312.8574,-5.6303,312.8571,-5.6264,0.0,-0.0007,0.0001,-0.0695
102827.0,312.4697,46.661,312.4696,46.661,312.4779,46.6611,0.0,0.0001,0.0026,0.0003
102843.0,312.5254,44.0572,312.5252,44.0572,312.5204,44.0594,0.0,0.0001,0.0016,0.0052
103005.0,313.0368,-5.5079,313.0368,-5.5079,313.0362,-5.5069,0.0,-0.0007,0.0002,-0.0179
103227.0,313.6968,-58.4529,313.6969,-58.4529,313.7025,-58.4542,0.0,-0.0001,0.0018,-0.0021
103127.0,313.4225,-39.809,313.4225,-39.8089,313.4175,-39.81,0.0,-0.0001,0.0016,-0.0026
102949.0,312.8645,28.2497,312.8644,28.2498,312.8675,28.2506,0.0,0.0001,0.001,0.0029
103071.0,313.2554,-23.7804,313.2554,-23.7804,313.255,-23.7831,0.0,-0.0002,0.0001,-0.0112
103103.0,313.3511,-30.7167,313.3511,-30.7166,313.3542,-30.7186,0.0,-0.0001,0.001,-0.0063
103206.0,313.6413,-50.7258,313.6413,-50.7257,313.6458,-50.7278,0.0,-0.0001,0.0015,-0.0039
102771.0,312.323,64.0364,312.3228,64.0364,312.3225,64.0422,0.0001,0.0001,0.0001,0.0091
103077.0,313.2715,-11.5783,313.2715,-11.5783,313.2733,-11.5736,0.0,-0.0003,0.0006,-0.0406
103004.0,313.0329,27.1024,313.0328,27.1024,313.0321,27.0969,0.0,0.0001,0.0003,0.0201
102993.0,313.0,32.8476,312.9999,32.8477,313.0012,32.8492,0.0,0.0001,0.0004,0.0047
103168.0,313.5314,-27.9296,313.5314,-27.9296,313.5283,-27.9256,0.0,-0.0001,0.001,-0.0145
103154.0,313.4989,-6.888,313.4989,-6.8879,313.4933,-6.8897,0.0,-0.0005,0.0018,-0.0254
103079.0,313.2811,29.6491,313.2811,29.6491,313.2808,29.6494,0.0,0.0001,0.0001,0.0012
103226.0,313.7009,-17.9207,313.7009,-17.9207,313.6996,-17.9231,0.0,-0.0002,0.0004,-0.0131
103089.0,313.3046,44.3868,313.3045,44.3868,313.3117,44.3872,0.0,0.0001,0.0023,0.001
102208.0,310.6775,82.5286,310.6769,82.5287,310.6467,82.5311,0.0002,0.0,0.0099,0.003
103094.0,313.3244,45.1831,313.3243,45.1832,313.3275,45.1819,0.0,0.0001,0.001,0.0026
103108.0,313.3619,42.41,313.3618,42.41,313.36,42.4103,0.0,0.0001,0.0006,0.0008
103145.0,313.4676,33.4371,313.4675,33.4371,313.4746,33.4378,0.0,0.0001,0.0022,0.0021
103261.0,313.7896,-1.3727,313.7896,-1.3726,313.7838,-1.3733,0.0,-0.0028,0.0019,-0.0494
103191.0,313.5907,28.5195,313.5906,28.5196,313.5933,28.5219,0.0,0.0001,0.0008,0.0085
103200.0,313.6352,28.0585,313.6351,28.0586,313.64,28.0575,0.0,0.0001,0.0015,0.0036
103189.0,313.5924,40.7008,313.5923,40.7009,313.5929,40.7031,0.0,0.0001,0.0002,0.0055
103301.0,313.9184,4.5352,313.9184,4.5352,313.9196,4.5328,0.0,0.0008,0.0004,0.053
103294.0,313.9058,13.7195,313.9057,13.7195,313.9029,13.7214,0.0,0.0003,0.0009,0.0139
103298.0,313.9151,12.5676,313.9151,12.5676,313.9108,12.5686,0.0,0.0003,0.0014,0.0082
103389.0,314.1924,-26.2913,314.1924,-26.2913,314.1971,-26.2964,0.0,-0.0001,0.0015,-0.0193
103347.0,314.0731,-3.5573,314.073,-3.5573,314.0762,-3.5614,0.0,-0.0011,0.001,-0.1148
103401.0,314.2263,-9.7014,314.2263,-9.7013,314.225,-9.6975,0.0,-0.0004,0.0004,-0.04
102599.0,311.8694,80.5545,311.8689,80.5545,311.8892,80.5522,0.0002,0.0,0.0063,0.0028
103460.0,314.415,-16.0334,314.415,-16.0334,314.4192,-16.0317,0.0,-0.0002,0.0013,-0.0111
103752.0,315.372,-68.2089,315.3722,-68.2088,315.3671,-68.2097,0.0,-0.0001,0.0016,-0.0012
103312.0,313.9516,47.42,313.9515,47.42,313.9575,47.4178,0.0,0.0001,0.0019,0.0047
104043.0,316.1772,-77.0227,316.1775,-77.0226,316.1792,-77.0239,0.0001,-0.0001,0.0006,-0.0016
103343.0,314.0549,51.0701,314.0547,51.0701,314.0538,51.075,0.0,0.0001,0.0004,0.0096
103371.0,314.1485,44.9269,314.1484,44.927,314.1446,44.925,0.0,0.0001,0.0012,0.0043
103545.0,314.6721,-14.4819,314.6721,-14.4819,314.6746,-14.4828,0.0,-0.0003,0.0008,-0.0058
103359.0,314.0994,50.7322,314.0993,50.7322,314.1062,50.7286,0.0,0.0001,0.0022,0.007
103360.0,314.1076,49.1943,314.1075,49.1943,314.1079,49.1958,0.0,0.0001,0.0001,0.0031
103413.0,314.2915,41.1697,314.2914,41.1698,314.2933,41.1672,0.0,0.0001,0.0006,0.0061
103346.0,314.0712,56.889,314.071,56.889,314.0708,56.8875,0.0,0.0001,0.0001,0.0026
103527.0,314.6115,10.8352,314.6115,10.8352,314.6079,10.8392,0.0,0.0004,0.0012,0.0368
103646.0,314.9904,-36.1316,314.9904,-36.1316,314.9988,-36.1297,0.0,-0.0001,0.0027,-0.0053
103511.0,314.57,22.3282,314.5699,22.3282,314.5683,22.3258,0.0,0.0002,0.0005,0.0104
103616.0,314.9043,-19.0341,314.9043,-19.034,314.9004,-19.0353,0.0,-0.0002,0.0012,-0.0064
103569.0,314.7687,4.2994,314.7687,4.2994,314.7683,4.2936,0.0,0.0009,0.0001,0.1343
103519.0,314.5769,44.4679,314.5767,44.468,314.5812,44.4717,0.0,0.0001,0.0014,0.0084
103532.0,314.6292,41.9401,314.6291,41.9402,314.6283,41.9403,0.0,0.0001,0.0003,0.0003
103635.0,314.9614,16.8204,314.9613,16.8204,314.9617,16.8242,0.0,0.0002,0.0001,0.0225
103738.0,315.3199,-32.2596,315.3199,-32.2596,315.3229,-32.2578,0.0,-0.0001,0.0009,-0.0056
103530.0,314.6245,50.4603,314.6244,50.4604,314.6254,50.4622,0.0,0.0001,0.0003,0.0037
103219.0,313.6861,75.9202,313.6857,75.9202,313.6846,75.9256,0.0001,0.0001,0.0005,0.007
103777.0,315.4419,-26.8811,315.4419,-26.881,315.4387,-26.8811,0.0,-0.0001,0.001,-0.0001
103836.0,315.607,-38.5301,315.6071,-38.5301,315.6133,-38.5306,0.0,-0.0001,0.002,-0.0011
103632.0,314.9578,47.5208,314.9577,47.5208,314.9567,47.5211,0.0,0.0001,0.0004,0.0007
103882.0,315.7388,-38.628,315.7388,-38.628,315.7417,-38.6317,0.0,-0.0001,0.0009,-0.0094
103598.0,314.8591,59.4359,314.8589,59.436,314.8558,59.4386,0.0001,0.0001,0.001,0.0045
103902.0,315.798,-27.729,315.7981,-27.7289,315.7925,-27.7319,0.0,-0.0001,0.0018,-0.0107
103734.0,315.2966,36.0257,315.2965,36.0257,315.3038,36.0261,0.0,0.0001,0.0023,0.0012
104385.0,317.2064,-76.2124,317.2067,-76.2123,317.1996,-76.2125,0.0001,-0.0001,0.0021,-0.0002
103732.0,315.288,46.154,315.2879,46.154,315.2954,46.1558,0.0,0.0001,0.0024,0.004
104085.0,316.3055,-54.7267,316.3056,-54.7267,316.3092,-54.7272,0.0,-0.0001,0.0012,-0.0009
103892.0,315.7656,1.5282,315.7656,1.5282,315.7625,1.5319,0.0,0.0027,0.001,0.2456
103891.0,315.7538,14.7303,315.7537,14.7303,315.7575,14.73,0.0,0.0003,0.0012,0.0018
103981.0,316.0157,-5.8239,316.0156,-5.8238,316.0192,-5.8233,0.0,-0.0007,0.0011,-0.0092
,316.0157,-5.8239,316.0156,-5.8238,316.0196,-5.8231,0.0,-0.0007,0.0012,-0.014
104019.0,316.1008,-19.8556,316.1008,-19.8556,316.1012,-19.855,0.0,-0.0002,0.0001,-0.0032
104440.0,317.3181,-73.168,317.3183,-73.168,317.3429,-73.1731,0.0001,-0.0001,0.0078,-0.0069
103828.0,315.6022,44.7863,315.6021,44.7863,315.6004,44.7911,0.0,0.0001,0.0006,0.0108
103894.0,315.7649,38.6573,315.7648,38.6574,315.77,38.6575,0.0,0.0001,0.0016,0.0004
103871.0,315.703,45.8459,315.7029,45.846,315.7021,45.8489,0.0,0.0001,0.0003,0.0064
103810.0,315.5361,56.6743,315.536,56.6744,315.5379,56.6697,0.0,0.0001,0.0006,0.0081
104031.0,316.1451,5.5044,316.1451,5.5044,316.1446,5.5028,0.0,0.0007,0.0002,0.0293
104041.0,316.171,2.9465,316.171,2.9466,316.1738,2.9419,0.0,0.0014,0.0009,0.156
104048.0,316.1898,2.2726,316.1897,2.2727,316.1892,2.2697,0.0,0.0018,0.0002,0.1278
104177.0,316.6022,-41.388,316.6022,-41.3879,316.6063,-41.3861,0.0,-0.0001,0.0013,-0.0045
104148.0,316.5091,-30.1258,316.5091,-30.1258,316.505,-30.125,0.0,-0.0001,0.0013,-0.0028
103963.0,315.9682,41.623,315.9681,41.623,315.9671,41.6281,0.0,0.0001,0.0004,0.0123
103929.0,315.858,50.3563,315.8579,50.3564,315.8583,50.3519,0.0,0.0001,0.0001,0.0087
104364.0,317.1337,-63.928,317.1339,-63.928,317.1371,-63.9289,0.0,-0.0001,0.0011,-0.0014
103949.0,315.9257,46.8606,315.9256,46.8606,315.9304,46.8619,0.0,0.0001,0.0015,0.0029
104139.0,316.4875,-17.2355,316.4875,-17.2354,316.4867,-17.2328,0.0,-0.0002,0.0003,-0.0156
104174.0,316.5992,-32.3422,316.5992,-32.3422,316.6029,-32.3417,0.0,-0.0001,0.0012,-0.0017
104101.0,316.3614,5.9653,316.3614,5.9654,316.3612,5.9583,0.0,0.0007,0.0001,0.1173
103956.0,315.9538,53.2824,315.9537,53.2824,315.9483,53.2861,0.0,0.0001,0.0017,0.007
104060.0,316.2355,43.9268,316.2354,43.9269,316.2329,43.9278,0.0,0.0001,0.0008,0.0021
104597.0,317.8485,-72.5449,317.8487,-72.5448,317.8362,-72.5442,0.0001,-0.0001,0.0038,-0.001
104172.0,316.5986,26.9206,316.5985,26.9207,316.5979,26.9244,0.0,0.0002,0.0002,0.0142
104297.0,316.9381,-17.4538,316.9381,-17.4537,316.9358,-17.4553,0.0,-0.0002,0.0007,-0.0085
104185.0,316.6249,31.1871,316.6249,31.1872,316.6263,31.1847,0.0,0.0001,0.0004,0.0077
104214.0,316.6576,38.7032,316.6575,38.7033,316.7275,38.7458,0.0,0.0001,0.0221,0.11
104217.0,316.6576,38.7032,316.6575,38.7033,316.7304,38.7433,0.0,0.0001,0.023,0.1035
104365.0,317.1368,-21.1886,317.1368,-21.1886,317.14,-21.1936,0.0,-0.0002,0.001,-0.0234
104281.0,316.8927,15.6555,316.8927,15.6555,316.89,15.6586,0.0,0.0003,0.0009,0.0202
104194.0,316.6483,47.6437,316.6482,47.6437,316.6504,47.6483,0.0,0.0001,0.0007,0.0098
104357.0,317.1169,6.9845,317.1169,6.9845,317.1175,6.9894,0.0,0.0006,0.0002,0.0714
104452.0,317.387,-20.5562,317.387,-20.5561,317.3875,-20.5564,0.0,-0.0002,0.0002,-0.0011
104755.0,318.3402,-70.1222,318.3403,-70.1222,318.3354,-70.1264,0.0001,-0.0001,0.0015,-0.0059
104459.0,317.3956,-11.3674,317.3955,-11.3674,317.3987,-11.3717,0.0,-0.0004,0.001,-0.0371
104371.0,317.1601,30.2101,317.16,30.2101,317.1621,30.2058,0.0,0.0001,0.0006,0.0141
104481.0,317.4923,2.9384,317.4923,2.9384,317.4929,2.9433,0.0,0.0015,0.0002,0.1688
104557.0,317.6941,-9.3535,317.6941,-9.3535,317.6954,-9.3539,0.0,-0.0005,0.0004,-0.0039
104521.0,317.5814,10.1312,317.5814,10.1313,317.5854,10.1317,0.0,0.0004,0.0013,0.0045
104538.0,317.6332,10.0486,317.6332,10.0487,317.63,10.0489,0.0,0.0004,0.001,0.0025
104171.0,316.6137,71.4333,316.6134,71.4333,316.5971,71.4319,0.0001,0.0001,0.0052,0.0019
104680.0,318.0616,-40.2666,318.0616,-40.2666,318.0567,-40.2694,0.0,-0.0001,0.0015,-0.007
104539.0,317.6324,22.4601,317.6323,22.4602,317.6333,22.4547,0.0,0.0002,0.0003,0.0241
104634.0,317.9251,-14.4716,317.9251,-14.4716,317.9221,-14.4722,0.0,-0.0003,0.001,-0.0043
104483.0,317.4995,45.5026,317.4994,45.5026,317.4942,45.5025,0.0,0.0001,0.0017,0.0002
104738.0,318.2622,-39.4205,318.2622,-39.4204,318.2629,-39.4253,0.0,-0.0001,0.0002,-0.0122
104579.0,317.7662,36.2952,317.7661,36.2953,317.7662,36.2992,0.0,0.0001,0.0,0.0108
104516.0,317.5676,53.5682,317.5674,53.5683,317.565,53.5633,0.0,0.0001,0.0008,0.0091
104537.0,317.6227,47.6917,317.6226,47.6918,317.6292,47.6919,0.0,0.0001,0.002,0.0004
104752.0,318.3325,-36.4254,318.3326,-36.4254,318.3287,-36.4239,0.0,-0.0001,0.0012,-0.0042
104449.0,317.3697,63.2899,317.3695,63.2899,317.3704,63.2956,0.0001,0.0001,0.0002,0.0089
104750.0,318.3193,-27.6206,318.3193,-27.6206,318.3221,-27.6194,0.0,-0.0002,0.0009,-0.0042
105169.0,319.5703,-75.3493,319.5706,-75.3492,319.5671,-75.3467,0.0001,-0.0001,0.001,-0.0035
104105.0,316.3696,78.1266,316.3692,78.1266,316.3721,78.1264,0.0001,0.0001,0.0008,0.0003
104451.0,317.4013,68.4912,317.4011,68.4912,317.3833,68.4903,0.0001,0.0001,0.0057,0.0013
104978.0,318.9404,-53.2638,318.9405,-53.2638,318.9413,-53.2631,0.0,-0.0001,0.0003,-0.0015
104732.0,318.2293,30.2256,318.2293,30.2257,318.2342,30.2269,0.0,0.0001,0.0015,0.0044
104771.0,318.3669,15.9835,318.3668,15.9835,318.37,15.9825,0.0,0.0003,0.001,0.0063
104925.0,318.8049,-40.5076,318.8049,-40.5075,318.8113,-40.5064,0.0,-0.0001,0.002,-0.0029
104839.0,318.5716,-10.6051,318.5715,-10.6051,318.5696,-10.6053,0.0,-0.0004,0.0006,-0.0013
104642.0,317.9437,59.9897,317.9436,59.9897,317.9508,59.9864,0.0,0.0001,0.0022,0.0055
104765.0,318.3602,36.6356,318.3601,36.6357,318.3596,36.6336,0.0,0.0001,0.0002,0.0055
104914.0,318.7798,-17.3466,318.7798,-17.3466,318.7775,-17.345,0.0,-0.0003,0.0007,-0.0095
104980.0,318.9396,-36.2111,318.9397,-36.2111,318.945,-36.2108,0.0,-0.0001,0.0017,-0.0008
105148.0,319.4938,-64.6791,319.4939,-64.6791,319.5013,-64.6817,0.0,-0.0001,0.0023,-0.004
104822.0,318.5443,29.9008,318.5442,29.9008,318.5429,29.9011,0.0,0.0001,0.0004,0.0012
104963.0,318.9095,-20.6499,318.9095,-20.6499,318.9079,-20.6517,0.0,-0.0002,0.0005,-0.0084
104974.0,318.9333,-15.169,318.9333,-15.169,318.9371,-15.1714,0.0,-0.0003,0.0012,-0.0157
106320.0,323.0135,-84.8096,323.0142,-84.8096,323.0175,-84.81,0.0002,-0.0001,0.0012,-0.0004
104887.0,318.6926,38.0441,318.6925,38.0442,318.6979,38.0456,0.0,0.0001,0.0017,0.0038
104987.0,318.9557,5.2534,318.9556,5.2534,318.9558,5.2478,0.0,0.0009,0.0001,0.1063
105046.0,319.162,-1.6083,319.162,-1.6083,319.165,-1.6078,0.0,-0.0028,0.0009,-0.0338
104788.0,318.433,64.4036,318.4329,64.4037,318.4275,64.4039,0.0001,0.0001,0.0017,0.0004
105079.0,319.3103,-13.2789,319.3102,-13.2788,319.3063,-13.2789,0.0,-0.0003,0.0013,-0.0
105140.0,319.4775,-32.1731,319.4775,-32.1731,319.4846,-32.1725,0.0,-0.0001,0.0022,-0.002
104962.0,318.9076,47.9761,318.9075,47.9761,318.9033,47.9736,0.0,0.0001,0.0014,0.0052
105143.0,319.4902,-17.9841,319.4901,-17.9841,319.4888,-17.9853,0.0,-0.0003,0.0004,-0.0063
105034.0,319.1176,42.2541,319.1175,42.2541,319.1233,42.2514,0.0,0.0001,0.0018,0.0063
105168.0,319.5642,-17.4631,319.5642,-17.463,319.5654,-17.4622,0.0,-0.0003,0.0004,-0.0048
105319.0,319.9658,-53.4463,319.9659,-53.4463,319.9667,-53.4497,0.0,-0.0001,0.0003,-0.0064
105164.0,319.5471,-4.5157,319.5471,-4.5157,319.5462,-4.5194,0.0,-0.001,0.0003,-0.0829
105228.0,319.7241,-28.7646,319.7241,-28.7646,319.7267,-28.7656,0.0,-0.0002,0.0008,-0.0033
105102.0,319.348,39.3932,319.3479,39.3932,319.3542,39.3947,0.0,0.0001,0.0019,0.004
105334.0,320.0462,-45.0235,320.0463,-45.0234,320.0396,-45.0222,0.0,-0.0001,0.0021,-0.0028
105138.0,319.48,34.901,319.48,34.901,319.4796,34.8969,0.0,0.0001,0.0001,0.0116
105064.0,319.2582,53.9964,319.258,53.9964,319.2583,53.9975,0.0,0.0001,0.0,0.0021
105312.0,319.9545,-26.3493,319.9545,-26.3493,319.9408,-26.3531,0.0,-0.0002,0.0043,-0.0141
105224.0,319.7148,11.2003,319.7147,11.2003,319.7167,11.2033,0.0,0.0004,0.0006,0.0274
105080.0,319.3171,55.798,319.317,55.798,319.3096,55.7981,0.0,0.0001,0.0024,0.0002
105382.0,320.189,-40.8073,320.1891,-40.8072,320.19,-40.8097,0.0,-0.0001,0.0003,-0.006
105425.0,320.324,-49.9356,320.324,-49.9356,320.3183,-49.9378,0.0,-0.0001,0.0018,-0.0043
105091.0,319.3326,58.613,319.3325,58.6131,319.3283,58.6117,0.0,0.0001,0.0014,0.0023
105186.0,319.6122,43.9466,319.6121,43.9466,319.6133,43.9458,0.0,0.0001,0.0003,0.0017
105229.0,319.7316,41.0465,319.7315,41.0465,319.7304,41.0408,0.0,0.0001,0.0004,0.0137
105678.0,321.0594,-69.7319,321.0596,-69.7319,321.0696,-69.7342,0.0,-0.0001,0.0032,-0.0032
105269.0,319.841,38.2363,319.8409,38.2363,319.8425,38.2375,0.0,0.0001,0.0005,0.0032
105344.0,320.0573,22.0323,320.0573,22.0323,320.0583,22.0264,0.0,0.0002,0.0003,0.0267
105768.0,321.3312,-71.7972,321.3314,-71.7972,321.3254,-71.7994,0.0001,-0.0001,0.0018,-0.0031
105412.0,320.2637,-4.5599,320.2636,-4.5598,320.2679,-4.56,0.0,-0.001,0.0013,-0.0033
105282.0,319.8675,49.5108,319.8674,49.5109,319.87,49.5103,0.0,0.0001,0.0008,0.0011
105199.0,319.6496,62.5849,319.6494,62.585,319.645,62.5856,0.0001,0.0001,0.0014,0.001
105413.0,320.2717,7.3504,320.2716,7.3505,320.27,7.3544,0.0,0.0006,0.0005,0.0543
105259.0,319.8061,58.6231,319.806,58.6232,319.8158,58.6236,0.0,0.0001,0.003,0.0008
105411.0,320.2637,23.8552,320.2637,23.8552,320.2683,23.8558,0.0,0.0002,0.0014,0.0028
105390.0,320.213,32.4518,320.213,32.4519,320.2088,32.4528,0.0,0.0001,0.0013,0.0029
105515.0,320.5612,-16.8385,320.5612,-16.8385,320.5617,-16.8344,0.0,-0.0003,0.0001,-0.0241
105432.0,320.3475,32.6139,320.3474,32.614,320.3417,32.6128,0.0,0.0001,0.0018,0.0035
105406.0,320.2547,40.3512,320.2546,40.3512,320.2558,40.3456,0.0,0.0001,0.0004,0.0139
105268.0,319.8443,64.8741,319.8441,64.8742,319.8425,64.8719,0.0001,0.0001,0.0005,0.0033
105576.0,320.7492,-22.6654,320.7492,-22.6654,320.7521,-22.6689,0.0,-0.0002,0.0009,-0.0152
105502.0,320.5182,19.8069,320.5181,19.807,320.5217,19.8044,0.0,0.0002,0.0011,0.0126
104756.0,318.3692,81.2317,318.3687,81.2317,318.3396,81.2308,0.0002,0.0001,0.0093,0.0011
105574.0,320.7358,-9.3195,320.7358,-9.3194,320.7346,-9.3194,0.0,-0.0005,0.0004,-0.0002
106474.0,323.475,-82.6823,323.4755,-82.6822,323.4767,-82.6831,0.0002,-0.0001,0.0005,-0.0009
105685.0,321.0895,-46.6139,321.0895,-46.6138,321.0867,-46.615,0.0,-0.0001,0.0009,-0.0024
105570.0,320.7238,6.8131,320.7237,6.8131,320.7233,6.8111,0.0,0.0007,0.0001,0.0287
105370.0,320.1468,60.7589,320.1466,60.7589,320.1396,60.7569,0.0,0.0001,0.0023,0.0032
105858.0,321.6185,-65.3787,321.6187,-65.3786,321.6108,-65.3661,0.0,-0.0001,0.0024,-0.0192
105558.0,320.6747,30.3139,320.6746,30.314,320.6746,30.3097,0.0,0.0002,0.0,0.0139
105665.0,321.0371,-20.8469,321.0371,-20.8469,321.04,-20.8519,0.0,-0.0002,0.0009,-0.024
105662.0,321.0297,-22.7426,321.0297,-22.7425,321.0329,-22.7469,0.0,-0.0002,0.001,-0.0192
105497.0,320.4985,49.3839,320.4984,49.384,320.5017,49.3889,0.0,0.0001,0.001,0.0101
105561.0,320.6959,38.6335,320.6959,38.6336,320.6954,38.6342,0.0,0.0001,0.0002,0.0017
105668.0,321.0434,-12.8768,321.0434,-12.8767,321.0479,-12.8781,0.0,-0.0004,0.0014,-0.0099
105841.0,321.5692,-54.6589,321.5693,-54.6588,321.5642,-54.6606,0.0,-0.0001,0.0016,-0.0031
105607.0,320.8456,37.403,320.8455,37.403,320.8458,37.4067,0.0,0.0001,0.0001,0.0098
105652.0,320.9936,24.2768,320.9935,24.2769,320.995,24.2742,0.0,0.0002,0.0004,0.011
105695.0,321.1053,10.1718,321.1053,10.1718,321.1025,10.1742,0.0,0.0005,0.0009,0.0236
105729.0,321.2141,-3.3936,321.2141,-3.3936,321.2154,-3.3983,0.0,-0.0014,0.0004,-0.138
105637.0,320.9524,37.3466,320.9523,37.3466,320.9512,37.3514,0.0,0.0001,0.0004,0.0128
105660.0,321.0247,25.3114,321.0246,25.3114,321.0308,25.3122,0.0,0.0002,0.0019,0.0033
105761.0,321.3003,-9.7461,321.3003,-9.7461,321.3046,-9.7486,0.0,-0.0005,0.0013,-0.0257
106044.0,322.1832,-69.5092,322.1834,-69.5092,322.1871,-69.5053,0.0,-0.0001,0.0012,-0.0057
105689.0,321.0962,24.5264,321.0961,24.5264,321.0962,24.5289,0.0,0.0002,0.0,0.0103
105703.0,321.1439,26.176,321.1439,26.176,321.1417,26.1744,0.0,0.0002,0.0007,0.0059
105767.0,321.3262,-3.5565,321.3262,-3.5565,321.3208,-3.5567,0.0,-0.0013,0.0017,-0.0043
105854.0,321.5895,-37.8292,321.5895,-37.8291,321.5954,-37.8294,0.0,-0.0001,0.0019,-0.0008
106424.0,323.3282,-80.0397,323.3285,-80.0396,323.3358,-80.0392,0.0001,-0.0001,0.0024,-0.0006
105913.0,321.7587,-42.5469,321.7587,-42.5469,321.7567,-42.5478,0.0,-0.0001,0.0006,-0.0021
105881.0,321.6685,-22.4106,321.6685,-22.4105,321.6667,-22.4114,0.0,-0.0002,0.0006,-0.0037
105864.0,321.6181,1.1022,321.618,1.1022,321.6171,1.1033,0.0,0.0044,0.0003,0.1032
105733.0,321.2359,49.3234,321.2358,49.3234,321.2312,49.3233,0.0,0.0001,0.0014,0.0001
105928.0,321.8156,-21.199,321.8156,-21.199,321.8117,-21.1961,0.0,-0.0002,0.0012,-0.0136
105769.0,321.3225,46.7138,321.3224,46.7139,321.3317,46.7144,0.0,0.0001,0.0028,0.0013
105811.0,321.443,36.6632,321.4429,36.6633,321.4458,36.6675,0.0,0.0001,0.0009,0.0116
105860.0,321.6113,19.3732,321.6113,19.3733,321.6113,19.3756,0.0,0.0002,0.0,0.012
106065.0,322.2423,-53.7058,322.2424,-53.7057,322.2513,-53.7058,0.0,-0.0001,0.0028,-0.0001
106007.0,322.0592,-11.5701,322.0592,-11.57,322.0579,-11.5683,0.0,-0.0004,0.0004,-0.0151
106039.0,322.1834,-21.8084,322.1834,-21.8083,322.1808,-21.8072,0.0,-0.0002,0.0008,-0.0053
106067.0,322.27,-31.2385,322.27,-31.2385,322.2658,-31.2386,0.0,-0.0002,0.0013,-0.0002
105898.0,321.7205,48.8373,321.7204,48.8374,321.715,48.835,0.0,0.0001,0.0017,0.0048
105966.0,321.9193,27.604,321.9192,27.604,321.9171,27.6086,0.0,0.0002,0.0007,0.0168
105891.0,321.6882,52.8971,321.6881,52.8971,321.6875,52.8986,0.0,0.0001,0.0002,0.0029
106021.0,322.1025,8.1947,322.1025,8.1948,322.1033,8.1956,0.0,0.0006,0.0003,0.0099
106003.0,322.0303,32.2229,322.0302,32.223,322.0346,32.2253,0.0,0.0002,0.0013,0.0074
106064.0,322.2513,17.9006,322.2513,17.9006,322.2496,17.9058,0.0,0.0003,0.0005,0.0294
106143.0,322.4995,-19.1511,322.4995,-19.151,322.4983,-19.1478,0.0,-0.0003,0.0004,-0.0172
106062.0,322.2482,22.1775,322.2482,22.1775,322.2496,22.1794,0.0,0.0002,0.0004,0.0089
106140.0,322.4852,23.6431,322.4851,23.6431,322.4871,23.6389,0.0,0.0002,0.0006,0.0176
106052.0,322.2161,55.4211,322.2159,55.4211,322.2196,55.4186,0.0,0.0001,0.0011,0.0045
105972.0,321.9435,66.8082,321.9433,66.8083,321.9421,66.8092,0.0001,0.0001,0.0004,0.0014
106093.0,322.3569,46.5365,322.3568,46.5366,322.3625,46.5406,0.0,0.0001,0.0017,0.0086
106327.0,323.0277,-41.1789,323.0277,-41.1789,323.0246,-41.1792,0.0,-0.0001,0.001,-0.0005
106340.0,323.0661,-33.9459,323.0661,-33.9459,323.0608,-33.9447,0.0,-0.0001,0.0016,-0.0036
106243.0,322.7886,12.1438,322.7886,12.1439,322.79,12.1375,0.0,0.0004,0.0004,0.052
106278.0,322.8894,-5.5736,322.8894,-5.5736,322.8896,-5.5711,0.0,-0.0009,0.0001,-0.0453
106419.0,323.3285,-52.739,323.3285,-52.739,323.3238,-52.7375,0.0,-0.0001,0.0015,-0.0029
106881.0,324.7436,-79.4387,324.7439,-79.4387,324.7342,-79.4425,0.0001,-0.0001,0.0029,-0.0047
106363.0,323.1319,-24.5919,323.1319,-24.5919,323.1388,-24.5906,0.0,-0.0002,0.0021,-0.0055
106429.0,323.3448,-44.8524,323.3448,-44.8523,323.3479,-44.8486,0.0,-0.0001,0.001,-0.0084
106171.0,322.5821,52.9542,322.582,52.9542,322.585,52.9581,0.0,0.0001,0.0009,0.0073
106032.0,322.1585,70.564,322.1583,70.564,322.165,70.5608,0.0001,0.0001,0.002,0.0044
105727.0,321.2043,80.5236,321.2039,80.5236,321.2071,80.5247,0.0001,0.0001,0.0009,0.0015
106355.0,323.1145,23.3943,323.1144,23.3944,323.1129,23.3944,0.0,0.0002,0.0005,0.0004
106500.0,323.573,-42.9272,323.5731,-42.9272,323.5708,-42.925,0.0,-0.0001,0.0007,-0.0052
106267.0,322.8681,52.623,322.868,52.623,322.8646,52.62,0.0,0.0001,0.0011,0.0057
106227.0,322.7563,60.4612,322.7562,60.4613,322.7471,60.4594,0.0,0.0001,0.0029,0.0029
106564.0,323.724,-29.6945,323.724,-29.6944,323.7208,-29.6961,0.0,-0.0002,0.001,-0.0054
106559.0,323.7175,-20.0834,323.7175,-20.0834,323.7125,-20.0844,0.0,-0.0003,0.0015,-0.0051
106393.0,323.2399,49.9749,323.2398,49.9749,323.2358,49.9778,0.0,0.0001,0.0013,0.0058
106590.0,323.8158,-23.4559,323.8158,-23.4558,323.8162,-23.4542,0.0,-0.0002,0.0001,-0.0074
106420.0,323.3258,45.8494,323.3257,45.8494,323.3246,45.8542,0.0,0.0001,0.0004,0.0104
106818.0,324.5144,-64.8215,324.5145,-64.8215,324.5121,-64.8242,0.0,-0.0001,0.0007,-0.0041
106527.0,323.6372,22.754,323.6371,22.7541,323.6417,22.7547,0.0,0.0002,0.0014,0.0031
106592.0,323.8221,-3.9864,323.8221,-3.9863,323.8233,-3.9831,0.0,-0.0013,0.0004,-0.0831
106481.0,323.4937,45.5901,323.4936,45.5902,323.4954,45.5919,0.0,0.0001,0.0005,0.004
106654.0,324.0425,-26.1685,324.0425,-26.1685,324.0458,-26.1714,0.0,-0.0002,0.001,-0.011
107089.0,325.3701,-77.3886,325.3704,-77.3885,325.3688,-77.39,0.0001,-0.0001,0.0004,-0.0019
106551.0,323.6887,38.5364,323.6886,38.5364,323.6942,38.5342,0.0,0.0001,0.0017,0.0057
106703.0,324.1969,-33.0444,324.1969,-33.0443,324.2038,-33.0481,0.0,-0.0002,0.0021,-0.0112
106595.0,323.8316,28.1949,323.8315,28.195,323.8292,28.1972,0.0,0.0002,0.0007,0.0081
106605.0,323.8668,24.4526,323.8668,24.4526,323.8625,24.4522,0.0,0.0002,0.0013,0.0015
106518.0,323.6148,51.6986,323.6146,51.6987,323.6146,51.6983,0.0,0.0001,0.0001,0.0006
106723.0,324.2691,-19.4674,324.2691,-19.4673,324.27,-19.4661,0.0,-0.0003,0.0003,-0.0065
106661.0,324.0576,30.0568,324.0575,30.0569,324.0579,30.0556,0.0,0.0002,0.0001,0.0043
106642.0,324.0047,45.3758,324.0046,45.3759,324.01,45.3747,0.0,0.0001,0.0016,0.0024
106786.0,324.4323,-7.8512,324.4323,-7.8511,324.4379,-7.8542,0.0,-0.0007,0.0017,-0.0382
106781.0,324.4305,6.6185,324.4304,6.6185,324.4321,6.6183,0.0,0.0008,0.0005,0.0021
106711.0,324.239,40.4157,324.239,40.4158,324.2375,40.4136,0.0,0.0001,0.0005,0.0052
106787.0,324.441,19.3173,324.4409,19.3174,324.4392,19.3186,0.0,0.0003,0.0006,0.0068
106907.0,324.7699,-33.6807,324.7699,-33.6807,324.7754,-33.6792,0.0,-0.0002,0.0017,-0.0046
106978.0,324.9971,-52.3582,324.9972,-52.3581,324.9987,-52.3592,0.0,-0.0001,0.0005,-0.0019
106856.0,324.6322,5.7688,324.6322,5.7689,324.6329,5.7717,0.0,0.0009,0.0002,0.0491
107030.0,325.1478,-55.7399,325.1479,-55.7398,325.14,-55.7375,0.0,-0.0001,0.0024,-0.0042
106752.0,324.3592,44.6987,324.3591,44.6988,324.3663,44.6967,0.0,0.0001,0.0022,0.0046
106938.0,324.8649,-10.5721,324.8649,-10.572,324.8671,-10.5769,0.0,-0.0005,0.0007,-0.0463
106872.0,324.6882,25.5015,324.6882,25.5015,324.6875,25.4989,0.0,0.0002,0.0002,0.0102
106771.0,324.4113,54.0459,324.4111,54.046,324.4113,54.0422,0.0,0.0001,0.0,0.0069
106897.0,324.7508,20.2642,324.7507,20.2643,324.7546,20.2653,0.0,0.0003,0.0012,0.0051
106944.0,324.8918,2.2448,324.8918,2.2449,324.8888,2.2436,0.0,0.0023,0.0009,0.0546
106985.0,325.0203,-16.66,325.0203,-16.6599,325.0229,-16.6622,0.0,-0.0003,0.0008,-0.0133
106801.0,324.4738,62.0833,324.4736,62.0834,324.48,62.0819,0.0,0.0001,0.0019,0.0022
107843.0,327.7152,-82.7212,327.7156,-82.7212,327.7262,-82.7192,0.0001,-0.0001,0.0034,-0.0025
106886.0,324.7376,57.49,324.7374,57.49,324.74,57.4892,0.0,0.0001,0.0007,0.0014
107112.0,325.4453,-25.1008,325.4453,-25.1007,325.4421,-25.1019,0.0,-0.0002,0.001,-0.0046
107095.0,325.3901,-14.043,325.3901,-14.0429,325.3871,-14.0475,0.0,-0.0004,0.0009,-0.0321
106999.0,325.0409,43.2721,325.0408,43.2721,325.0462,43.2739,0.0,0.0001,0.0016,0.0042
107128.0,325.5014,-23.2625,325.5014,-23.2624,325.5033,-23.2628,0.0,-0.0002,0.0006,-0.0014
107144.0,325.5439,1.2851,325.5439,1.2851,325.5421,1.2853,0.0,0.0041,0.0006,0.0156
107188.0,325.6644,-18.8651,325.6644,-18.8651,325.6646,-18.8664,0.0,-0.0003,0.0,-0.0066
107151.0,325.5681,5.6786,325.568,5.6786,325.5646,5.68,0.0,0.0009,0.0011,0.0248
107041.0,325.1806,54.8683,325.1805,54.8684,325.1804,54.8722,0.0,0.0001,0.0001,0.0071
107097.0,325.3926,40.8019,325.3926,40.8019,325.3929,40.8053,0.0,0.0001,0.0001,0.0083
107173.0,325.6359,10.8292,325.6358,10.8293,325.6375,10.8247,0.0,0.0005,0.0005,0.0416
107238.0,325.8066,-19.6246,325.8066,-19.6246,325.8062,-19.6208,0.0,-0.0003,0.0001,-0.0192
112355.0,341.3275,-88.8228,341.3298,-88.8227,341.3692,-88.8183,0.0007,-0.0001,0.0122,-0.005
107232.0,325.7691,-14.3966,325.7691,-14.3965,325.7683,-14.3997,0.0,-0.0004,0.0002,-0.0217
107129.0,325.5107,35.5115,325.5106,35.5116,325.5046,35.5103,0.0,0.0001,0.0019,0.0035
107140.0,325.5299,45.7643,325.5298,45.7643,325.535,45.7658,0.0,0.0001,0.0016,0.0034
107344.0,326.1236,-38.5519,326.1236,-38.5519,326.1229,-38.5525,0.0,-0.0001,0.0002,-0.0015
107162.0,325.5985,41.0732,325.5985,41.0732,325.5954,41.0772,0.0,0.0001,0.001,0.0098
107136.0,325.5215,51.1896,325.5214,51.1897,325.5237,51.1897,0.0,0.0001,0.0007,0.0002
107302.0,326.0043,-14.7467,326.0042,-14.7466,326.0042,-14.7494,0.0,-0.0004,0.0,-0.0188
107409.0,326.3202,-49.5012,326.3202,-49.5012,326.3292,-49.4986,0.0,-0.0001,0.0028,-0.0053
107186.0,325.6641,49.6025,325.664,49.6025,325.6621,49.6003,0.0,0.0001,0.0006,0.0044
107380.0,326.2341,-33.0226,326.2341,-33.0225,326.2367,-33.0258,0.0,-0.0002,0.0008,-0.0099
107235.0,325.7823,41.1551,325.7822,41.1551,325.7767,41.155,0.0,0.0001,0.0017,0.0002
107253.0,325.8521,38.2819,325.8521,38.2819,325.8571,38.2839,0.0,0.0001,0.0015,0.0052
107315.0,326.0479,9.8727,326.0478,9.8728,326.0467,9.875,0.0,0.0005,0.0004,0.0231
107310.0,326.0313,28.7398,326.0313,28.7399,326.0358,28.7428,0.0,0.0002,0.0014,0.0103
,326.0313,28.7398,326.0313,28.7399,326.0346,28.7431,0.0,0.0002,0.001,0.0112
107382.0,326.2503,-9.0839,326.2503,-9.0839,326.2512,-9.0825,0.0,-0.0006,0.0003,-0.0155
107197.0,325.6832,59.2687,325.683,59.2687,325.6892,59.2711,0.0,0.0001,0.0018,0.0041
107350.0,326.1315,14.7718,326.1314,14.7719,326.1304,14.7719,0.0,0.0004,0.0003,0.0008
107354.0,326.1645,25.6418,326.1644,25.6418,326.1613,25.645,0.0,0.0002,0.001,0.0126
107259.0,325.8777,58.7869,325.8775,58.7869,325.8767,58.78,0.0,0.0001,0.0003,0.0117
107119.0,325.4777,71.3133,325.4774,71.3133,325.4804,71.3114,0.0001,0.0001,0.0008,0.0026
107487.0,326.5686,-9.2806,326.5685,-9.2806,326.5679,-9.2758,0.0,-0.0006,0.0002,-0.0515
107517.0,326.6355,-11.3677,326.6355,-11.3677,326.6338,-11.3658,0.0,-0.0005,0.0005,-0.0165
107445.0,326.431,35.859,326.4309,35.8591,326.4354,35.8572,0.0,0.0001,0.0013,0.005
107472.0,326.5161,22.9464,326.5161,22.9464,326.5183,22.9489,0.0,0.0002,0.0007,0.0109
107556.0,326.7569,-16.1265,326.7568,-16.1264,326.76,-16.1272,0.0,-0.0003,0.001,-0.0047
107649.0,327.0564,-47.3038,327.0565,-47.3038,327.0658,-47.3036,0.0,-0.0001,0.0029,-0.0005
107230.0,325.7771,72.3188,325.7769,72.3188,325.7667,72.3203,0.0001,0.0001,0.0032,0.0021
107502.0,326.597,25.5579,326.597,25.558,326.6,25.5633,0.0,0.0002,0.0009,0.0211
107608.0,326.9345,-30.8984,326.9345,-30.8983,326.9342,-30.8983,0.0,-0.0002,0.0001,-0.0001
107374.0,326.2351,62.4592,326.235,62.4593,326.2221,62.4606,0.0,0.0001,0.004,0.0021
107575.0,326.8088,2.6812,326.8088,2.6812,326.8083,2.6861,0.0,0.002,0.0002,0.1834
107488.0,326.5703,43.0637,326.5702,43.0637,326.5692,43.0608,0.0,0.0001,0.0004,0.0066
107558.0,326.7618,17.1943,326.7617,17.1943,326.7696,17.1942,0.0,0.0003,0.0024,0.0007
107773.0,327.5058,-64.7131,327.5059,-64.713,327.5004,-64.7125,0.0,-0.0001,0.0016,-0.0009
107596.0,326.9083,-5.9166,326.9083,-5.9165,326.9088,-5.9172,0.0,-0.0009,0.0001,-0.0113
107835.0,327.6839,-69.6291,327.684,-69.629,327.6962,-69.6294,0.0,-0.0001,0.0038,-0.0006
107418.0,326.3681,61.1177,326.368,61.1177,326.3621,61.1208,0.0,0.0001,0.0018,0.0052
107533.0,326.6967,49.3071,326.6966,49.3072,326.6983,49.3094,0.0,0.0001,0.0005,0.0047
107637.0,327.032,36.5763,327.0319,36.5763,327.0346,36.5806,0.0,0.0001,0.0008,0.0117
107750.0,327.4194,-12.7259,327.4193,-12.7258,327.4212,-12.7231,0.0,-0.0004,0.0006,-0.022
107664.0,327.1243,38.6461,327.1242,38.6461,327.1225,38.6486,0.0,0.0001,0.0006,0.0065
107586.0,326.8652,60.6934,326.8651,60.6935,326.8554,60.6928,0.0,0.0001,0.003,0.001
107797.0,327.5531,-16.8481,327.5531,-16.8481,327.5546,-16.8447,0.0,-0.0003,0.0005,-0.0203
107734.0,327.3578,20.4645,327.3578,20.4646,327.3621,20.4625,0.0,0.0003,0.0013,0.0098
107555.0,326.7639,70.1506,326.7637,70.1506,326.7542,70.1508,0.0001,0.0001,0.003,0.0003
107763.0,327.4617,30.1786,327.4617,30.1786,327.4612,30.1742,0.0,0.0002,0.0001,0.0146
107788.0,327.5363,17.2807,327.5362,17.2807,327.5362,17.2856,0.0,0.0003,0.0,0.0283
107749.0,327.4175,41.1452,327.4174,41.1452,327.4171,41.1489,0.0,0.0001,0.0001,0.0091
107901.0,327.9269,-18.6222,327.9269,-18.6221,327.9242,-18.6231,0.0,-0.0003,0.0008,-0.0048
107723.0,327.3355,61.2744,327.3353,61.2745,327.3292,61.2728,0.0,0.0001,0.0019,0.0027
107887.0,327.8935,19.8232,327.8935,19.8232,327.8925,19.8267,0.0,0.0003,0.0003,0.0176
107856.0,327.7688,39.5419,327.7687,39.5419,327.7704,39.5367,0.0,0.0001,0.0005,0.0132
107956.0,328.0754,21.2689,328.0753,21.269,328.0758,21.2731,0.0,0.0003,0.0001,0.0193
108036.0,328.321,-13.5555,328.3209,-13.5554,328.3242,-13.5517,0.0,-0.0004,0.001,-0.0282
108195.0,328.7949,-61.889,328.795,-61.8889,328.7979,-61.8864,0.0,-0.0001,0.0009,-0.0041
108085.0,328.4788,-37.363,328.4788,-37.3629,328.4821,-37.365,0.0,-0.0001,0.001,-0.0054
107975.0,328.1257,28.7913,328.1256,28.7913,328.1246,28.7933,0.0,0.0002,0.0003,0.0071
108058.0,328.4005,-10.3152,328.4005,-10.3151,328.4,-10.3117,0.0,-0.0005,0.0001,-0.0338
108022.0,328.2619,25.928,328.2618,25.928,328.2658,25.925,0.0,0.0002,0.0012,0.0114
107930.0,328.0027,55.7862,328.0025,55.7863,328.0042,55.7969,0.0,0.0001,0.0005,0.0192
108060.0,328.4047,19.6636,328.4046,19.6637,328.4058,19.6683,0.0,0.0003,0.0003,0.0241
108090.0,328.4881,6.862,328.4881,6.862,328.4908,6.8644,0.0,0.0008,0.0008,0.0359
108102.0,328.5451,-4.2723,328.545,-4.2723,328.5433,-4.2761,0.0,-0.0013,0.0005,-0.0885
107893.0,327.9115,65.7561,327.9114,65.7561,327.9054,65.7528,0.0001,0.0001,0.0019,0.005
108281.0,329.0612,-57.8961,329.0613,-57.8961,329.0583,-57.8994,0.0,-0.0001,0.0009,-0.0057
108144.0,328.6495,-3.3027,328.6494,-3.3026,328.6496,-3.3011,0.0,-0.0017,0.0,-0.0472
108119.0,328.5726,19.7191,328.5725,19.7191,328.5725,19.7183,0.0,0.0003,0.0,0.0038
108259.0,328.986,-30.6039,328.986,-30.6039,328.9817,-30.6064,0.0,-0.0002,0.0013,-0.0081
108294.0,329.09,-37.2566,329.09,-37.2566,329.095,-37.2536,0.0,-0.0002,0.0015,-0.0081
108347.0,329.2592,-37.7492,329.2592,-37.7491,329.2592,-37.7469,0.0,-0.0002,0.0,-0.0059
108431.0,329.4741,-54.9924,329.4741,-54.9923,329.4796,-54.9925,0.0,-0.0001,0.0017,-0.0002
108759.0,330.4829,-77.661,330.4832,-77.661,330.4671,-77.6625,0.0001,-0.0001,0.0048,-0.0019
108165.0,328.7195,56.6165,328.7194,56.6166,328.7217,56.6114,0.0,0.0001,0.0006,0.0091
108296.0,329.098,21.235,329.0979,21.235,329.1,21.2397,0.0,0.0003,0.0006,0.0224
108339.0,329.2362,12.0715,329.2362,12.0715,329.235,12.0764,0.0,0.0005,0.0004,0.0406
108209.0,328.8305,61.5456,328.8304,61.5457,328.8362,61.5419,0.0,0.0001,0.0017,0.006
108226.0,328.8843,65.3231,328.8842,65.3232,328.8796,65.3208,0.0001,0.0001,0.0014,0.0035
108453.0,329.5536,-5.424,329.5536,-5.4239,329.5554,-5.4247,0.0,-0.0011,0.0005,-0.0133
108348.0,329.2587,48.6742,329.2586,48.6743,329.2592,48.6686,0.0,0.0001,0.0001,0.0115
108494.0,329.6855,-21.1811,329.6855,-21.181,329.6825,-21.1828,0.0,-0.0003,0.0009,-0.0081
108543.0,329.8226,-38.3945,329.8226,-38.3944,329.8246,-38.3953,0.0,-0.0001,0.0006,-0.0021
108849.0,330.7707,-76.1191,330.7709,-76.119,330.7658,-76.1186,0.0001,-0.0001,0.0015,-0.0006
108506.0,329.7291,-4.3718,329.729,-4.3718,329.7292,-4.3731,0.0,-0.0013,0.0,-0.0281
108317.0,329.1594,63.6291,329.1592,63.6292,329.1629,63.6256,0.0,0.0001,0.0011,0.0056
108364.0,329.2927,66.1598,329.2925,66.1598,329.2962,66.1561,0.0001,0.0001,0.0011,0.0055
108870.0,330.7352,-56.7497,330.7352,-56.7497,330.84,-56.7861,0.0,-0.0001,0.0317,-0.0641
108505.0,329.7147,62.6954,329.7145,62.6955,329.7225,62.6983,0.0,0.0001,0.0024,0.0046
108553.0,329.839,57.659,329.8388,57.659,329.8458,57.6583,0.0,0.0001,0.0021,0.0011
108693.0,330.2703,13.1176,330.2703,13.1176,330.2725,13.1197,0.0,0.0004,0.0007,0.0163
108699.0,330.2857,8.2567,330.2857,8.2568,330.2883,8.2572,0.0,0.0007,0.0008,0.0061
108784.0,330.5512,-17.9066,330.5512,-17.9066,330.5496,-17.9036,0.0,-0.0003,0.0005,-0.0169
108420.0,329.4815,74.9945,329.4813,74.9945,329.4625,74.9967,0.0001,0.0001,0.0058,0.0029
108797.0,330.6053,-16.9636,330.6053,-16.9636,330.6108,-16.9642,0.0,-0.0003,0.0017,-0.0032
108766.0,330.5054,10.9703,330.5053,10.9704,330.5058,10.9739,0.0,0.0005,0.0001,0.0327
108871.0,330.8205,-29.9045,330.8205,-29.9045,330.8217,-29.9042,0.0,-0.0002,0.0004,-0.0012
108535.0,329.8117,73.1857,329.8115,73.1857,329.8125,73.18,0.0001,0.0001,0.0002,0.0078
108868.0,330.8161,-6.5234,330.8161,-6.5233,330.8183,-6.5225,0.0,-0.0009,0.0007,-0.0136
108874.0,330.8312,-2.1551,330.8312,-2.155,330.8288,-2.1553,0.0,-0.0027,0.0007,-0.0102
108758.0,330.4623,52.8849,330.4622,52.8849,330.4608,52.8822,0.0,0.0001,0.0005,0.005
108875.0,330.8307,11.3885,330.8306,11.3885,330.8292,11.3864,0.0,0.0005,0.0005,0.0183
108975.0,331.1577,-26.8226,331.1576,-26.8225,331.1533,-26.8225,0.0,-0.0002,0.0013,-0.0002
109081.0,331.4564,-59.6369,331.4564,-59.6368,331.4621,-59.6361,0.0,-0.0001,0.0017,-0.0013
109111.0,331.5227,-39.5412,331.5227,-39.5411,331.5288,-39.5433,0.0,-0.0001,0.0018,-0.0054
108969.0,331.1446,32.9464,331.1446,32.9465,331.1433,32.9419,0.0,0.0002,0.0004,0.0136
109068.0,331.423,5.0569,331.423,5.0569,331.42,5.0586,0.0,0.0012,0.0009,0.0344
109023.0,331.3016,26.6725,331.3015,26.6726,331.2975,26.6739,0.0,0.0002,0.0012,0.0051
108924.0,330.9797,63.1205,330.9795,63.1206,330.9704,63.1197,0.0,0.0001,0.0028,0.0012
108917.0,330.929,64.6268,330.9288,64.6269,330.9475,64.6278,0.0,0.0001,0.0056,0.0015
109139.0,331.6113,-13.8672,331.6113,-13.8672,331.6092,-13.8697,0.0,-0.0004,0.0006,-0.018
109056.0,331.3948,28.9584,331.3947,28.9584,331.3946,28.9639,0.0,0.0002,0.0001,0.019
109477.0,332.6694,-75.8796,332.6696,-75.8795,332.6771,-75.8806,0.0001,-0.0001,0.0023,-0.0013
109033.0,331.3205,46.7515,331.3204,46.7515,331.3183,46.7447,0.0,0.0001,0.0007,0.0145
109079.0,331.4591,45.1059,331.459,45.106,331.4608,45.1122,0.0,0.0001,0.0005,0.0139
108456.0,329.5754,82.8677,329.5749,82.8678,329.5529,82.8697,0.0002,0.0001,0.0068,0.0024
109268.0,332.0526,-46.9613,332.0526,-46.9612,332.0583,-46.9611,0.0,-0.0001,0.0017,-0.0003
109005.0,331.2495,62.7882,331.2494,62.7882,331.2521,62.7856,0.0,0.0001,0.0008,0.0042
109082.0,331.4646,48.2269,331.4645,48.227,331.4633,48.2317,0.0,0.0001,0.0004,0.0099
109017.0,331.2865,62.2789,331.2864,62.2789,331.2871,62.28,0.0,0.0001,0.0002,0.0018
109121.0,331.5496,45.2526,331.5495,45.2527,331.5517,45.2486,0.0,0.0001,0.0006,0.0088
109176.0,331.7539,25.3439,331.7538,25.3439,331.7529,25.345,0.0,0.0002,0.0003,0.0045
109285.0,332.0994,-32.9911,332.0994,-32.991,332.0958,-32.9886,0.0,-0.0002,0.0011,-0.0074
109584.0,332.9793,-76.1161,332.9795,-76.1161,332.9804,-76.1161,0.0001,-0.0001,0.0003,-0.0
109289.0,332.1062,-34.043,332.1062,-34.043,332.1083,-34.0439,0.0,-0.0002,0.0006,-0.0025
109124.0,331.5468,56.3441,331.5467,56.3441,331.5563,56.3431,0.0,0.0001,0.0028,0.0018
109209.0,331.8667,19.4753,331.8666,19.4754,331.8692,19.4756,0.0,0.0003,0.0007,0.0011
109306.0,332.179,-33.1263,332.179,-33.1262,332.1779,-33.1256,0.0,-0.0002,0.0003,-0.0023
109240.0,331.9565,21.7067,331.9565,21.7068,331.9596,21.7028,0.0,0.0003,0.0009,0.0182
109332.0,332.2432,-18.5193,332.2431,-18.5193,332.2458,-18.5197,0.0,-0.0003,0.0008,-0.0022
109408.0,332.4881,-48.1098,332.4882,-48.1097,332.4917,-48.1072,0.0,-0.0001,0.0011,-0.0053
109276.0,332.07,25.5424,332.0699,25.5425,332.0717,25.5436,0.0,0.0002,0.0005,0.0045
109190.0,331.7854,58.8439,331.7853,58.844,331.79,58.8408,0.0,0.0001,0.0014,0.0052
109205.0,331.8673,53.3065,331.8672,53.3066,331.8563,53.3072,0.0,0.0001,0.0033,0.0013
109272.0,332.0676,49.7996,332.0675,49.7997,332.0687,49.7964,0.0,0.0001,0.0003,0.0065
109412.0,332.5025,-28.2957,332.5025,-28.2956,332.5004,-28.2925,0.0,-0.0002,0.0006,-0.0112
109422.0,332.5315,-32.5503,332.5315,-32.5502,332.5367,-32.5483,0.0,-0.0002,0.0015,-0.006
109303.0,332.1724,45.7451,332.1723,45.7452,332.1708,45.7419,0.0,0.0001,0.0005,0.007
109352.0,332.3102,33.1777,332.3101,33.1778,332.3067,33.1722,0.0,0.0002,0.0011,0.0166
109427.0,332.5411,6.1985,332.541,6.1986,332.55,6.1978,0.0,0.001,0.0027,0.0115
109442.0,332.59,-3.893,332.5899,-3.893,332.5879,-3.8942,0.0,-0.0015,0.0006,-0.0287
109472.0,332.6533,-11.5676,332.6533,-11.5676,332.6563,-11.565,0.0,-0.0005,0.0009,-0.0226
109466.0,332.6439,-4.2674,332.6439,-4.2673,332.6408,-4.2672,0.0,-0.0014,0.0009,-0.0036
109410.0,332.4925,33.1814,332.4925,33.1815,332.4967,33.1783,0.0,0.0002,0.0012,0.0093
109439.0,332.5788,19.6147,332.5787,19.6148,332.5792,19.6169,0.0,0.0003,0.0001,0.0112
109445.0,332.5915,14.634,332.5914,14.634,332.5925,14.63,0.0,0.0004,0.0003,0.0271
109509.0,332.7586,-21.2319,332.7586,-21.2319,332.76,-21.2325,0.0,-0.0003,0.0004,-0.0027
109471.0,332.6527,11.6262,332.6526,11.6262,332.6558,11.6244,0.0,0.0005,0.001,0.015
109458.0,332.6299,20.9799,332.6298,20.9799,332.6258,20.9781,0.0,0.0003,0.0012,0.0087
109493.0,332.7135,30.5479,332.7134,30.5479,332.715,30.5531,0.0,0.0002,0.0005,0.017
109577.0,332.9609,16.0393,332.9608,16.0393,332.9638,16.0406,0.0,0.0004,0.0009,0.008
109624.0,333.1071,-14.1957,333.1071,-14.1957,333.1075,-14.1939,0.0,-0.0004,0.0001,-0.013
109521.0,332.7848,50.8242,332.7847,50.8243,332.7912,50.8233,0.0,0.0001,0.0019,0.0017
109667.0,333.236,-26.329,333.236,-26.3289,333.2396,-26.3278,0.0,-0.0002,0.0011,-0.0046
109492.0,332.7048,58.2036,332.7047,58.2037,332.7138,58.2011,0.0,0.0001,0.0027,0.0043
109647.0,333.1824,-4.721,333.1823,-4.7209,333.1825,-4.7208,0.0,-0.0013,0.0,-0.003
109400.0,332.4647,72.3393,332.4645,72.3394,332.4517,72.3411,0.0001,0.0001,0.0039,0.0025
109556.0,332.8817,59.4149,332.8816,59.415,332.8779,59.4144,0.0,0.0001,0.0011,0.0009
109737.0,333.4324,-25.1807,333.4324,-25.1807,333.435,-25.1808,0.0,-0.0002,0.0008,-0.0004
110078.0,334.4781,-77.5091,334.4783,-77.509,334.4604,-77.5117,0.0001,-0.0001,0.0053,-0.0034
109572.0,332.9359,56.8387,332.9358,56.8388,332.9533,56.8394,0.0,0.0001,0.0052,0.0012
109434.0,332.5694,72.1147,332.5692,72.1148,332.5638,72.1111,0.0001,0.0001,0.0017,0.005
109474.0,332.6576,70.132,332.6574,70.1321,332.6621,70.1328,0.0001,0.0001,0.0014,0.0011
109654.0,333.2062,34.6052,333.2061,34.6053,333.1992,34.6047,0.0,0.0002,0.0021,0.0015
109585.0,332.9767,59.0831,332.9766,59.0832,332.9871,59.0847,0.0,0.0001,0.0031,0.0027
109821.0,333.6456,-41.3694,333.6456,-41.3694,333.6608,-41.3817,0.0,-0.0001,0.0046,-0.0296
109789.0,333.572,-27.7674,333.572,-27.7673,333.5783,-27.7669,0.0,-0.0002,0.0019,-0.0015
109592.0,333.0012,60.7609,333.0011,60.761,333.0079,60.7594,0.0,0.0001,0.002,0.0025
109786.0,333.5747,-21.0772,333.5746,-21.0771,333.575,-21.0742,0.0,-0.0003,0.0001,-0.0143
110256.0,335.001,-80.435,335.0013,-80.4349,335.0062,-80.4397,0.0001,-0.0001,0.0016,-0.0059
109730.0,333.4114,28.6139,333.4114,28.614,333.4108,28.6083,0.0,0.0002,0.0002,0.0194
109620.0,333.0996,63.2918,333.0995,63.2919,333.0929,63.2914,0.0,0.0001,0.002,0.0007
109902.0,333.8951,-44.4525,333.8951,-44.4524,333.8962,-44.4519,0.0,-0.0001,0.0004,-0.0012
109754.0,333.4649,39.716,333.4648,39.716,333.4696,39.715,0.0,0.0002,0.0014,0.0024
109908.0,333.8982,-41.3484,333.8983,-41.3483,333.9038,-41.3467,0.0,-0.0001,0.0016,-0.0041
109745.0,333.4546,45.4381,333.4545,45.4382,333.4554,45.4408,0.0,0.0001,0.0002,0.006
109973.0,334.1136,-41.6292,334.1137,-41.6292,334.1108,-41.6275,0.0,-0.0001,0.0008,-0.0042
109831.0,333.6811,42.9535,333.681,42.9536,333.685,42.9539,0.0,0.0001,0.0012,0.0009
109746.0,333.4615,63.1615,333.4614,63.1615,333.4562,63.1625,0.0,0.0001,0.0016,0.0016
109939.0,333.9974,8.5556,333.9974,8.5557,333.9992,8.5494,0.0,0.0007,0.0005,0.072
109990.0,334.154,-25.8963,334.1539,-25.8962,334.1558,-25.8983,0.0,-0.0002,0.0006,-0.0078
109657.0,333.2179,73.3054,333.2177,73.3055,333.2204,73.3072,0.0001,0.0001,0.0007,0.0024
109857.0,333.7442,57.0447,333.7441,57.0447,333.7583,57.0436,0.0,0.0001,0.0042,0.0018
109984.0,334.1446,-1.5962,334.1445,-1.5961,334.14,-1.5964,0.0,-0.0039,0.0014,-0.0138
110000.0,334.2005,-12.8348,334.2005,-12.8348,334.2004,-12.8314,0.0,-0.0005,0.0,-0.0269
110018.0,334.2462,-23.137,334.2462,-23.1369,334.2492,-23.14,0.0,-0.0003,0.0009,-0.0132
109937.0,333.9963,37.7517,333.9962,37.7517,333.9925,37.7489,0.0,0.0002,0.0011,0.0073
110009.0,334.2185,-9.0361,334.2185,-9.0361,334.2192,-9.04,0.0,-0.0007,0.0002,-0.0429
110109.0,334.5599,-53.6154,334.56,-53.6154,334.565,-53.6278,0.0,-0.0001,0.0015,-0.0231
110130.0,334.6212,-60.2622,334.6213,-60.2621,334.6254,-60.2597,0.0,-0.0001,0.0012,-0.0041
109977.0,334.118,27.8059,334.1179,27.806,334.1237,27.8042,0.0,0.0002,0.0017,0.0064
110023.0,334.2823,-5.3879,334.2822,-5.3879,334.2771,-5.3872,0.0,-0.0011,0.0016,-0.013
111196.0,337.9179,-85.9655,337.9186,-85.9655,337.9058,-85.9672,0.0002,-0.0001,0.0036,-0.002
109972.0,334.1104,57.2149,334.1103,57.215,334.1104,57.2203,0.0,0.0001,0.0,0.0093
110179.0,334.75,-13.3016,334.75,-13.3015,334.7533,-13.305,0.0,-0.0005,0.001,-0.0259
110311.0,335.1449,-57.512,335.145,-57.512,335.1508,-57.51,0.0,-0.0001,0.0018,-0.0035
110171.0,334.737,37.7725,334.737,37.7725,334.7342,37.7694,0.0,0.0002,0.0009,0.0081
110103.0,334.5463,62.8067,334.5462,62.8068,334.5529,62.8044,0.0,0.0001,0.002,0.0037
110273.0,335.0457,-7.8184,335.0456,-7.8183,335.0496,-7.8211,0.0,-0.0008,0.0012,-0.0352
110298.0,335.1167,5.7864,335.1166,5.7865,335.115,5.7894,0.0,0.0011,0.0005,0.0518
110341.0,335.2268,8.1864,335.2267,8.1865,335.2325,8.1867,0.0,0.0008,0.0017,0.0027
110618.0,336.0907,-72.242,336.0909,-72.2419,336.1533,-72.2556,0.0,-0.0001,0.0186,-0.0188
110391.0,335.4022,-21.5974,335.4022,-21.5974,335.3983,-21.5983,0.0,-0.0003,0.0012,-0.0042
110346.0,335.247,26.9345,335.247,26.9345,335.2504,26.9353,0.0,0.0002,0.001,0.003
110395.0,335.4126,-1.3858,335.4126,-1.3857,335.4142,-1.3872,0.0,-0.0045,0.0005,-0.1029
110316.0,335.1696,50.9849,335.1695,50.9849,335.165,50.9808,0.0,0.0001,0.0014,0.0079
110386.0,335.3785,12.2098,335.3784,12.2099,335.3796,12.2053,0.0,0.0005,0.0003,0.0374
110478.0,335.6796,-45.9504,335.6796,-45.9504,335.6829,-45.9478,0.0,-0.0001,0.001,-0.0058
110371.0,335.3292,28.3335,335.3291,28.3336,335.3304,28.3306,0.0,0.0002,0.0004,0.0104
110351.0,335.2506,46.5374,335.2505,46.5375,335.2567,46.5367,0.0,0.0001,0.0018,0.0016
110506.0,335.7743,-45.9268,335.7744,-45.9267,335.7833,-45.9286,0.0,-0.0001,0.0027,-0.004
110116.0,334.5758,76.49,334.5755,76.49,334.585,76.4881,0.0001,0.0001,0.0028,0.0025
110668.0,336.2768,-70.4326,336.2769,-70.4325,336.2938,-70.4317,0.0,-0.0001,0.005,-0.0013
110408.0,335.4555,42.0784,335.4554,42.0784,335.4621,42.0783,0.0,0.0001,0.002,0.0
110529.0,335.8778,-24.7644,335.8778,-24.7643,335.8788,-24.7625,0.0,-0.0003,0.0003,-0.0077
110532.0,335.8874,-7.1962,335.8874,-7.1961,335.8838,-7.1944,0.0,-0.0009,0.0011,-0.024
110649.0,336.2304,-57.7926,336.2305,-57.7926,336.235,-57.7972,0.0,-0.0001,0.0014,-0.0079
110548.0,335.9087,20.8456,335.9086,20.8457,335.915,20.8483,0.0,0.0003,0.0019,0.013
110578.0,336.0275,-4.8379,336.0275,-4.8378,336.0287,-4.8369,0.0,-0.0013,0.0004,-0.0198
110602.0,336.1116,-13.5269,336.1115,-13.5269,336.1129,-13.5294,0.0,-0.0005,0.0004,-0.0184
110566.0,335.9725,38.5678,335.9725,38.5679,335.9758,38.5736,0.0,0.0002,0.001,0.015
110498.0,335.7481,62.4151,335.748,62.4152,335.7508,62.42,0.0,0.0001,0.0008,0.0078
110538.0,335.8935,52.2379,335.8934,52.238,335.89,52.2292,0.0,0.0001,0.001,0.0167
110672.0,336.3213,1.3787,336.3212,1.3788,336.3192,1.3775,0.0,0.0046,0.0006,0.0866
110838.0,336.8427,-64.966,336.8428,-64.966,336.8333,-64.9664,0.0,-0.0001,0.0028,-0.0005
110609.0,336.1307,49.4778,336.1306,49.4779,336.1292,49.4764,0.0,0.0001,0.0005,0.0029
110746.0,336.5455,-23.6852,336.5455,-23.6851,336.5446,-23.6825,0.0,-0.0003,0.0003,-0.0113
110696.0,336.4179,18.4422,336.4179,18.4423,336.4196,18.4444,0.0,0.0003,0.0005,0.012
110778.0,336.6424,-16.7441,336.6424,-16.744,336.6425,-16.7414,0.0,-0.0004,0.0,-0.016
,336.6424,-16.7441,336.6424,-16.744,336.6433,-16.7425,0.0,-0.0004,0.0003,-0.0093
109693.0,333.3434,86.1079,333.3425,86.108,333.2942,86.1081,0.0003,0.0001,0.0148,0.0002
110935.0,337.1538,-67.491,337.1539,-67.4909,337.1571,-67.4892,0.0,-0.0001,0.001,-0.0026
110785.0,336.6527,4.3909,336.6527,4.3909,336.6558,4.3936,0.0,0.0015,0.0009,0.0625
110790.0,336.6863,37.441,336.6863,37.441,336.6904,37.4439,0.0,0.0002,0.0012,0.0078
110550.0,335.8978,78.2445,335.8975,78.2446,335.9221,78.2433,0.0001,0.0001,0.0072,0.0015
110882.0,336.9678,4.6981,336.9678,4.6982,336.9646,4.6956,0.0,0.0014,0.001,0.0547
110936.0,337.1605,-39.1283,337.1605,-39.1283,337.1633,-39.1319,0.0,-0.0002,0.0009,-0.0092
110849.0,336.8569,39.807,336.8569,39.807,336.8604,39.8097,0.0,0.0002,0.001,0.0069
110873.0,336.9355,31.8409,336.9354,31.841,336.9425,31.8403,0.0,0.0002,0.0021,0.0021
110997.0,337.3121,-43.4985,337.3121,-43.4984,337.3175,-43.4956,0.0,-0.0001,0.0016,-0.0067
110725.0,336.4917,70.7747,336.4915,70.7748,336.5033,70.7708,0.0001,0.0001,0.0035,0.0055
111043.0,337.4402,-43.7485,337.4403,-43.7484,337.4396,-43.7494,0.0,-0.0001,0.0002,-0.0022
110817.0,336.7712,65.1346,336.7711,65.1346,336.7721,65.1322,0.0,0.0001,0.0003,0.0036
110986.0,337.2875,9.1291,337.2875,9.1292,337.2833,9.1289,0.0,0.0007,0.0012,0.0028
111045.0,337.4385,-27.1057,337.4385,-27.1056,337.4417,-27.1072,0.0,-0.0002,0.0009,-0.0057
110992.0,337.2876,26.7622,337.2875,26.7623,337.2925,26.7631,0.0,0.0002,0.0015,0.0032
111066.0,337.5045,-12.9182,337.5045,-12.9182,337.5062,-12.915,0.0,-0.0005,0.0005,-0.0251
111062.0,337.4959,4.4342,337.4959,4.4342,337.4917,4.4317,0.0,0.0015,0.0013,0.0566
111086.0,337.5683,-14.5856,337.5682,-14.5855,337.5725,-14.5858,0.0,-0.0004,0.0013,-0.0019
110919.0,337.0782,64.0877,337.0781,64.0878,337.0821,64.0856,0.0,0.0001,0.0011,0.0034
111041.0,337.4296,35.7284,337.4295,35.7284,337.4329,35.7256,0.0,0.0002,0.001,0.0079
111138.0,337.7263,-26.0713,337.7263,-26.0713,337.7238,-26.0736,0.0,-0.0002,0.0007,-0.0087
110991.0,337.2864,58.4124,337.2863,58.4124,337.2929,58.4153,0.0,0.0001,0.0019,0.005
111022.0,337.3779,47.7058,337.3778,47.7059,337.3825,47.7069,0.0,0.0001,0.0014,0.0024
111123.0,337.6605,-10.6793,337.6604,-10.6792,337.6617,-10.6781,0.0,-0.0006,0.0004,-0.0117
111068.0,337.5043,32.5743,337.5043,32.5743,337.5075,32.5725,0.0,0.0002,0.0009,0.0054
111072.0,337.5213,49.3568,337.5212,49.3568,337.5271,49.3561,0.0,0.0001,0.0017,0.0013
111188.0,337.8797,-32.3482,337.8797,-32.3482,337.8762,-32.3461,0.0,-0.0002,0.001,-0.0065
111504.0,338.8471,-78.7734,338.8473,-78.7733,338.86,-78.7717,0.0001,-0.0001,0.0038,-0.0022
110787.0,336.6795,78.7822,336.6792,78.7823,336.6771,78.7858,0.0001,0.0001,0.0007,0.0046
111104.0,337.6159,43.1233,337.6158,43.1234,337.6221,43.1233,0.0,0.0002,0.0018,0.0001
111171.0,337.8225,-2.9106,337.8225,-2.9105,337.8267,-2.9111,0.0,-0.0022,0.0012,-0.0192
111170.0,337.827,-6.5567,337.827,-6.5566,337.8267,-6.555,0.0,-0.001,0.0001,-0.0261
111310.0,338.2481,-61.9803,338.2482,-61.9803,338.2504,-61.9822,0.0,-0.0001,0.0007,-0.0031
111200.0,337.9243,-10.9073,337.9243,-10.9073,337.9221,-10.9056,0.0,-0.0006,0.0007,-0.0162
111191.0,337.8895,29.5462,337.8894,29.5463,337.8925,29.5428,0.0,0.0002,0.0009,0.0116
111169.0,337.8251,50.2809,337.825,50.281,337.8229,50.2825,0.0,0.0001,0.0006,0.0032
111278.0,338.141,20.2298,338.141,20.2299,338.1479,20.23,0.0,0.0003,0.002,0.0009
111296.0,338.1963,15.8578,338.1963,15.8579,338.1954,15.8633,0.0,0.0004,0.0003,0.0347
111259.0,338.1127,39.7782,338.1126,39.7783,338.11,39.7797,0.0,0.0002,0.0008,0.0039
111247.0,338.0736,54.0371,338.0735,54.0372,338.0783,54.0375,0.0,0.0001,0.0014,0.0007
111394.0,338.5068,-1.5718,338.5068,-1.5717,338.5121,-1.5742,0.0,-0.0042,0.0016,-0.1514
111056.0,337.4768,78.8236,337.4765,78.8237,337.4704,78.8242,0.0001,0.0001,0.0019,0.0007
111449.0,338.6738,-20.7086,338.6737,-20.7085,338.6733,-20.7083,0.0,-0.0003,0.0001,-0.0011
111548.0,338.9707,-57.8793,338.9708,-57.8792,338.9704,-57.8836,0.0,-0.0001,0.0001,-0.0075
111362.0,338.421,56.6225,338.4209,56.6226,338.4192,56.625,0.0,0.0001,0.0005,0.0044
111314.0,338.257,69.9073,338.2569,69.9074,338.2621,69.9136,0.0001,0.0001,0.0015,0.009
111515.0,338.9048,-23.9918,338.9048,-23.9917,338.9021,-23.9911,0.0,-0.0003,0.0008,-0.0027
111325.0,338.3137,70.3733,338.3135,70.3733,338.3208,70.3739,0.0001,0.0001,0.0021,0.0009
111242.0,338.0472,76.2276,338.047,76.2277,338.0675,76.2264,0.0001,0.0001,0.006,0.0016
111594.0,339.1174,-40.5841,339.1174,-40.584,339.1221,-40.5828,0.0,-0.0002,0.0014,-0.0033
111600.0,339.1489,-31.6645,339.1489,-31.6645,339.1475,-31.6639,0.0,-0.0002,0.0004,-0.002
111643.0,339.2424,-40.5899,339.2424,-40.5898,339.245,-40.5911,0.0,-0.0002,0.0008,-0.003
111544.0,338.9753,39.6331,338.9752,39.6332,338.9679,39.6342,0.0,0.0002,0.0022,0.0027
111567.0,339.03,35.5821,339.0299,35.5822,339.0329,35.5772,0.0,0.0002,0.0009,0.0137
111601.0,339.1508,11.6936,339.1507,11.6936,339.1517,11.6969,0.0,0.0006,0.0003,0.029
111550.0,338.9688,50.0738,338.9687,50.0739,338.9725,50.0711,0.0,0.0001,0.0011,0.0054
111543.0,338.9737,56.0719,338.9736,56.072,338.9658,56.07,0.0,0.0001,0.0023,0.0034
111649.0,339.2721,12.5795,339.272,12.5796,339.2696,12.5772,0.0,0.0005,0.0007,0.0184
111627.0,339.2041,35.6576,339.204,35.6577,339.2029,35.6525,0.0,0.0002,0.0003,0.0144
111710.0,339.436,-4.227,339.436,-4.227,339.4392,-4.2281,0.0,-0.0016,0.0009,-0.0245
111833.0,339.7883,-52.6908,339.7883,-52.6907,339.785,-52.6922,0.0,-0.0001,0.001,-0.0027
111761.0,339.587,-7.8969,339.587,-7.8969,339.5925,-7.8978,0.0,-0.0008,0.0016,-0.0107
111674.0,339.3384,51.5446,339.3383,51.5446,339.3433,51.5453,0.0,0.0001,0.0015,0.0014
111801.0,339.6838,-28.7489,339.6838,-28.7488,339.6862,-28.7478,0.0,-0.0002,0.0007,-0.0039
111532.0,338.9402,73.6428,338.94,73.6429,338.9421,73.6431,0.0001,0.0001,0.0006,0.0003
111809.0,339.7132,-33.0802,339.7132,-33.0802,339.7146,-33.0814,0.0,-0.0002,0.0004,-0.0035
111753.0,339.5688,45.1827,339.5687,45.1827,339.5729,45.1831,0.0,0.0001,0.0012,0.0009
111810.0,339.7229,19.5209,339.7229,19.521,339.7192,19.5222,0.0,0.0003,0.0011,0.0068
111879.0,339.9336,-28.3235,339.9336,-28.3235,339.9333,-28.3253,0.0,-0.0002,0.0001,-0.0061
111967.0,340.2027,-57.4232,340.2028,-57.4232,340.2038,-57.4222,0.0,-0.0001,0.0003,-0.0018
111795.0,339.6683,56.7943,339.6681,56.7943,339.6579,56.7958,0.0,0.0001,0.003,0.0027
111841.0,339.8123,39.0527,339.8122,39.0527,339.8154,39.0503,0.0,0.0002,0.0009,0.0061
111934.0,340.096,-30.6582,340.096,-30.6582,340.0929,-30.6589,0.0,-0.0002,0.0009,-0.0022
111884.0,339.9477,19.6843,339.9476,19.6843,339.9458,19.6811,0.0,0.0003,0.0005,0.016
111660.0,339.2879,75.3713,339.2876,75.3714,339.3042,75.3717,0.0001,0.0001,0.0048,0.0004
111869.0,339.8957,37.593,339.8956,37.593,339.8929,37.5928,0.0,0.0002,0.0008,0.0005
111797.0,339.6599,63.5843,339.6598,63.5844,339.6625,63.5844,0.0,0.0001,0.0008,0.0003
111954.0,340.1595,-27.0415,340.1595,-27.0414,340.1642,-27.0436,0.0,-0.0002,0.0014,-0.0078
111965.0,340.1959,-3.5514,340.1959,-3.5513,340.2,-3.5542,0.0,-0.0019,0.0012,-0.0775
112405.0,341.5079,-81.3859,341.5082,-81.3859,341.5137,-81.3817,0.0001,-0.0001,0.0017,-0.0052
111974.0,340.2128,14.546,340.2128,14.5461,340.2196,14.5494,0.0,0.0005,0.002,0.0235
111944.0,340.1214,44.2783,340.1213,44.2784,340.1288,44.2764,0.0,0.0002,0.0022,0.0043
111925.0,340.0745,53.8461,340.0744,53.8462,340.0767,53.8461,0.0,0.0001,0.0006,0.0
112029.0,340.3649,10.8336,340.3649,10.8336,340.3654,10.8314,0.0,0.0006,0.0001,0.0201
112117.0,340.6512,-47.2042,340.6512,-47.2041,340.6538,-47.2106,0.0,-0.0001,0.0008,-0.0134
112122.0,340.6605,-46.885,340.6605,-46.8849,340.6671,-46.8847,0.0,-0.0001,0.0019,-0.0006
112102.0,340.5963,-29.3629,340.5963,-29.3628,340.5921,-29.3608,0.0,-0.0002,0.0012,-0.007
112032.0,340.3745,30.9652,340.3745,30.9652,340.3808,30.9658,0.0,0.0002,0.0018,0.0022
112127.0,340.6713,-44.2481,340.6713,-44.248,340.6796,-44.2478,0.0,-0.0002,0.0024,-0.0007
112031.0,340.366,40.226,340.366,40.2261,340.3692,40.2256,0.0,0.0002,0.0009,0.0011
112051.0,340.4394,29.3062,340.4393,29.3063,340.4392,29.3075,0.0,0.0002,0.0001,0.0043
112067.0,340.4879,14.5223,340.4879,14.5223,340.4892,14.5164,0.0,0.0005,0.0004,0.0405
112041.0,340.3919,41.5503,340.3918,41.5503,340.4004,41.5494,0.0,0.0002,0.0025,0.002
112203.0,340.8754,-41.4107,340.8755,-41.4106,340.875,-41.4144,0.0,-0.0002,0.0001,-0.0092
112168.0,340.7653,-8.3133,340.7652,-8.3132,340.7646,-8.3117,0.0,-0.0008,0.0002,-0.0195
112259.0,341.0742,-60.4993,341.0743,-60.4993,341.0688,-60.4994,0.0,-0.0001,0.0016,-0.0002
112179.0,340.809,-6.9651,340.809,-6.9651,340.8096,-6.9628,0.0,-0.001,0.0002,-0.0339
112098.0,340.5931,53.9107,340.593,53.9108,340.5867,53.9089,0.0,0.0001,0.0019,0.0034
112211.0,340.8948,-18.8296,340.8948,-18.8295,340.8971,-18.8303,0.0,-0.0004,0.0007,-0.0035
112158.0,340.7523,30.2261,340.7523,30.2262,340.7504,30.2214,0.0,0.0002,0.0006,0.0157
112144.0,340.7267,37.8034,340.7266,37.8035,340.7312,37.8028,0.0,0.0002,0.0013,0.0017
112170.0,340.7745,47.1653,340.7744,47.1653,340.7687,47.1686,0.0,0.0001,0.0017,0.0071
112222.0,340.9274,10.9441,340.9274,10.9441,340.9279,10.9392,0.0,0.0006,0.0002,0.0447
112241.0,341.0172,39.4635,341.0172,39.4635,341.0217,39.4656,0.0,0.0002,0.0013,0.0053
112374.0,341.4071,-53.5002,341.4071,-53.5001,341.4079,-53.5003,0.0,-0.0001,0.0002,-0.0001
112242.0,341.023,41.8155,341.0229,41.8156,341.0229,41.8192,0.0,0.0002,0.0,0.0088
112381.0,341.4254,-46.5483,341.4254,-46.5482,341.4196,-46.5475,0.0,-0.0001,0.0017,-0.0017
112414.0,341.5332,-48.9762,341.5333,-48.9762,341.5333,-48.9789,0.0,-0.0001,0.0,-0.0054
112432.0,341.6153,-49.6827,341.6153,-49.6826,341.6179,-49.6858,0.0,-0.0001,0.0008,-0.0064
112300.0,341.2004,52.517,341.2003,52.5171,341.205,52.5172,0.0,0.0001,0.0014,0.0004
112449.0,341.6754,-46.9414,341.6754,-46.9414,341.6821,-46.9394,0.0,-0.0001,0.002,-0.0042
112781.0,342.6045,-80.1202,342.6047,-80.1201,342.5954,-80.1242,0.0001,-0.0001,0.0026,-0.005
112725.0,342.4254,-77.0504,342.4255,-77.0503,342.4204,-77.0506,0.0001,-0.0001,0.0014,-0.0003
112447.0,341.6708,12.1823,341.6708,12.1823,341.6733,12.1728,0.0,0.0006,0.0007,0.0778
112417.0,341.5405,44.5416,341.5404,44.5417,341.5425,44.5461,0.0,0.0002,0.0006,0.01
112440.0,341.6368,23.5631,341.6367,23.5632,341.6329,23.5656,0.0,0.0003,0.0011,0.0103
112501.0,341.8296,-34.1614,341.8296,-34.1613,341.8296,-34.1611,0.0,-0.0002,0.0,-0.0008
112603.0,342.0882,-61.6852,342.0882,-61.6851,342.0892,-61.6842,0.0,-0.0001,0.0003,-0.0016
112529.0,341.8907,-19.6123,341.8907,-19.6122,341.8879,-19.6133,0.0,-0.0004,0.0008,-0.0055
112554.0,341.9419,-38.2226,341.9419,-38.2225,341.9462,-38.2219,0.0,-0.0002,0.0013,-0.0016
112694.0,342.3158,-70.3468,342.3159,-70.3467,342.3225,-70.3478,0.0,-0.0001,0.002,-0.0014
112542.0,341.9239,-14.0555,341.9239,-14.0555,341.9283,-14.0564,0.0,-0.0005,0.0013,-0.0062
112567.0,341.9778,-25.9119,341.9777,-25.9118,341.9842,-25.9119,0.0,-0.0003,0.0019,-0.0002
112623.0,342.1407,-51.3126,342.1408,-51.3125,342.1388,-51.3169,0.0,-0.0001,0.0006,-0.0085
112615.0,342.13,-10.5568,342.13,-10.5567,342.1258,-10.5556,0.0,-0.0007,0.0012,-0.012
112508.0,341.8496,58.4882,341.8495,58.4882,341.8467,58.4828,0.0,0.0001,0.0009,0.0092
112716.0,342.3998,-13.5902,342.3998,-13.5901,342.3979,-13.5925,0.0,-0.0005,0.0005,-0.0171
112746.0,342.4985,-32.8042,342.4985,-32.8041,342.4963,-32.8053,0.0,-0.0002,0.0007,-0.0033
112714.0,342.3831,10.4758,342.383,10.4759,342.3846,10.4789,0.0,0.0007,0.0004,0.0295
112641.0,342.1978,54.4167,342.1977,54.4167,342.1992,54.415,0.0,0.0001,0.0004,0.0031
112635.0,342.1826,62.9439,342.1825,62.944,342.1842,62.9383,0.0,0.0001,0.0005,0.0088
112748.0,342.5023,24.6001,342.5022,24.6001,342.5008,24.6017,0.0,0.0003,0.0004,0.0065
112832.0,342.7597,-39.1554,342.7597,-39.1553,342.7592,-39.1569,0.0,-0.0002,0.0002,-0.004
112895.0,342.9456,-59.8805,342.9456,-59.8804,342.9371,-59.8814,0.0,-0.0001,0.0025,-0.0015
112670.0,342.2431,68.564,342.243,68.5641,342.2529,68.5703,0.0,0.0001,0.0029,0.0091
112731.0,342.4441,55.9017,342.444,55.9017,342.4425,55.9028,0.0,0.0001,0.0005,0.002
112924.0,343.0481,-63.1878,343.0481,-63.1877,343.0412,-63.1886,0.0,-0.0001,0.002,-0.0013
112778.0,342.5858,41.9561,342.5857,41.9562,342.5908,41.9536,0.0,0.0002,0.0015,0.006
112803.0,342.6615,19.1429,342.6615,19.143,342.6629,19.1408,0.0,0.0004,0.0004,0.011
112761.0,342.5446,50.6743,342.5446,50.6744,342.5425,50.6769,0.0,0.0001,0.0006,0.0051
112862.0,342.8401,-29.5367,342.8401,-29.5366,342.8371,-29.5361,0.0,-0.0002,0.0009,-0.0018
112724.0,342.4253,66.207,342.4251,66.207,342.42,66.2006,0.0,0.0001,0.0015,0.0097
112948.0,343.1377,-32.8744,343.1377,-32.8744,343.1317,-32.8756,0.0,-0.0002,0.0018,-0.0034
112864.0,342.8372,61.6973,342.8371,61.6974,342.845,61.6969,0.0,0.0001,0.0023,0.0006
112935.0,343.0932,9.8395,343.0932,9.8396,343.1004,9.8356,0.0,0.0007,0.0021,0.0401
112961.0,343.151,-7.5789,343.151,-7.5788,343.1538,-7.5797,0.0,-0.0009,0.0008,-0.0113
112917.0,343.0044,43.3112,343.0044,43.3112,343.0083,43.3125,0.0,0.0002,0.0011,0.0031
113044.0,343.4054,-48.5955,343.4054,-48.5954,343.4079,-48.5981,0.0,-0.0001,0.0007,-0.0053
113137.0,343.6587,-70.0792,343.6588,-70.0791,343.6642,-70.0736,0.0,-0.0001,0.0016,-0.0079
112519.0,341.8897,83.1552,341.8893,83.1553,341.8708,83.1539,0.0001,0.0001,0.0055,0.0016
112997.0,343.2541,16.8428,343.2541,16.8429,343.2596,16.8411,0.0,0.0004,0.0016,0.0102
112986.0,343.2244,50.4102,343.2243,50.4102,343.2179,50.4119,0.0,0.0001,0.0019,0.0035
113009.0,343.2916,40.1695,343.2915,40.1696,343.2971,40.1672,0.0,0.0002,0.0016,0.0058
112998.0,343.2619,60.1042,343.2618,60.1043,343.2658,60.1011,0.0,0.0001,0.0011,0.0051
113048.0,343.4105,44.75,343.4105,44.7501,343.4171,44.7492,0.0,0.0002,0.0019,0.0019
113136.0,343.6644,-15.8213,343.6644,-15.8212,343.6625,-15.8208,0.0,-0.0004,0.0006,-0.0027
113127.0,343.6378,-7.2026,343.6378,-7.2026,343.6421,-7.2047,0.0,-0.001,0.0012,-0.0291
113148.0,343.6935,-16.2694,343.6935,-16.2693,343.6896,-16.2719,0.0,-0.0004,0.0011,-0.0159
113084.0,343.5319,40.3766,343.5319,40.3766,343.5292,40.3769,0.0,0.0002,0.0008,0.0009
113189.0,343.815,-36.3862,343.815,-36.3861,343.8121,-36.3886,0.0,-0.0002,0.0008,-0.0067
113131.0,343.654,16.9397,343.6539,16.9398,343.6487,16.9417,0.0,0.0004,0.0015,0.0115
113167.0,343.7475,1.0641,343.7475,1.0641,343.7479,1.0647,0.0,0.0066,0.0001,0.0605
113184.0,343.7961,-4.9878,343.7961,-4.9877,343.7958,-4.9878,0.0,-0.0014,0.0001,-0.0004
113186.0,343.8065,8.8169,343.8064,8.817,343.8071,8.8158,0.0,0.0008,0.0002,0.0125
113174.0,343.759,37.0807,343.759,37.0808,343.7608,37.0769,0.0,0.0002,0.0005,0.0101
113234.0,343.9662,-31.6342,343.9661,-31.6342,343.9642,-31.6331,0.0,-0.0002,0.0006,-0.0037
113246.0,343.9875,-32.5396,343.9875,-32.5396,343.9871,-32.5397,0.0,-0.0002,0.0001,-0.0003
113283.0,344.0916,-31.5647,344.0916,-31.5646,344.1,-31.5656,0.0,-0.0002,0.0024,-0.0027
113307.0,344.1962,-47.9712,344.1962,-47.9711,344.1992,-47.9692,0.0,-0.0001,0.0009,-0.0042
113222.0,343.929,36.3514,343.929,36.3515,343.9354,36.3517,0.0,0.0002,0.0019,0.0008
113311.0,344.2159,11.8473,344.2158,11.8474,344.2146,11.8483,0.0,0.0006,0.0004,0.0084
113281.0,344.1034,41.6032,344.1033,41.6032,344.0983,41.6039,0.0,0.0002,0.0015,0.0017
113288.0,344.1171,49.7329,344.117,49.733,344.1083,49.7336,0.0,0.0001,0.0026,0.0014
113345.0,344.324,-4.8088,344.324,-4.8087,344.3217,-4.81,0.0,-0.0015,0.0007,-0.0259
113368.0,344.4017,-29.6213,344.4017,-29.6212,344.4129,-29.6222,0.0,-0.0002,0.0033,-0.0031
113357.0,344.3662,20.7653,344.3661,20.7654,344.3663,20.7689,0.0,0.0003,0.0,0.0173
113360.0,344.3864,3.806,344.3863,3.8061,344.3867,3.8103,0.0,0.0019,0.0001,0.1113
113327.0,344.2695,48.6825,344.2694,48.6826,344.2687,48.6842,0.0,0.0001,0.0002,0.0034
113447.0,344.6514,-35.5229,344.6514,-35.5228,344.6458,-35.5231,0.0,-0.0002,0.0016,-0.0005
113371.0,344.4168,39.3082,344.4168,39.3083,344.4196,39.3089,0.0,0.0002,0.0008,0.0016
113421.0,344.5602,-2.3943,344.5601,-2.3943,344.5646,-2.3953,0.0,-0.003,0.0013,-0.0392
113433.0,344.5953,-1.4072,344.5952,-1.4071,344.5987,-1.4103,0.0,-0.005,0.001,-0.2198
112833.0,342.7677,85.3699,342.7671,85.3699,342.7592,85.3736,0.0002,0.0001,0.0025,0.0044
113445.0,344.6444,9.3574,344.6444,9.3574,344.6462,9.3569,0.0,0.0008,0.0005,0.0044
113465.0,344.6806,7.3395,344.6806,7.3396,344.6775,7.3397,0.0,0.001,0.0009,0.0026
113503.0,344.7957,11.731,344.7957,11.7311,344.7992,11.7289,0.0,0.0006,0.001,0.0181
113532.0,344.9004,-29.4633,344.9004,-29.4632,344.8992,-29.4622,0.0,-0.0002,0.0004,-0.0035
113531.0,344.9019,-13.0738,344.9019,-13.0737,344.8988,-13.0708,0.0,-0.0005,0.0009,-0.0223
113501.0,344.7983,52.6556,344.7982,52.6556,344.7929,52.6544,0.0,0.0001,0.0015,0.0021
113498.0,344.7962,59.8159,344.7961,59.816,344.7875,59.8147,0.0,0.0001,0.0025,0.002
113116.0,343.5632,84.35,343.5627,84.3501,343.6033,84.3461,0.0001,0.0001,0.0117,0.0046
113669.0,345.3258,-28.8539,345.3258,-28.8539,345.3308,-28.8536,0.0,-0.0002,0.0015,-0.0011
113673.0,345.3421,-22.7876,345.342,-22.7875,345.3458,-22.7908,0.0,-0.0003,0.0011,-0.0141
113674.0,345.3483,-7.0636,345.3482,-7.0636,345.3483,-7.0611,0.0,-0.001,0.0,-0.0359
113686.0,345.3843,-4.716,345.3843,-4.7159,345.3821,-4.7114,0.0,-0.0015,0.0006,-0.0976
113784.0,345.6379,-36.4213,345.6379,-36.4212,345.6417,-36.4208,0.0,-0.0002,0.0011,-0.0013
113684.0,345.3725,57.1068,345.3724,57.1069,345.3779,57.1056,0.0,0.0001,0.0016,0.0021
113726.0,345.4854,42.3233,345.4853,42.3234,345.4804,42.3261,0.0,0.0002,0.0014,0.0066
113781.0,345.6337,-6.5738,345.6337,-6.5737,345.6358,-6.5742,0.0,-0.0011,0.0006,-0.0059
113801.0,345.6904,-20.87,345.6904,-20.8699,345.6846,-20.8706,0.0,-0.0003,0.0017,-0.0026
113783.0,345.6344,31.7826,345.6343,31.7827,345.6379,31.7806,0.0,0.0002,0.001,0.0064
113788.0,345.656,42.7577,345.6559,42.7578,345.6513,42.7578,0.0,0.0002,0.0014,0.0002
113860.0,345.8736,-34.7486,345.8736,-34.7485,345.8742,-34.7494,0.0,-0.0002,0.0002,-0.0024
113802.0,345.6882,44.0587,345.6881,44.0588,345.6883,44.0589,0.0,0.0002,0.0,0.0004
113969.0,346.2287,-68.8184,346.2288,-68.8184,346.2175,-68.8203,0.0,-0.0001,0.0032,-0.0027
113797.0,345.6838,55.2335,345.6837,55.2336,345.6825,55.2364,0.0,0.0001,0.0004,0.0052
113902.0,346.0025,-41.4801,346.0025,-41.4801,345.9979,-41.4783,0.0,-0.0002,0.0013,-0.0043
113896.0,345.9854,-4.7986,345.9854,-4.7985,345.9888,-4.7953,0.0,-0.0015,0.001,-0.0696
113889.0,345.9691,3.8157,345.9691,3.8158,345.9692,3.82,0.0,0.0019,0.0,0.1113
113957.0,346.1604,-53.9645,346.1604,-53.9644,346.165,-53.965,0.0,-0.0001,0.0013,-0.001
113881.0,345.9388,28.0748,345.9387,28.0748,345.9438,28.0828,0.0,0.0003,0.0014,0.0286
113853.0,345.8531,60.4485,345.853,60.4486,345.8488,60.4453,0.0,0.0001,0.0013,0.0053
113852.0,345.8357,58.5641,345.8356,58.5641,345.84,58.5647,0.0,0.0001,0.0012,0.0011
113864.0,345.8905,67.2142,345.8903,67.2143,345.8871,67.2092,0.0,0.0001,0.001,0.0076
113919.0,346.0335,50.0511,346.0334,50.0512,346.0458,50.0522,0.0,0.0001,0.0036,0.0023
113963.0,346.1898,15.2062,346.1898,15.2063,346.1904,15.2053,0.0,0.0005,0.0002,0.006
113996.0,346.2903,-7.6957,346.2903,-7.6956,346.2908,-7.6936,0.0,-0.0009,0.0001,-0.0274
113998.0,346.3076,-17.0802,346.3076,-17.0801,346.3033,-17.0792,0.0,-0.0004,0.0012,-0.0061
113994.0,346.2742,16.5662,346.2742,16.5662,346.2762,16.5631,0.0,0.0004,0.0006,0.0187
114005.0,346.3244,1.3056,346.3244,1.3056,346.3233,1.3069,0.0,0.0055,0.0003,0.1055
114258.0,347.0874,-79.4774,347.0876,-79.4773,347.0988,-79.4808,0.0001,-0.0001,0.0033,-0.0043
114131.0,346.724,-43.5196,346.724,-43.5196,346.72,-43.5206,0.0,-0.0002,0.0012,-0.0021
114081.0,346.5749,18.5203,346.5749,18.5203,346.5758,18.5175,0.0,0.0004,0.0003,0.0149
114119.0,346.668,-23.7419,346.668,-23.7418,346.6704,-23.7431,0.0,-0.0003,0.0007,-0.0048
114132.0,346.7196,-38.8938,346.7196,-38.8937,346.7233,-38.8922,0.0,-0.0002,0.0011,-0.0041
114159.0,346.7867,-49.6079,346.7868,-49.6078,346.7896,-49.6067,0.0,-0.0001,0.0008,-0.0025
114096.0,346.6332,19.9085,346.6332,19.9086,346.6329,19.9108,0.0,0.0004,0.0001,0.0116
114167.0,346.8172,-50.6864,346.8172,-50.6864,346.8113,-50.6864,0.0,-0.0001,0.0017,-0.0001
114268.0,347.1349,-73.5895,347.1351,-73.5894,347.1487,-73.5864,0.0,-0.0001,0.004,-0.0043
114144.0,346.7518,9.4112,346.7517,9.4112,346.7512,9.4094,0.0,0.0008,0.0002,0.0183
114155.0,346.7786,25.4672,346.7786,25.4672,346.7783,25.4683,0.0,0.0003,0.0001,0.0045
114104.0,346.6551,59.4237,346.655,59.4238,346.6538,59.4197,0.0,0.0001,0.0004,0.0067
114187.0,346.8608,32.8273,346.8608,32.8274,346.8654,32.8258,0.0,0.0002,0.0013,0.0045
114189.0,346.8638,21.137,346.8638,21.1371,346.8696,21.1342,0.0,0.0003,0.0017,0.0135
114174.0,346.822,46.0643,346.8219,46.0643,346.8254,46.0681,0.0,0.0002,0.001,0.0082
114162.0,346.8012,52.8137,346.8012,52.8138,346.7921,52.8164,0.0,0.0001,0.0026,0.005
114254.0,347.0866,-28.8228,347.0866,-28.8228,347.0875,-28.8233,0.0,-0.0003,0.0003,-0.0017
114163.0,346.7885,59.7242,346.7884,59.7243,346.7933,59.7275,0.0,0.0001,0.0014,0.0054
114200.0,346.911,46.3858,346.9109,46.3859,346.9138,46.3872,0.0,0.0002,0.0008,0.0031
114210.0,346.9308,49.2901,346.9307,49.2902,346.9392,49.2958,0.0,0.0001,0.0024,0.0116
114237.0,347.0478,44.562,347.0477,44.5621,347.0512,44.5617,0.0,0.0002,0.001,0.0008
114273.0,347.1682,2.1234,347.1682,2.1235,347.1704,2.1278,0.0,0.0034,0.0006,0.2049
114408.0,347.5515,-66.8572,347.5515,-66.8571,347.5488,-66.8575,0.0,-0.0001,0.0008,-0.0005
114550.0,348.0488,-80.9122,348.0491,-80.9122,348.05,-80.9128,0.0001,-0.0001,0.0003,-0.0007
114227.0,346.9809,64.226,346.9807,64.2261,346.9883,64.2225,0.0,0.0001,0.0022,0.0054
114341.0,347.3599,-21.1721,347.3599,-21.172,347.3617,-21.1725,0.0,-0.0003,0.0005,-0.0018
114366.0,347.4341,-28.0898,347.4341,-28.0897,347.4358,-28.0886,0.0,-0.0003,0.0005,-0.0041
114382.0,347.4921,-42.8615,347.4921,-42.8614,347.4888,-42.8606,0.0,-0.0002,0.001,-0.0021
114347.0,347.3815,8.6724,347.3815,8.6725,347.3812,8.6772,0.0,0.0008,0.0001,0.055
114371.0,347.4522,-14.5085,347.4521,-14.5085,347.4567,-14.5106,0.0,-0.0005,0.0013,-0.0138
114375.0,347.4758,-22.4552,347.4758,-22.4551,347.4783,-22.4575,0.0,-0.0003,0.0007,-0.0104
114407.0,347.5461,-40.5907,347.5461,-40.5907,347.5408,-40.5917,0.0,-0.0002,0.0015,-0.0023
114222.0,346.9811,75.3867,346.9809,75.3867,346.9746,75.3875,0.0001,0.0001,0.0019,0.0011
114421.0,347.5875,-45.2453,347.5875,-45.2452,347.59,-45.2467,0.0,-0.0002,0.0007,-0.003
114389.0,347.5071,9.8203,347.5071,9.8204,347.5062,9.8219,0.0,0.0007,0.0002,0.0166
114365.0,347.4348,59.3303,347.4347,59.3304,347.4338,59.3331,0.0,0.0001,0.0003,0.0046
114453.0,347.6916,-29.5247,347.6916,-29.5246,347.6942,-29.525,0.0,-0.0002,0.0007,-0.0011
114449.0,347.6754,17.5959,347.6753,17.5959,347.6775,17.5944,0.0,0.0004,0.0006,0.008
114430.0,347.6133,43.5502,347.6132,43.5503,347.6133,43.5442,0.0,0.0002,0.0,0.0139
114520.0,347.9321,8.7209,347.9321,8.721,347.9342,8.72,0.0,0.0008,0.0006,0.0106
114526.0,347.9554,26.8475,347.9553,26.8476,347.955,26.8472,0.0,0.0003,0.0001,0.0011
114626.0,348.3125,-49.622,348.3125,-49.6219,348.3125,-49.6189,0.0,-0.0001,0.0,-0.0063
114570.0,348.136,49.4027,348.1359,49.4027,348.1375,49.4064,0.0,0.0001,0.0004,0.0076
114607.0,348.2683,29.4372,348.2683,29.4373,348.2667,29.4417,0.0,0.0003,0.0005,0.0152
114622.0,348.2663,57.1657,348.2662,57.1658,348.3208,57.1683,0.0,0.0001,0.0157,0.0045
114641.0,348.3555,11.0678,348.3554,11.0679,348.3604,11.065,0.0,0.0007,0.0014,0.0253
114724.0,348.5817,-6.0503,348.5816,-6.0502,348.5808,-6.0489,0.0,-0.0012,0.0002,-0.0226
114775.0,348.7368,-41.1042,348.7368,-41.1041,348.7442,-41.1056,0.0,-0.0002,0.0021,-0.0033
114750.0,348.6657,-10.6866,348.6657,-10.6865,348.6675,-10.6886,0.0,-0.0007,0.0005,-0.0189
114714.0,348.5646,50.6142,348.5645,50.6142,348.5596,50.6178,0.0,0.0001,0.0014,0.0071
114725.0,348.5891,29.7753,348.589,29.7754,348.5904,29.7717,0.0,0.0002,0.0004,0.0123
114742.0,348.6528,24.1065,348.6527,24.1066,348.6521,24.1031,0.0,0.0003,0.0002,0.0145
114822.0,348.8905,-3.4951,348.8905,-3.495,348.8929,-3.4964,0.0,-0.0021,0.0007,-0.0377
114855.0,348.9707,-9.0872,348.9707,-9.0871,348.9729,-9.0878,0.0,-0.0008,0.0006,-0.0063
114844.0,348.9415,28.2446,348.9415,28.2446,348.9429,28.2478,0.0,0.0003,0.0004,0.0114
114745.0,348.6609,74.2373,348.6607,74.2374,348.6554,74.2311,0.0,0.0001,0.0016,0.0083
114863.0,348.9897,24.7764,348.9897,24.7765,348.9913,24.7711,0.0,0.0003,0.0004,0.0213
114921.0,349.1642,-44.4877,349.1642,-44.4876,349.1654,-44.4892,0.0,-0.0002,0.0004,-0.0033
114937.0,349.2063,-41.1934,349.2063,-41.1934,349.2075,-41.1944,0.0,-0.0002,0.0004,-0.0025
114996.0,349.3587,-58.2349,349.3587,-58.2348,349.3575,-58.2358,0.0,-0.0001,0.0003,-0.0016
115129.0,349.7738,-79.4717,349.774,-79.4717,349.7838,-79.4728,0.0,-0.0001,0.0028,-0.0013
114939.0,349.213,-7.724,349.213,-7.7239,349.2121,-7.7267,0.0,-0.001,0.0003,-0.0346
114831.0,348.9163,70.888,348.9161,70.8881,348.9075,70.8881,0.0,0.0001,0.0025,0.0
114971.0,349.2809,3.2838,349.2808,3.2838,349.2912,3.2822,0.0,0.0023,0.003,0.0467
114924.0,349.1693,53.2104,349.1692,53.2104,349.1762,53.2136,0.0,0.0001,0.002,0.0061
114904.0,349.1156,61.9627,349.1155,61.9628,349.1117,61.9631,0.0,0.0001,0.0011,0.0006
115062.0,349.5881,-67.4713,349.5882,-67.4712,349.5833,-67.4711,0.0,-0.0001,0.0014,-0.0003
115015.0,349.4197,-11.7136,349.4196,-11.7135,349.4167,-11.7131,0.0,-0.0006,0.0009,-0.0046
114981.0,349.3121,45.1645,349.3121,45.1645,349.3192,45.1642,0.0,0.0002,0.002,0.0006
115033.0,349.4733,-9.1784,349.4733,-9.1784,349.4758,-9.1825,0.0,-0.0008,0.0007,-0.0444
115054.0,349.5432,-40.8225,349.5432,-40.8224,349.5412,-40.8244,0.0,-0.0002,0.0006,-0.0047
115036.0,349.4844,45.4915,349.4844,45.4915,349.4838,45.4889,0.0,0.0002,0.0002,0.0057
115836.0,352.0495,-87.4802,352.0502,-87.4801,352.0154,-87.4822,0.0002,-0.0001,0.0097,-0.0023
115102.0,349.709,-32.532,349.709,-32.5319,349.7058,-32.5319,0.0,-0.0002,0.0009,-0.0001
115065.0,349.5979,41.7725,349.5978,41.7726,349.5975,41.7736,0.0,0.0002,0.0001,0.0027
115115.0,349.7354,-9.6085,349.7354,-9.6085,349.7404,-9.6108,0.0,-0.0008,0.0014,-0.0238
115126.0,349.7729,-13.4596,349.7729,-13.4595,349.7779,-13.4589,0.0,-0.0006,0.0014,-0.0053
114984.0,349.3302,75.2974,349.33,75.2975,349.3288,75.2992,0.0001,0.0001,0.0004,0.0024
115142.0,349.8493,-5.1241,349.8492,-5.1241,349.85,-5.1244,0.0,-0.0015,0.0002,-0.006
115144.0,349.8507,-18.0745,349.8507,-18.0745,349.8504,-18.0753,0.0,-0.0004,0.0001,-0.0041
115120.0,349.7549,45.1363,349.7549,45.1363,349.76,45.1372,0.0,0.0002,0.0014,0.0021
115178.0,349.9245,-33.7067,349.9244,-33.7066,349.93,-33.7081,0.0,-0.0002,0.0016,-0.004
115088.0,349.6385,68.1132,349.6384,68.1133,349.6562,68.1117,0.0,0.0001,0.0051,0.0023
115148.0,349.8643,34.7915,349.8642,34.7916,349.8642,34.7933,0.0,0.0002,0.0,0.0052
115152.0,349.8735,48.6263,349.8734,48.6264,349.8742,48.6253,0.0,0.0002,0.0002,0.0021
115171.0,349.9189,48.381,349.9189,48.3811,349.9233,48.3808,0.0,0.0002,0.0013,0.0004
115191.0,349.9739,42.076,349.9738,42.0761,349.9683,42.0781,0.0,0.0002,0.0016,0.0048
115272.0,350.2077,-50.3022,350.2077,-50.3022,350.2083,-50.3067,0.0,-0.0001,0.0002,-0.0088
115227.0,350.0826,5.3849,350.0826,5.385,350.0858,5.3814,0.0,0.0014,0.0009,0.0651
115257.0,350.1686,-5.9055,350.1686,-5.9054,350.1704,-5.9081,0.0,-0.0013,0.0005,-0.0429
115250.0,350.1554,23.7391,350.1554,23.7392,350.1592,23.7403,0.0,0.0003,0.0011,0.005
115218.0,350.0643,61.97,350.0642,61.97,350.0596,61.97,0.0,0.0001,0.0013,0.0001
115271.0,350.2058,30.4138,350.2058,30.4138,350.2067,30.415,0.0,0.0002,0.0002,0.0041
115312.0,350.3154,-26.9868,350.3154,-26.9868,350.3146,-26.9867,0.0,-0.0003,0.0002,-0.0006
115261.0,350.1881,44.1192,350.188,44.1192,350.1833,44.1164,0.0,0.0002,0.0014,0.0063
115280.0,350.2223,38.1866,350.2222,38.1867,350.2221,38.1822,0.0,0.0002,0.0001,0.0114
115245.0,350.1431,62.2178,350.143,62.2179,350.1442,62.2131,0.0,0.0001,0.0003,0.0076
115355.0,350.4744,31.8106,350.4743,31.8107,350.4788,31.8125,0.0,0.0002,0.0012,0.0059
115360.0,350.4925,26.6146,350.4924,26.6146,350.4925,26.6089,0.0,0.0003,0.0,0.0213
115433.0,350.7338,-60.0551,350.7338,-60.055,350.7371,-60.0558,0.0,-0.0001,0.0009,-0.0012
115404.0,350.6596,-15.04,350.6596,-15.04,350.6633,-15.0392,0.0,-0.0005,0.0011,-0.0057
115407.0,350.6684,20.8291,350.6684,20.8292,350.6688,20.8286,0.0,0.0004,0.0001,0.0023
115438.0,350.7445,-20.0979,350.7445,-20.0978,350.7425,-20.1006,0.0,-0.0004,0.0006,-0.0134
115444.0,350.77,12.3119,350.7699,12.3119,350.7692,12.3139,0.0,0.0006,0.0002,0.0164
115395.0,350.6271,60.1328,350.627,60.1329,350.6354,60.1336,0.0,0.0001,0.0024,0.0014
115510.0,350.9723,-53.8101,350.9723,-53.8101,350.9762,-53.8083,0.0,-0.0001,0.0011,-0.0033
115496.0,350.9414,-43.1253,350.9414,-43.1252,350.9392,-43.1244,0.0,-0.0002,0.0006,-0.0019
115537.0,351.0475,-51.8925,351.0475,-51.8924,351.0546,-51.8914,0.0,-0.0001,0.002,-0.0021
115500.0,350.9446,32.5339,350.9445,32.534,350.9479,32.5314,0.0,0.0002,0.001,0.0077
115528.0,351.0339,-18.6904,351.0338,-18.6903,351.0325,-18.6875,0.0,-0.0004,0.0004,-0.0154
115620.0,351.3268,-56.8519,351.3268,-56.8519,351.3308,-56.8492,0.0,-0.0001,0.0011,-0.0049
115567.0,351.1427,41.1139,351.1426,41.114,351.1458,41.1128,0.0,0.0002,0.0009,0.0028
115591.0,351.208,32.3857,351.208,32.3858,351.2117,32.385,0.0,0.0002,0.001,0.0021
115590.0,351.2134,62.2789,351.2133,62.2789,351.2096,62.2828,0.0,0.0001,0.0011,0.0063
115623.0,351.3384,23.4031,351.3383,23.4031,351.345,23.4042,0.0,0.0003,0.0019,0.0048
115669.0,351.5081,-20.6384,351.5081,-20.6383,351.5117,-20.6419,0.0,-0.0004,0.001,-0.0171
115713.0,351.6454,-52.7257,351.6454,-52.7257,351.6525,-52.7217,0.0,-0.0001,0.002,-0.0077
115756.0,351.7817,-66.58,351.7817,-66.5799,351.78,-66.5811,0.0,-0.0001,0.0005,-0.0017
115769.0,351.8114,-58.481,351.8115,-58.4809,351.8125,-58.4761,0.0,-0.0001,0.0003,-0.0083
115759.0,351.7899,-50.1535,351.7899,-50.1535,351.7879,-50.1572,0.0,-0.0002,0.0006,-0.0074
115738.0,351.7333,1.2589,351.7333,1.259,351.7333,1.2556,0.0,0.006,0.0,0.2656
115768.0,351.8136,1.12,351.8135,1.1201,351.8117,1.1225,0.0,0.0068,0.0005,0.2245
115755.0,351.7738,42.9124,351.7737,42.9125,351.7808,42.9119,0.0,0.0002,0.002,0.001
115833.0,351.9993,-35.5445,351.9993,-35.5444,352.0029,-35.5444,0.0,-0.0002,0.001,-0.0001
115806.0,351.9152,25.1704,351.9151,25.1705,351.9183,25.1672,0.0,0.0003,0.0009,0.0128
115830.0,351.9963,6.3787,351.9963,6.3787,351.9921,6.3789,0.0,0.0012,0.0012,0.0035
115839.0,352.0175,-11.45,352.0175,-11.45,352.0217,-11.4497,0.0,-0.0007,0.0012,-0.0028
115770.0,351.8186,70.3573,351.8185,70.3574,351.8192,70.3597,0.0,0.0001,0.0002,0.0034
115908.0,352.2592,-63.109,352.2592,-63.1089,352.2542,-63.1108,0.0,-0.0001,0.0014,-0.003
115907.0,352.2501,-44.5011,352.2501,-44.501,352.2533,-44.4978,0.0,-0.0002,0.0009,-0.0074
115906.0,352.2573,-9.2684,352.2573,-9.2684,352.2525,-9.2661,0.0,-0.0008,0.0014,-0.0251
115915.0,352.2711,23.0521,352.271,23.0522,352.2733,23.0478,0.0,0.0003,0.0006,0.0188
115919.0,352.2852,12.7626,352.2851,12.7626,352.2888,12.7606,0.0,0.0006,0.001,0.0157
115953.0,352.38,-4.5315,352.38,-4.5314,352.3838,-4.5328,0.0,-0.0017,0.0011,-0.029
115996.0,352.5261,49.1304,352.5261,49.1305,352.5308,49.1331,0.0,0.0002,0.0013,0.0053
115990.0,352.5166,58.5491,352.5165,58.5491,352.5083,58.5489,0.0,0.0001,0.0023,0.0003
116030.0,352.6584,38.663,352.6584,38.6631,352.6654,38.6619,0.0,0.0002,0.002,0.0028
116060.0,352.7542,-6.284,352.7542,-6.2839,352.7546,-6.2883,0.0,-0.0012,0.0001,-0.0693
116097.0,352.8628,-44.8437,352.8628,-44.8436,352.8625,-44.8436,0.0,-0.0002,0.0001,-0.0001
116076.0,352.8205,39.2363,352.8205,39.2364,352.8225,39.2364,0.0,0.0002,0.0006,0.0003
116106.0,352.882,-4.0876,352.8819,-4.0876,352.8812,-4.0872,0.0,-0.0019,0.0002,-0.0101
116118.0,352.9251,-21.3679,352.9251,-21.3678,352.9254,-21.3694,0.0,-0.0004,0.0001,-0.0074
116119.0,352.9334,28.4042,352.9334,28.4043,352.9296,28.4036,0.0,0.0003,0.0011,0.0021
116146.0,352.9932,-1.0895,352.9931,-1.0895,352.99,-1.0858,0.0,-0.007,0.0009,-0.3407
116250.0,353.3082,-77.3885,353.3083,-77.3884,353.3312,-77.3853,0.0,-0.0001,0.0065,-0.0041
116181.0,353.107,34.9525,353.107,34.9526,353.1025,34.9525,0.0,0.0002,0.0013,0.0001
116231.0,353.2396,-37.8196,353.2396,-37.8195,353.2429,-37.8183,0.0,-0.0002,0.0009,-0.0033
115746.0,351.667,87.3033,351.6662,87.3034,351.7533,87.3075,0.0002,0.0001,0.0245,0.0048
116247.0,353.3209,-20.9154,353.3209,-20.9153,353.3192,-20.9144,0.0,-0.0004,0.0005,-0.0044
116264.0,353.3675,22.4938,353.3675,22.4939,353.3671,22.4989,0.0,0.0003,0.0001,0.0226
116292.0,353.4344,45.0605,353.4343,45.0606,353.4279,45.0581,0.0,0.0002,0.0018,0.0054
116307.0,353.479,20.8425,353.4789,20.8426,353.4812,20.8408,0.0,0.0004,0.0006,0.008
116310.0,353.4891,31.3311,353.489,31.3311,353.4883,31.3253,0.0,0.0002,0.0002,0.0185
116323.0,353.5391,-1.2504,353.5391,-1.2503,353.5375,-1.2475,0.0,-0.0062,0.0004,-0.2336
116399.0,353.8081,-64.6911,353.8081,-64.691,353.8029,-64.6894,0.0,-0.0001,0.0015,-0.0025
116368.0,353.7088,-15.2467,353.7088,-15.2466,353.7058,-15.2458,0.0,-0.0005,0.0008,-0.0055
116354.0,353.6544,40.2334,353.6544,40.2335,353.6562,40.2364,0.0,0.0002,0.0005,0.0074
116355.0,353.6622,33.5027,353.6622,33.5028,353.6592,33.4972,0.0,0.0002,0.0009,0.0165
116389.0,353.7632,-42.6173,353.7632,-42.6172,353.7692,-42.615,0.0,-0.0002,0.0017,-0.0053
116365.0,353.6994,38.0225,353.6994,38.0226,353.6946,38.0239,0.0,0.0002,0.0014,0.0036
116428.0,353.8849,-7.4695,353.8848,-7.4694,353.8838,-7.4644,0.0,-0.001,0.0003,-0.0675
116380.0,353.7525,71.6455,353.7524,71.6455,353.7458,71.6422,0.0,0.0001,0.0019,0.0045
116465.0,353.9873,24.5594,353.9873,24.5594,353.9829,24.5611,0.0,0.0003,0.0012,0.0071
116495.0,354.0992,2.1024,354.0991,2.1024,354.0971,2.1022,0.0,0.0037,0.0006,0.0071
116505.0,354.1213,32.9051,354.1213,32.9052,354.1271,32.9042,0.0,0.0002,0.0016,0.0029
116539.0,354.276,-31.871,354.276,-31.8709,354.2725,-31.8708,0.0,-0.0002,0.001,-0.0006
116653.0,354.5846,-76.8668,354.5847,-76.8667,354.6004,-76.87,0.0,-0.0001,0.0045,-0.0042
116591.0,354.4144,-13.0615,354.4144,-13.0614,354.415,-13.0603,0.0,-0.0006,0.0002,-0.0091
116602.0,354.4636,-45.491,354.4636,-45.491,354.4625,-45.4925,0.0,-0.0002,0.0003,-0.0032
116592.0,354.4126,16.8274,354.4126,16.8274,354.4158,16.8256,0.0,0.0005,0.0009,0.0108
116584.0,354.3844,46.4633,354.3843,46.4633,354.3912,46.4581,0.0,0.0002,0.0019,0.0112
116582.0,354.3796,44.4334,354.3796,44.4334,354.3833,44.4292,0.0,0.0002,0.001,0.0094
116611.0,354.4837,18.3991,354.4837,18.3991,354.4867,18.4006,0.0,0.0004,0.0008,0.0081
116613.0,354.4847,46.2021,354.4846,46.2022,354.4942,46.1997,0.0,0.0002,0.0027,0.0052
116631.0,354.5315,43.2639,354.5314,43.264,354.5342,43.2681,0.0,0.0002,0.0008,0.0096
116737.0,354.8651,-46.6388,354.8651,-46.6387,354.8667,-46.6378,0.0,-0.0002,0.0005,-0.0021
116709.0,354.7925,50.468,354.7924,50.4681,354.7846,50.4717,0.0,0.0002,0.0022,0.0073
116758.0,354.943,-14.2197,354.943,-14.2196,354.9462,-14.2217,0.0,-0.0005,0.0009,-0.0137
116771.0,354.9838,5.6287,354.9838,5.6288,354.9875,5.6264,0.0,0.0014,0.001,0.0415
116768.0,354.9779,9.6815,354.9779,9.6816,354.9796,9.6772,0.0,0.0008,0.0005,0.0444
116714.0,354.8038,75.2983,354.8037,75.2983,354.7933,75.2928,0.0,0.0001,0.003,0.0073
116781.0,355.0152,37.653,355.0152,37.6531,355.0117,37.6525,0.0,0.0002,0.001,0.0013
116727.0,354.8348,77.6264,354.8347,77.6265,354.8367,77.6325,0.0,0.0001,0.0005,0.0079
116820.0,355.161,-32.0717,355.1609,-32.0716,355.1592,-32.0731,0.0,-0.0002,0.0005,-0.0044
116805.0,355.0929,44.3365,355.0928,44.3366,355.1021,44.3339,0.0,0.0002,0.0026,0.0058
116824.0,355.1633,36.7159,355.1633,36.7159,355.1692,36.7208,0.0,0.0002,0.0016,0.0135
116851.0,355.2791,-24.1593,355.2791,-24.1592,355.2792,-24.1603,0.0,-0.0003,0.0,-0.0041
116853.0,355.2881,-11.681,355.2881,-11.6809,355.2871,-11.6806,0.0,-0.0007,0.0003,-0.004
116889.0,355.3919,-18.0251,355.3919,-18.025,355.3937,-18.0272,0.0,-0.0004,0.0005,-0.0117
116876.0,355.3641,49.5124,355.364,49.5125,355.3621,49.5122,0.0,0.0002,0.0006,0.0004
116901.0,355.4444,-17.819,355.4444,-17.819,355.4408,-17.8164,0.0,-0.0004,0.001,-0.0149
116918.0,355.4871,7.2563,355.487,7.2564,355.4863,7.2506,0.0,0.0011,0.0002,0.079
116928.0,355.5149,1.7801,355.5148,1.7802,355.5117,1.78,0.0,0.0044,0.0009,0.0064
116912.0,355.4841,57.2584,355.4841,57.2585,355.4771,57.26,0.0,0.0001,0.002,0.0028
116941.0,355.5539,44.9944,355.5538,44.9945,355.5617,44.9919,0.0,0.0002,0.0022,0.0054
116957.0,355.6202,-15.4502,355.6202,-15.4501,355.6163,-15.4478,0.0,-0.0005,0.0011,-0.0155
116971.0,355.6776,-14.5426,355.6776,-14.5425,355.6804,-14.545,0.0,-0.0005,0.0008,-0.0165
116948.0,355.5798,64.5105,355.5797,64.5106,355.5867,64.5156,0.0,0.0001,0.0019,0.0078
116962.0,355.6237,61.6751,355.6236,61.6752,355.6312,61.6794,0.0,0.0001,0.0021,0.0071
117020.0,355.8436,10.3367,355.8436,10.3368,355.8433,10.3314,0.0,0.0008,0.0001,0.0519
117054.0,355.9525,-15.2803,355.9524,-15.2802,355.9562,-15.2844,0.0,-0.0005,0.0011,-0.0274
117105.0,356.0997,-70.4951,356.0998,-70.495,356.1058,-70.4903,0.0,-0.0001,0.0017,-0.0068
117125.0,356.1893,-78.789,356.1894,-78.789,356.1696,-78.7914,0.0,-0.0001,0.0055,-0.003
117088.0,356.0561,-64.4016,356.0561,-64.4015,356.05,-64.4044,0.0,-0.0001,0.0017,-0.0045
117073.0,355.9963,29.3586,355.9962,29.3586,355.9979,29.3617,0.0,0.0003,0.0005,0.0106
117089.0,356.0473,-18.2767,356.0473,-18.2767,356.0504,-18.2769,0.0,-0.0004,0.0009,-0.0011
117107.0,356.1213,-26.2471,356.1212,-26.247,356.1204,-26.2464,0.0,-0.0003,0.0002,-0.0025
117133.0,356.2001,55.8009,356.2001,55.801,356.2012,55.7997,0.0,0.0001,0.0003,0.0021
117219.0,356.5051,-40.1813,356.5051,-40.1813,356.505,-40.1825,0.0,-0.0002,0.0,-0.0029
117218.0,356.5029,-18.6777,356.5029,-18.6776,356.5038,-18.6781,0.0,-0.0004,0.0002,-0.0019
117221.0,356.5031,46.4238,356.503,46.4239,356.5088,46.4203,0.0,0.0002,0.0016,0.0077
117245.0,356.5979,3.4817,356.5979,3.4817,356.5979,3.4867,0.0,0.0023,0.0,0.1436
117265.0,356.6457,66.7798,356.6456,66.7798,356.6529,66.7822,0.0,0.0001,0.002,0.0037
117315.0,356.8116,-50.227,356.8116,-50.2269,356.8167,-50.2267,0.0,-0.0002,0.0014,-0.0006
117324.0,356.8498,-68.3961,356.8498,-68.396,356.8471,-68.3942,0.0,-0.0001,0.0007,-0.0029
117301.0,356.7718,58.6506,356.7718,58.6506,356.7646,58.6519,0.0,0.0001,0.002,0.0024
117314.0,356.8127,-11.9079,356.8127,-11.9079,356.8163,-11.9108,0.0,-0.0007,0.001,-0.0243
117299.0,356.7656,57.4526,356.7655,57.4526,356.7579,57.4514,0.0,0.0001,0.0022,0.0021
117340.0,356.8834,46.8345,356.8834,46.8346,356.8883,46.8325,0.0,0.0002,0.0014,0.0043
117375.0,356.9803,-2.7584,356.9803,-2.7583,356.9854,-2.7617,0.0,-0.0029,0.0014,-0.1177
117371.0,356.9813,67.8035,356.9812,67.8036,356.9783,67.8069,0.0,0.0001,0.0008,0.0051
117420.0,357.1378,-6.3803,357.1378,-6.3802,357.1354,-6.3806,0.0,-0.0012,0.0007,-0.0038
117445.0,357.2013,2.2179,357.2012,2.2179,357.2054,2.2142,0.0,0.0036,0.0012,0.1664
117452.0,357.2343,-28.1295,357.2343,-28.1295,357.2317,-28.1303,0.0,-0.0003,0.0008,-0.0026
117430.0,357.1689,64.8741,357.1688,64.8742,357.1625,64.8764,0.0,0.0001,0.0018,0.0035
117447.0,357.2165,62.2111,357.2164,62.2112,357.2092,62.2144,0.0,0.0001,0.002,0.0054
117450.0,357.2293,59.9773,357.2292,59.9774,357.2246,59.9789,0.0,0.0001,0.0013,0.0026
117472.0,357.2951,58.9659,357.295,58.966,357.3,58.9631,0.0,0.0001,0.0014,0.0048
117494.0,357.3842,-15.8639,357.3842,-15.8638,357.3817,-15.8611,0.0,-0.0005,0.0007,-0.0176
117491.0,357.3602,1.0794,357.3602,1.0795,357.3646,1.0761,0.0,0.0073,0.0012,0.3087
117507.0,357.4344,-62.8356,357.4344,-62.8355,357.4362,-62.8394,0.0,-0.0001,0.0005,-0.0061
117503.0,357.4159,36.4286,357.4158,36.4287,357.4208,36.4253,0.0,0.0002,0.0014,0.0092
117500.0,357.4162,28.8473,357.4161,28.8474,357.4142,28.8425,0.0,0.0003,0.0006,0.0168
117510.0,357.4613,-25.3314,357.4612,-25.3313,357.4567,-25.3314,0.0,-0.0003,0.0013,-0.0001
117541.0,357.5606,-9.9794,357.5606,-9.9793,357.5612,-9.9742,0.0,-0.0008,0.0002,-0.0521
117551.0,357.5867,51.6239,357.5866,51.624,357.5929,51.6217,0.0,0.0002,0.0017,0.0043
117567.0,357.6365,-14.3997,357.6365,-14.3996,357.6388,-14.4019,0.0,-0.0005,0.0006,-0.0154
117628.0,357.8387,9.3193,357.8387,9.3193,357.8383,9.3133,0.0,0.0009,0.0001,0.0637
117629.0,357.841,-18.9105,357.841,-18.9104,357.8388,-18.9089,0.0,-0.0004,0.0006,-0.0084
117689.0,358.0433,-82.0212,358.0435,-82.0211,358.0267,-82.0189,0.0,-0.0001,0.0047,-0.0028
117683.0,357.9883,2.9338,357.9883,2.9339,357.9913,2.9303,0.0,0.0027,0.0008,0.121
117681.0,357.9884,77.6022,357.9882,77.6022,357.99,77.5994,0.0,0.0001,0.0005,0.0035
117710.0,358.0948,21.6738,358.0948,21.6738,358.0975,21.6708,0.0,0.0004,0.0007,0.0135
117718.0,358.1201,19.1149,358.12,19.115,358.1221,19.1203,0.0,0.0004,0.0006,0.0281
117722.0,358.1263,-14.2492,358.1263,-14.2491,358.125,-14.2511,0.0,-0.0006,0.0004,-0.0133
117712.0,358.0729,75.5391,358.0727,75.5391,358.1046,75.5447,0.0,0.0001,0.0089,0.0075
117730.0,358.1524,10.9454,358.1524,10.9454,358.1546,10.9475,0.0,0.0007,0.0006,0.0196
117756.0,358.2111,-9.0011,358.211,-9.001,358.2104,-8.9967,0.0,-0.0009,0.0002,-0.0487
117761.0,358.2299,-3.1525,358.2299,-3.1525,358.2317,-3.1556,0.0,-0.0025,0.0005,-0.0956
117774.0,358.2668,2.0933,358.2667,2.0933,358.27,2.0906,0.0,0.0038,0.0009,0.1292
117797.0,358.3332,-24.2293,358.3332,-24.2292,358.3367,-24.2292,0.0,-0.0003,0.001,-0.0004
117860.0,358.5877,-27.0435,358.5877,-27.0434,358.5892,-27.0422,0.0,-0.0003,0.0004,-0.0047
117863.0,358.5929,57.5036,358.5929,57.5037,358.5958,57.4994,0.0,0.0001,0.0008,0.0073
117927.0,358.7818,7.075,358.7818,7.0751,358.7825,7.0711,0.0,0.0011,0.0002,0.0548
117931.0,358.8193,-31.9209,358.8192,-31.9209,358.8192,-31.9217,0.0,-0.0002,0.0,-0.0023
117932.0,358.8182,-31.8855,358.8182,-31.8854,358.8192,-31.8842,0.0,-0.0003,0.0003,-0.0042
117939.0,358.8435,25.9527,358.8435,25.9528,358.8458,25.955,0.0,0.0003,0.0006,0.0088
117957.0,358.8947,57.4169,358.8947,57.417,358.8904,57.4122,0.0,0.0001,0.0012,0.0081
117956.0,358.8923,47.3543,358.8922,47.3544,358.89,47.3558,0.0,0.0002,0.0006,0.0032
118029.0,359.129,-24.7383,359.129,-24.7382,359.1246,-24.7372,0.0,-0.0003,0.0012,-0.0042
118048.0,359.1734,22.6432,359.1733,22.6433,359.1729,22.6481,0.0,0.0004,0.0001,0.0214
118027.0,359.134,83.1874,359.1338,83.1874,359.1154,83.1911,0.0001,0.0001,0.0052,0.0045
118071.0,359.2635,42.6557,359.2634,42.6558,359.265,42.6583,0.0,0.0002,0.0004,0.0062
118076.0,359.2883,-26.6235,359.2883,-26.6234,359.2846,-26.6236,0.0,-0.0003,0.001,-0.0006
118077.0,359.2941,55.7045,359.294,55.7046,359.2854,55.7058,0.0,0.0001,0.0024,0.0024
118092.0,359.3359,-62.9542,359.336,-62.9541,359.3329,-62.9564,0.0,-0.0001,0.0008,-0.0035
118114.0,359.4253,-82.1666,359.4255,-82.1665,359.3862,-82.17,0.0,-0.0001,0.0109,-0.0041
118121.0,359.395,-64.2933,359.3951,-64.2933,359.3967,-64.2983,0.0,-0.0001,0.0004,-0.0078
118116.0,359.3837,60.0195,359.3837,60.0195,359.3896,60.0236,0.0,0.0001,0.0016,0.0069
118131.0,359.4388,25.1445,359.4388,25.1446,359.4396,25.1414,0.0,0.0003,0.0002,0.0125
118178.0,359.5897,-15.8481,359.5896,-15.848,359.5883,-15.8475,0.0,-0.0005,0.0004,-0.0036
118188.0,359.6027,51.3876,359.6026,51.3877,359.6033,51.3886,0.0,0.0002,0.0002,0.0019
118209.0,359.6686,-3.5584,359.6686,-3.5583,359.6683,-3.5561,0.0,-0.0023,0.0001,-0.0648
118224.0,359.7011,32.3781,359.701,32.3782,359.705,32.3817,0.0,0.0002,0.0011,0.011
118234.0,359.7279,-52.7511,359.7279,-52.751,359.7325,-52.7458,0.0,-0.0002,0.0013,-0.01
118214.0,359.6903,46.4099,359.6903,46.4099,359.6937,46.4131,0.0,0.0002,0.001,0.0069
118243.0,359.7431,55.7579,359.743,55.758,359.7521,55.755,0.0,0.0001,0.0025,0.0052
118268.0,359.8277,6.8654,359.8277,6.8655,359.8279,6.8633,0.0,0.0012,0.0001,0.0303
118277.0,359.8695,-29.4844,359.8695,-29.4843,359.8663,-29.485,0.0,-0.0003,0.0009,-0.0021
118281.0,359.8713,33.7267,359.8713,33.7268,359.8717,33.7244,0.0,0.0002,0.0001,0.0067
,359.8713,33.7267,359.8713,33.7268,359.8717,33.7244,0.0,0.0002,0.0001,0.0067
118322.0,359.9827,-65.5732,359.9827,-65.5732,359.9792,-65.5772,0.0,-0.0001,0.001,-0.0061
